#
# A fatal error has been detected by the Java Runtime Environment:
#
#  SIGSEGV (0xb) at pc=0x0000788c70331de1, pid=27564, tid=27595
#
# JRE version: OpenJDK Runtime Environment Zulu26.30+11-CA (26.0.1+8) (build 26.0.1+8)
# Java VM: OpenJDK 64-Bit Server VM Zulu26.30+11-CA (26.0.1+8, mixed mode, sharing, tiered, compressed oops, compressed class ptrs, g1 gc, linux-amd64)
# Problematic frame:
# C  [libjcef.so+0x61de1]  Context::Shutdown()+0x11
#
# Core dump will be written. Default location: Determined by the following: "/usr/lib/systemd/systemd-coredump %P %u %g %s %t 9223372036854775808 %h %d" (alternatively, falling back to /home/rok/NetBeansProjects/OpenPKM/core.27564)
#
# If you would like to submit a bug report, please visit:
#   http://www.azul.com/support/
# The crash happened outside the Java Virtual Machine in native code.
# See problematic frame for where to report the bug.
#

---------------  S U M M A R Y ------------

Command Line: -Djdk.home=/usr/lib/jvm/zulu-fx-26-amd64 -Dnetbeans.dirs=/home/rok/NetBeansProjects/OpenPKM/build/cluster:/usr/lib/apache-netbeans/ide:/usr/lib/apache-netbeans/platform -Dnetbeans.home=/usr/lib/apache-netbeans/platform -Dnetbeans.logger.console=true -ea -DTopSecurityManager.disable=true -Djava.lang.Runtime.level=FINE -Dapple.laf.useScreenMenuBar=true -Dapple.awt.application.appearance=system -Dsun.java2d.noddraw=true -Dsun.java2d.dpiaware=true -Dplugin.manager.check.updates=false -Dnetbeans.extbrowser.manual_chrome_plugin_install=yes --enable-native-access=ALL-UNNAMED --add-opens=java.base/java.net=ALL-UNNAMED --add-opens=java.base/java.lang.ref=ALL-UNNAMED --add-opens=java.base/java.lang=ALL-UNNAMED --add-opens=java.base/java.security=ALL-UNNAMED --add-opens=java.base/java.util=ALL-UNNAMED --add-opens=java.base/java.nio=ALL-UNNAMED --add-exports=java.base/sun.reflect.annotation=ALL-UNNAMED --add-opens=java.prefs/java.util.prefs=ALL-UNNAMED --add-opens=java.desktop/javax.swing.plaf.basic=ALL-UNNAMED --add-opens=java.desktop/javax.swing.text=ALL-UNNAMED --add-opens=java.desktop/javax.swing=ALL-UNNAMED --add-opens=java.desktop/java.awt=ALL-UNNAMED --add-opens=java.desktop/java.awt.event=ALL-UNNAMED --add-opens=java.desktop/sun.awt.X11=ALL-UNNAMED --add-opens=java.desktop/javax.swing.plaf.synth=ALL-UNNAMED --add-opens=java.desktop/com.sun.java.swing.plaf.gtk=ALL-UNNAMED --add-opens=java.desktop/com.sun.java.swing.plaf.windows=ALL-UNNAMED --add-opens=java.desktop/com.apple.laf=ALL-UNNAMED --add-opens=java.desktop/sun.awt.shell=ALL-UNNAMED --add-opens=java.desktop/sun.awt.im=ALL-UNNAMED --add-exports=java.desktop/sun.awt=ALL-UNNAMED --add-exports=java.desktop/java.awt.peer=ALL-UNNAMED --add-exports=java.desktop/com.sun.beans.editors=ALL-UNNAMED --add-exports=java.desktop/sun.swing=ALL-UNNAMED --add-exports=java.desktop/sun.awt.im=ALL-UNNAMED --add-exports=java.desktop/com.sun.java.swing.plaf.motif=ALL-UNNAMED --add-exports=java.desktop/com.apple.eio=ALL-UNNAMED --add-opens=jdk.compiler/com.sun.tools.javac.api=ALL-UNNAMED --add-opens=jdk.compiler/com.sun.tools.javac.code=ALL-UNNAMED --add-opens=jdk.compiler/com.sun.tools.javac.comp=ALL-UNNAMED --add-opens=jdk.compiler/com.sun.tools.javac.file=ALL-UNNAMED --add-opens=jdk.compiler/com.sun.tools.javac.jvm=ALL-UNNAMED --add-opens=jdk.compiler/com.sun.tools.javac.main=ALL-UNNAMED --add-opens=jdk.compiler/com.sun.tools.javac.model=ALL-UNNAMED --add-opens=jdk.compiler/com.sun.tools.javac.parser=ALL-UNNAMED --add-opens=jdk.compiler/com.sun.tools.javac.processing=ALL-UNNAMED --add-opens=jdk.compiler/com.sun.tools.javac.tree=ALL-UNNAMED --add-opens=jdk.compiler/com.sun.tools.javac.util=ALL-UNNAMED --add-exports=jdk.compiler/com.sun.tools.javac.api=ALL-UNNAMED --add-exports=jdk.compiler/com.sun.tools.javac.code=ALL-UNNAMED --add-exports=jdk.compiler/com.sun.tools.javac.comp=ALL-UNNAMED --add-exports=jdk.compiler/com.sun.tools.javac.file=ALL-UNNAMED --add-exports=jdk.compiler/com.sun.tools.javac.jvm=ALL-UNNAMED --add-exports=jdk.compiler/com.sun.tools.javac.main=ALL-UNNAMED --add-exports=jdk.compiler/com.sun.tools.javac.model=ALL-UNNAMED --add-exports=jdk.compiler/com.sun.tools.javac.parser=ALL-UNNAMED --add-exports=jdk.compiler/com.sun.tools.javac.processing=ALL-UNNAMED --add-exports=jdk.compiler/com.sun.tools.javac.tree=ALL-UNNAMED --add-exports=jdk.compiler/com.sun.tools.javac.util=ALL-UNNAMED --add-modules=jdk.jshell --add-opens=jdk.jshell/jdk.jshell=ALL-UNNAMED --add-exports=jdk.jshell/jdk.internal.jshell.debug=ALL-UNNAMED --add-exports=jdk.jdeps/com.sun.tools.classfile=ALL-UNNAMED --add-exports=jdk.jdeps/com.sun.tools.javap=ALL-UNNAMED --add-exports=jdk.internal.jvmstat/sun.jvmstat.monitor=ALL-UNNAMED --add-exports=jdk.internal.opt/jdk.internal.opt=ALL-UNNAMED --add-exports=java.management/sun.management=ALL-UNNAMED -XX:+HeapDumpOnOutOfMemoryError -XX:HeapDumpPath=/home/rok/NetBeansProjects/OpenPKM/build/testuserdir/var/log/heapdump.hprof org.netbeans.Main --cachedir /home/rok/NetBeansProjects/OpenPKM/build/testuserdir/var/cache --userdir /home/rok/NetBeansProjects/OpenPKM/build/testuserdir --branding openpkm

Host: Intel(R) Core(TM) i7-7500U CPU @ 2.70GHz, 4 cores, 15G, Linux Mint 22.3 Zena
Time: Tue Jul 14 02:33:32 2026 CEST elapsed time: 230.308144 seconds (0d 0h 3m 50s)

---------------  T H R E A D  ---------------

Current thread (0x0000788c1809fad0):  JavaThread "AWT-EventQueue-0"        [_thread_in_native, id=27595, stack(0x0000788c7184c000,0x0000788c7194c000) (1024K)]

Stack: [0x0000788c7184c000,0x0000788c7194c000],  sp=0x0000788c719499b0,  free space=1014k
Native frames: (J=compiled Java code, j=interpreted, Vv=VM code, C=native code)
C  [libjcef.so+0x61de1]  Context::Shutdown()+0x11
Java frames: (J=compiled Java code, j=interpreted, Vv=VM code)
j  org.cef.CefApp.N_Shutdown()V+0
j  org.cef.CefApp.access$600(Lorg/cef/CefApp;)V+1
j  org.cef.CefApp$5.run()V+31
J 16171 c2 java.awt.EventQueue.dispatchEvent(Ljava/awt/AWTEvent;)V java.desktop@26.0.1 (48 bytes) @ 0x0000788c8efaf2c0 [0x0000788c8efaee00+0x00000000000004c0]
J 11459 c1 org.netbeans.core.TimableEventQueue.dispatchEvent(Ljava/awt/AWTEvent;)V (43 bytes) @ 0x0000788c87d1eb3c [0x0000788c87d1ea00+0x000000000000013c]
J 11252 c1 java.awt.EventDispatchThread.pumpOneEventForFilters(I)V java.desktop@26.0.1 (106 bytes) @ 0x0000788c87cd5cb4 [0x0000788c87cd5380+0x0000000000000934]
j  java.awt.EventDispatchThread.pumpEventsForFilter(ILjava/awt/Conditional;Ljava/awt/EventFilter;)V+35 java.desktop@26.0.1
j  java.awt.EventDispatchThread.pumpEventsForHierarchy(ILjava/awt/Conditional;Ljava/awt/Component;)V+11 java.desktop@26.0.1
j  java.awt.EventDispatchThread.pumpEvents(ILjava/awt/Conditional;)V+4 java.desktop@26.0.1
j  java.awt.EventDispatchThread.pumpEvents(Ljava/awt/Conditional;)V+3 java.desktop@26.0.1
j  java.awt.WaitDispatchSupport$2.run()V+32 java.desktop@26.0.1
j  java.awt.WaitDispatchSupport.enter()Z+258 java.desktop@26.0.1
j  org.netbeans.core.NbLifecycleManager.finishExitState(Ljava/util/concurrent/CountDownLatch;Z)V+153
j  org.netbeans.core.NbLifecycleManager.exit(I)V+115
j  org.netbeans.core.NbLifecycleManager.exit()V+2
j  org.netbeans.core.windows.view.ui.MainWindow$4.windowClosing(Ljava/awt/event/WindowEvent;)V+3
j  java.awt.AWTEventMulticaster.windowClosing(Ljava/awt/event/WindowEvent;)V+8 java.desktop@26.0.1
j  java.awt.AWTEventMulticaster.windowClosing(Ljava/awt/event/WindowEvent;)V+8 java.desktop@26.0.1
j  java.awt.AWTEventMulticaster.windowClosing(Ljava/awt/event/WindowEvent;)V+8 java.desktop@26.0.1
j  java.awt.Window.processWindowEvent(Ljava/awt/event/WindowEvent;)V+68 java.desktop@26.0.1
j  javax.swing.JFrame.processWindowEvent(Ljava/awt/event/WindowEvent;)V+2 java.desktop@26.0.1
j  java.awt.Window.processEvent(Ljava/awt/AWTEvent;)V+69 java.desktop@26.0.1
J 13816 c1 java.awt.Component.dispatchEventImpl(Ljava/awt/AWTEvent;)V java.desktop@26.0.1 (785 bytes) @ 0x0000788c88233934 [0x0000788c88230080+0x00000000000038b4]
J 11912 c1 java.awt.Container.dispatchEventImpl(Ljava/awt/AWTEvent;)V java.desktop@26.0.1 (129 bytes) @ 0x0000788c87e31834 [0x0000788c87e31700+0x0000000000000134]
J 12558 c1 java.awt.Window.dispatchEventImpl(Ljava/awt/AWTEvent;)V java.desktop@26.0.1 (23 bytes) @ 0x0000788c87f78a14 [0x0000788c87f78480+0x0000000000000594]
J 13768 c1 java.awt.EventQueue.dispatchEventImpl(Ljava/awt/AWTEvent;Ljava/lang/Object;)V java.desktop@26.0.1 (139 bytes) @ 0x0000788c8820ec24 [0x0000788c8820e780+0x00000000000004a4]
J 9571 c1 java.awt.EventQueue.dispatchEvent(Ljava/awt/AWTEvent;)V java.desktop@26.0.1 (48 bytes) @ 0x0000788c87381444 [0x0000788c87381200+0x0000000000000244]
J 11459 c1 org.netbeans.core.TimableEventQueue.dispatchEvent(Ljava/awt/AWTEvent;)V (43 bytes) @ 0x0000788c87d1eb3c [0x0000788c87d1ea00+0x000000000000013c]
J 11252 c1 java.awt.EventDispatchThread.pumpOneEventForFilters(I)V java.desktop@26.0.1 (106 bytes) @ 0x0000788c87cd5cb4 [0x0000788c87cd5380+0x0000000000000934]
j  java.awt.EventDispatchThread.pumpEventsForFilter(ILjava/awt/Conditional;Ljava/awt/EventFilter;)V+35 java.desktop@26.0.1
j  java.awt.EventDispatchThread.pumpEventsForHierarchy(ILjava/awt/Conditional;Ljava/awt/Component;)V+11 java.desktop@26.0.1
j  java.awt.EventDispatchThread.pumpEvents(ILjava/awt/Conditional;)V+4 java.desktop@26.0.1
j  java.awt.EventDispatchThread.pumpEvents(Ljava/awt/Conditional;)V+3 java.desktop@26.0.1
j  java.awt.EventDispatchThread.run()V+9 java.desktop@26.0.1
v  ~StubRoutines::Stub Generator call_stub_stub 0x0000788c8e3385a2

siginfo: si_signo: 11 (SIGSEGV), si_code: 1 (SEGV_MAPERR), si_addr: 0x0000000000000000

Registers:
RAX=0x0000000000000000, RBX=0x0000788c58e543d0, RCX=0x0000000000000004, RDX=0x0000788c598caeb8
RSP=0x0000788c719499b0, RBP=0x0000000000000000, RSI=0x0000788c71949a50, RDI=0x0000000000000000
R8 =0x0000000000000000, R9 =0x000000000000000a, R10=0x0000788c8e34435e, R11=0x0000000000000112
R12=0x0000000000000000, R13=0x0000788c58e543d0, R14=0x0000788c71949a50, R15=0x0000788c1809fad0
RIP=0x0000788c70331de1, EFLAGS=0x0000000000010246, CSGSFS=0x002b000000000033, ERR=0x0000000000000004
  TRAPNO=0x000000000000000e

XMM[0]=0x0a0a0a0a0a0a0a0a 0x0a0a0a0a0a0a0a0a
XMM[1]=0x0000000000000000 0x0000000000000000
XMM[2]=0x0000000000000000 0x0000000000000000
XMM[3]=0x0000000000000000 0x0000788c8e33f008
XMM[4]=0x0000788c71949780 0x0000000000000000
XMM[5]=0x0000000000000000 0x0000788c1809fad0
XMM[6]=0x0000788c1809fad0 0x0000788bda820418
XMM[7]=0x0000000000000000 0x0000788c1809fad0
XMM[8]=0x00000000a25c0060 0x32df64b76b36e1d0
XMM[9]=0x00000000ffed4abc 0x00c821e66f22f388
XMM[10]=0x0000002d193e95a0 0x81a6e6c0f23eaa26
XMM[11]=0x0000000000000000 0xb9d538be128a591f
XMM[12]=0x0000000000000000 0x0000000058b52061
XMM[13]=0x0000000000000000 0x000000005defd5e8
XMM[14]=0x0000000000000000 0x6a5a165386998ceb
XMM[15]=0x0000000000000000 0x0000000000000000
  MXCSR=0x00001fa7


Register to memory mapping:

RAX=0x0 is null
RBX={method} {0x0000788c58e543d0} 'N_Shutdown' '()V' in 'org/cef/CefApp'
RCX=0x0000000000000004 is an unknown value
RDX=0x0000788c598caeb8 is pointing into metadata
RSP=0x0000788c719499b0 is pointing into the stack for thread: 0x0000788c1809fad0
RBP=0x0 is null
RSI=0x0000788c71949a50 is pointing into the stack for thread: 0x0000788c1809fad0
RDI=0x0 is null
R8 =0x0 is null
R9 =0x000000000000000a is an unknown value
R10=0x0000788c8e34435e is at code_begin+1150 in an Interpreter codelet
native method entry point (kind = native)  [0x0000788c8e343ee0, 0x0000788c8e344a10]  2864 bytes
R11=0x0000000000000112 is an unknown value
R12=0x0 is null
R13={method} {0x0000788c58e543d0} 'N_Shutdown' '()V' in 'org/cef/CefApp'
R14=0x0000788c71949a50 is pointing into the stack for thread: 0x0000788c1809fad0
R15=0x0000788c1809fad0 is a thread

Top of Stack: (sp=0x0000788c719499b0)
0x0000788c719499b0:   0000788c58e543d0 0000788c71949a30   .C.X.x..0..q.x..
0x0000788c719499c0:   0000000000000000 0000788c702f6ac1   .........j/p.x..
0x0000788c719499d0:   0000000000000000 0000788c8e3442c5   .........B4..x..
0x0000788c719499e0:   000000072a74b378 fffffffffffffff7   x.t*............
0x0000788c719499f0:   0000000000000000 0000000000000004   ................
0x0000788c71949a00:   0000788c598caeb8 0000000000000000   ...Y.x..........
0x0000788c71949a10:   0000000709b38260 0000788c58e543d0   `........C.X.x..
0x0000788c71949a20:   0000000000000000 0000788c71949a50   ........P..q.x..
0x0000788c71949a30:   0000788c71949aa0 0000788c8e33f738   ...q.x..8.3..x..
0x0000788c71949a40:   0000000000000000 0000788c8e341737   ........7.4..x..
0x0000788c71949a50:   000000070b478258 fffffffffffffff7   X.G.............
0x0000788c71949a60:   0000788c58e54ae1 0000000000000002   .J.X.x..........
0x0000788c71949a70:   0000788c598caeb8 0000000000000000   ...Y.x..........
0x0000788c71949a80:   0000000709b38260 0000788c58e54af8   `........J.X.x..
0x0000788c71949a90:   fffffffffffffff6 0000788c71949ab0   ...........q.x..
0x0000788c71949aa0:   0000788c71949b00 0000788c8e33f738   ...q.x..8.3..x..
0x0000788c71949ab0:   000000070b478258 fffffffffffffff7   X.G.............
0x0000788c71949ac0:   0000788c5b75e337 0000000000000002   7.u[.x..........
0x0000788c71949ad0:   0000788c5b75e538 0000000000000000   8.u[.x..........
0x0000788c71949ae0:   0000000729947818 0000788c5b75e360   .x.)....`.u[.x..
0x0000788c71949af0:   fffffffffffffff6 0000788c71949b20   ........ ..q.x..
0x0000788c71949b00:   00000000e52910ac 0000788c8efaf2c0   ..)..........x..
0x0000788c71949b10:   0000000729488560 0000788c8efaf2c0   `.H).........x..
0x0000788c71949b20:   0000000729488570 000000070a7cca10   p.H)......|.....
0x0000788c71949b30:   0000788c71949b70 00000007ffc10560   p..q.x..`.......
0x0000788c71949b40:   0000788c585be228 0000000729488570   (.[X.x..p.H)....
0x0000788c71949b50:   0000000729488570 0000788c8efaee10   p.H).........x..
0x0000788c71949b60:   0000788c71949cb8 0000000000000206   ...q.x..........
0x0000788c71949b70:   0000788c71949cb8 0000788c87d1eb3c   ...q.x..<....x..
0x0000788c71949b80:   0000000100000000 00000007ffc103b8   ................
0x0000788c71949b90:   0000000729488570 000000070a7cca10   p.H)......|.....
0x0000788c71949ba0:   0000000729488570 0000000700000000   p.H)............

Instructions: (pc=0x0000788c70331de1)
  0x0000788c70331ce1:   02 00 00 48 8b bc 24 80 02 00 00 e9 18 ff ff ff
  0x0000788c70331cf1:   48 8b b4 24 b0 00 00 00 48 8d 0d 80 c5 0a 00 48
  0x0000788c70331d01:   8d 15 79 c6 0a 00 4c 89 e7 e8 e1 89 01 00 84 c0
  0x0000788c70331d11:   74 10 c7 84 24 c0 01 00 00 04 00 00 00 e9 6e f9
  0x0000788c70331d21:   ff ff 48 8b b4 24 b0 00 00 00 48 8d 0d 60 c5 0a
  0x0000788c70331d31:   00 48 8d 15 47 c6 0a 00 4c 89 e7 e8 af 89 01 00
  0x0000788c70331d41:   3c 01 19 c0 f7 d0 83 e0 63 89 84 24 c0 01 00 00
  0x0000788c70331d51:   e9 3b f9 ff ff e8 f5 46 fc ff 48 8d 3d d6 a2 0a
  0x0000788c70331d61:   00 e8 39 45 fc ff 66 0f 1f 84 00 00 00 00 00 41
  0x0000788c70331d71:   54 55 53 48 89 fb bf 08 00 00 00 e8 4f 46 fc ff
  0x0000788c70331d81:   48 89 c7 48 89 c5 e8 a4 3e 03 00 4c 8b 63 08 48
  0x0000788c70331d91:   89 6b 08 4d 85 e4 74 1f 4c 89 e7 e8 df 3f 03 00
  0x0000788c70331da1:   5b 4c 89 e7 5d be 08 00 00 00 41 5c e9 4e 46 fc
  0x0000788c70331db1:   ff 66 0f 1f 44 00 00 5b 5d 41 5c c3 0f 1f 00 e9
  0x0000788c70331dc1:   4b f0 04 00 66 2e 0f 1f 84 00 00 00 00 00 90 41
  0x0000788c70331dd1:   54 55 48 89 fd 53 e8 64 f1 04 00 e8 ef c9 fe ff
=>0x0000788c70331de1:   80 7d 00 00 74 13 bb 0a 00 00 00 0f 1f 40 00 e8
  0x0000788c70331df1:   1b f0 04 00 83 eb 01 75 f6 4c 8b 65 08 48 c7 45
  0x0000788c70331e01:   08 00 00 00 00 4d 85 e4 74 15 4c 89 e7 e8 6d 3f
  0x0000788c70331e11:   03 00 be 08 00 00 00 4c 89 e7 e8 e0 45 fc ff 5b
  0x0000788c70331e21:   5d 41 5c e9 d7 ef 04 00 0f 1f 80 00 00 00 00 c3
  0x0000788c70331e31:   66 2e 0f 1f 84 00 00 00 00 00 0f 1f 44 00 00 31
  0x0000788c70331e41:   c0 c3 66 2e 0f 1f 84 00 00 00 00 00 0f 1f 00 31
  0x0000788c70331e51:   c0 c3 66 2e 0f 1f 84 00 00 00 00 00 0f 1f 00 c3
  0x0000788c70331e61:   66 2e 0f 1f 84 00 00 00 00 00 0f 1f 44 00 00 31
  0x0000788c70331e71:   c0 c3 66 2e 0f 1f 84 00 00 00 00 00 0f 1f 00 31
  0x0000788c70331e81:   c0 c3 66 2e 0f 1f 84 00 00 00 00 00 0f 1f 00 c3
  0x0000788c70331e91:   66 2e 0f 1f 84 00 00 00 00 00 0f 1f 44 00 00 48
  0x0000788c70331ea1:   8d 05 a9 e5 0e 00 48 83 c7 08 48 89 47 f8 e9 3c
  0x0000788c70331eb1:   f7 00 00 66 66 2e 0f 1f 84 00 00 00 00 00 90 48
  0x0000788c70331ec1:   8b 07 48 03 78 c8 48 8d 05 82 e5 0e 00 48 89 07
  0x0000788c70331ed1:   48 83 c7 08 e9 16 f7 00 00 66 0f 1f 44 00 00 48


Stack slot to memory mapping:

stack at sp + 0 slots: {method} {0x0000788c58e543d0} 'N_Shutdown' '()V' in 'org/cef/CefApp'
stack at sp + 1 slots: 0x0000788c71949a30 is pointing into the stack for thread: 0x0000788c1809fad0
stack at sp + 2 slots: 0x0 is null
stack at sp + 3 slots: 0x0000788c702f6ac1: Java_org_cef_CefApp_N_1Shutdown+0x0000000000000011 in /home/rok/NetBeansProjects/OpenPKM/build/testuserdir/jcef-bundle/libjcef.so at 0x0000788c702d0000
stack at sp + 4 slots: 0x0 is null
stack at sp + 5 slots: 0x0000788c8e3442c5 is at code_begin+997 in an Interpreter codelet
native method entry point (kind = native)  [0x0000788c8e343ee0, 0x0000788c8e344a10]  2864 bytes
stack at sp + 6 slots: 0x000000072a74b378 is an oop: org.netbeans.core.execution.WriterPrintStream 
{0x000000072a74b378} - klass: 'org/netbeans/core/execution/WriterPrintStream' - flags: 

 - ---- fields (total size 6 words):
 - private volatile 'closed' 'Z' @12  false (0x00)
 - protected 'out' 'Ljava/io/OutputStream;' @16  a 'org/netbeans/core/execution/ExecutionEngine$SysOut'{0x000000072a74b3a8} (0xe54e9675)
 - private final 'closeLock' 'Ljava/lang/Object;' @20  a 'java/lang/Object'{0x000000072a74b3b8} (0xe54e9677)
 - private final 'autoFlush' 'Z' @13  true (0x01)
 - private 'trouble' 'Z' @14  false (0x00)
 - private 'closing' 'Z' @15  false (0x00)
 - private 'formatter' 'Ljava/util/Formatter;' @24  null (0x00000000)
 - private final 'charset' 'Ljava/nio/charset/Charset;' @28  a 'sun/nio/cs/UTF_8'{0x00000007ffc17b40} (0xfff82f68)
 - private 'textOut' 'Ljava/io/BufferedWriter;' @32  a 'java/io/BufferedWriter'{0x000000072a74b6b8} (0xe54e96d7)
 - private 'charOut' 'Ljava/io/OutputStreamWriter;' @36  a 'java/io/OutputStreamWriter'{0x000000072a74b3c8} (0xe54e9679)
 - private 'stdOut' 'Z' @40  true (0x01)
stack at sp + 7 slots: 0xfffffffffffffff7 is an unknown value

Lock stack of current Java thread (top to bottom):


Compiled method (c2) 230314 16171       4       java.awt.EventQueue::dispatchEvent (48 bytes)
 total in heap  [0x0000788c8efaed08,0x0000788c8efafda0] = 4248
 main code      [0x0000788c8efaee00,0x0000788c8efafd18] = 3864
 stub code      [0x0000788c8efafd18,0x0000788c8efafd88] = 112
 oops           [0x0000788c8efafd88,0x0000788c8efafda0] = 24
 mutable data [0x0000788c447dc770,0x0000788c447dca70] = 768
 relocation     [0x0000788c447dc770,0x0000788c447dc8f0] = 384
 metadata       [0x0000788c447dc8f0,0x0000788c447dca70] = 384
 immutable data [0x0000788c447dbff0,0x0000788c447dc764] = 1908
 dependencies   [0x0000788c447dbff0,0x0000788c447dc050] = 96
 nul chk table  [0x0000788c447dc050,0x0000788c447dc098] = 72
 handler table  [0x0000788c447dc098,0x0000788c447dc1a0] = 264
 scopes pcs     [0x0000788c447dc1a0,0x0000788c447dc450] = 688
 scopes data    [0x0000788c447dc450,0x0000788c447dc760] = 784

[Constant Pool (empty)]


Loading hsdis library failed, undisassembled code is shown in MachCode section
[MachCode]
[Instructions begin]
  0x0000788c8efaee00: 6690 448b | 5608 443b 

  0x0000788c8efaee08: ;   {runtime_call Shared Runtime ic_miss_blob}
  0x0000788c8efaee08: 5008 0f85 | d068 3dff 
[Verified Entry Point]
  0x0000788c8efaee10: 8984 2400 | c0fe ff55 | 4883 ec50 | 4181 7f20 | 0900 0000 | 0f85 dd0e | 0000 4889 | 5424 3044 
  0x0000788c8efaee30: 8b52 0c4c | 8bce 8b6e | 4c0f 1f80 | 0000 0000 | 85ed 0f85 | 5309 0000 | c642 1a01 | 448b 4208 
  0x0000788c8efaee50: be00 0000 | 2549 03f0 | 4c8b 6e50 | 0f1f 4000 

  0x0000788c8efaee60: ;   {metadata('java/awt/event/InvocationEvent')}
  0x0000788c8efaee60: 4181 f870 | ce09 010f | 84f8 0000 

  0x0000788c8efaee6c: ;   {metadata('java/awt/event/ComponentEvent')}
  0x0000788c8efaee6c: 0041 81f8 | 88fa 0901 | 0f84 5b00 | 0000 4c8b 

  0x0000788c8efaee7c: ;   {metadata('java/awt/ActiveEvent')}
  0x0000788c8efaee7c: 5e20 48b8 | 08ca 0926 | 0000 0000 | 4c3b d80f | 84d4 0000 | 0048 33ff | 4c8b 9ea8 | 0000 0049 
  0x0000788c8efaee9c: 8bd3 48c1 | e230 0f89 | 2100 0000 | f348 0fb8 | d248 8b5e | 2848 3b04 | d374 1549 | 0fba e310 
  0x0000788c8efaeebc: 730b 49c1 

  0x0000788c8efaeec0: ;   {runtime_call Stub::Stub Generator lookup_secondary_supers_table_slow_path_stub}
  0x0000788c8efaeec0: cb0f e8e6 | e03b ffeb | 0348 ffc7 | 4885 ff0f | 8490 0000 | 0047 8b44 

  0x0000788c8efaeed8: ;   {metadata('java/awt/Component')}
  0x0000788c8efaeed8: d408 49bb | 3041 0926 | 0000 0000 | b900 0000 | 2549 03c8 | 4c8b 4138 | 4d3b c30f | 8587 0900 
  0x0000788c8efaeef8: 004c 892c | 2448 8b6c | 2430 4b8d | 34d4 488b | d548 b810 | 8a8a 448c 

  0x0000788c8efaef10: ;   {virtual_call}
  0x0000788c8efaef10: 7800 00e8 

  0x0000788c8efaef14: ; ImmutableOopMap {rbp=Oop }
                      ;*invokevirtual dispatchEventImpl {reexecute=0 rethrow=0 return_oop=0}
                      ; - java.awt.Component::dispatchEvent@2 (line 4784)
                      ; - java.awt.EventQueue::dispatchEventImpl@41 (line 716)
                      ; - java.awt.EventQueue::dispatchEvent@22 (line 693)
  0x0000788c8efaef14: c86d 3dff 

  0x0000788c8efaef18: ;   {post_call_nop}
  0x0000788c8efaef18: 0f1f 8400 | 1002 0000 | 4c8b 1424 

  0x0000788c8efaef24: ;   {metadata('java/awt/event/InputEvent')}
  0x0000788c8efaef24: 49bb f0fc | 0926 0000 | 0000 4d3b | d30f 85bf 

  0x0000788c8efaef34: ;   {oop(a 'java/lang/Class'{0x0000000707d76068} = 'sun/awt/AWTAccessor')}
  0x0000788c8efaef34: 0300 0049 | ba68 60d7 | 0707 0000 | 0045 8b82 | 8c00 0000 

  0x0000788c8efaef48: ; implicit exception: dispatches to 0x0000788c8efafa60
  0x0000788c8efaef48: 478b 54c4 

  0x0000788c8efaef4c: ;   {metadata('java/awt/event/InputEvent$1')}
  0x0000788c8efaef4c: 0841 81fa | b814 0a01 | 0f85 4209 | 0000 4488 | 6528 6690 | e991 0300 | 0041 8b69 | 2c45 8b54 
  0x0000788c8efaef6c: ;   {metadata('java/util/concurrent/locks/ReentrantLock')}
  0x0000788c8efaef6c: ec08 4181 | fa88 b11c | 000f 853d | 0800 004d | 8d14 ec41 | 8b5a 0c45 | 8b5c dc08 | 498d 3cdc 
  0x0000788c8efaef8c: 4d8b 9750 | 0400 0049 | 8b0a 6666 | 0f1f 8400 | 0000 0000 

  0x0000788c8efaefa0: ;   {metadata('java/util/concurrent/locks/ReentrantLock$NonfairSync')}
  0x0000788c8efaefa0: 4181 fb18 | 7c2d 000f | 8510 0400 | 0033 c041 | ba01 0000 | 00f0 440f | b157 1841 | 0f94 c345 
  0x0000788c8efaefc0: 0fb6 db45 | 85db 7532 | 448b 5f0c | 4d8b d349 | c1e2 034c | 3bd1 0f85 | 1704 0000 | 8b6f 18ff 
  0x0000788c8efaefe0: c585 ed0f | 8c6f 0800 | 0089 6f18 | f083 4424 | c000 41bb | 0100 0000 | eb40 4c8d | 5f0c 4180 
  0x0000788c8efaf000: 7f48 000f | 850b 0b00 | 0048 8bd1 | 48c1 ea03 | 4189 134d | 8bd3 4c33 | d149 c1ea | 1574 154d 
  0x0000788c8efaf020: 8bd3 49c1 | ea09 4d03 | 5750 4180 | 3aff 7504 | 41c6 0200 | 41bb 0100 | 0000 660f | 1f44 0000 
  0x0000788c8efaf040: 4585 db0f | 84b2 0300 

  0x0000788c8efaf048: ;   {oop(a 'java/lang/Class'{0x00000007ffc9f2e8} = 'java/awt/EventQueue')}
  0x0000788c8efaf048: 0049 bae8 | f2c9 ff07 | 0000 0041 | 0fb6 aab0 | 0000 000f | 1f44 0000 | 85ed 0f85 | 8407 0000 
  0x0000788c8efaf068: 418b 6934 | 4c8b d549 | c1e2 0349 | 3bca 0f85 | 9007 0000 | 498b 87b0 | 0100 004c | 8bd0 4983 
  0x0000788c8efaf088: c220 4d3b | 97c0 0100 | 000f 8307 | 0600 004d | 8997 b001 | 0000 410f | 0d8a c000 | 0000 48c7 
  0x0000788c8efaf0a8: 0001 0000 

  0x0000788c8efaf0ac: ;   {metadata('java/lang/ref/WeakReference')}
  0x0000788c8efaf0ac: 00c7 4008 | a88a 1a00 | 4c89 6010 | 4c89 6018 | 4c8b 5424 | 304d 8bda | 49c1 eb03 | 4489 580c 
  0x0000788c8efaf0cc: ;   {oop(a 'java/lang/ref/ReferenceQueue$Null'{0x00000007ffc094c0})}
  0x0000788c8efaf0cc: 41ba 9812 | f8ff 4c8d | 5810 4589 | 13f0 8344 | 24c0 004d | 8d51 4041 | 807f 4800 | 0f85 a00a 
  0x0000788c8efaf0ec: 0000 488b | d048 c1ea | 0341 8912 | 498b ea48 | 33e8 48c1 | ed15 7415 | 498b ea48 | c1ed 0949 
  0x0000788c8efaf10c: 036f 5080 | 7d00 ff75 | 04c6 4500 

  0x0000788c8efaf118: ;   {metadata('java/awt/event/InputEvent')}
  0x0000788c8efaf118: 0049 baf0 | fc09 2600 | 0000 004d | 3bea 0f85 | 2402 0000 | 4c8b 5424 | 304c 8b5e | 584d 8b52 
  0x0000788c8efaf138: ;   {metadata('java/awt/event/KeyEvent')}
  0x0000788c8efaf138: 2049 b848 | 0b0a 2600 | 0000 004d | 3bd8 7504 | 4d89 5118 | 418b 692c | 4d8b 5910 | 4d3b d34d 
  0x0000788c8efaf158: 0f4c d34d | 8951 1090 

  0x0000788c8efaf160: ; implicit exception: dispatches to 0x0000788c8efaf9f0
  0x0000788c8efaf160: 458b 54ec 

  0x0000788c8efaf164: ;   {metadata('java/util/concurrent/locks/ReentrantLock')}
  0x0000788c8efaf164: 0841 81fa | 88b1 1c00 | 0f85 6606 | 0000 4d8d | 14ec 458b | 4a0c 478b | 54cc 1843 | 8b6c cc0c 
  0x0000788c8efaf184: 4c8b dd49 | c1e3 034c | 3bd9 0f85 | 9406 0000 | 4183 fa01 | 7404 33d2 | eb1f 33d2 | 4183 fa01 
  0x0000788c8efaf1a4: 0f94 c24d | 33db 4b8d | 4ccc 0c41 | 807f 4800 | 0f85 570a | 0000 4489 | 1941 ffca | 4789 54cc 
  0x0000788c8efaf1c4: 18f0 8344 | 24c0 0085 | d20f 84a5 | 0000 0047 | 8b5c cc10 | 0f1f 8400 | 0000 0000 | 4585 db0f 
  0x0000788c8efaf1e4: 848f 0000 | 0047 8b44 | dc14 4585 | c00f 8481 | 0000 0047 | 8b54 c40c | 0f1f 4000 | 4585 d20f 
  0x0000788c8efaf204: 846f 0000 | 0043 8b44 | c40c 448b | d841 83e3 | fef0 470f | b15c c40c | 400f 94c5 | 400f b6ed 
  0x0000788c8efaf224: 85ed 0f84 | a006 0000 | 478b 54c4 | 1845 85d2 | 7442 478b | 5cd4 084b 

  0x0000788c8efaf23c: ;   {metadata('java/lang/BaseVirtualThread')}
  0x0000788c8efaf23c: 8d14 d449 | baa8 4d19 | 2500 0000 | 0041 b800 | 0000 254d | 03c3 4d8b | 5840 4d3b | da0f 858e 
  0x0000788c8efaf25c: ;   {oop(a 'java/lang/System$1'{0x0000000707dcc2b0})}
  0x0000788c8efaf25c: 0300 0048 | beb0 c2dc | 0707 0000 

  0x0000788c8efaf268: ;   {optimized virtual_call}
  0x0000788c8efaf268: 0066 90e8 

  0x0000788c8efaf26c: ; ImmutableOopMap {[48]=Oop }
                      ;*invokeinterface unparkVirtualThread {reexecute=0 rethrow=0 return_oop=0}
                      ; - java.util.concurrent.locks.LockSupport::unpark@15 (line 181)
                      ; - java.util.concurrent.locks.AbstractQueuedSynchronizer::signalNext@30 (line 646)
                      ; - java.util.concurrent.locks.AbstractQueuedSynchronizer::release@12 (line 1100)
                      ; - java.util.concurrent.locks.ReentrantLock::unlock@5 (line 495)
                      ; - java.awt.EventQueue::setCurrentEventAndMostRecentTimeImpl@168 (line 1227)
                      ; - java.awt.EventQueue::dispatchEventImpl@14 (line 713)
                      ; - java.awt.EventQueue::dispatchEvent@22 (line 693)
  0x0000788c8efaf26c: 7067 3dff 

  0x0000788c8efaf270: ;   {post_call_nop}
  0x0000788c8efaf270: 0f1f 8400 | 6805 0001 | 488b 7424 | 3044 8b56 

  0x0000788c8efaf280: ;   {metadata('java/awt/event/InvocationEvent')}
  0x0000788c8efaf280: 0841 81fa | 70ce 0901 | 0f85 1101 | 0000 4889 | 3424 440f | b656 1d8b | 6e28 660f | 1f44 0000 
  0x0000788c8efaf2a0: 4585 d20f | 8516 0300 | 0048 8bf5 | 48c1 e603 | 9048 b838 | 8a8a 448c 

  0x0000788c8efaf2b8: ;   {virtual_call}
  0x0000788c8efaf2b8: 7800 00e8 

  0x0000788c8efaf2bc: ; ImmutableOopMap {[0]=Oop }
                      ;*invokeinterface run {reexecute=0 rethrow=0 return_oop=0}
                      ; - java.awt.event.InvocationEvent::dispatch@47 (line 323)
                      ; - java.awt.EventQueue::dispatchEventImpl@21 (line 714)
                      ; - java.awt.EventQueue::dispatchEvent@22 (line 693)
  0x0000788c8efaf2bc: 517c 3dff 

  0x0000788c8efaf2c0: ;   {post_call_nop}
  0x0000788c8efaf2c0: 0f1f 8400 | b805 0002 | 4c8b 1424 | 41c6 421c | 01f0 8344 | 24c0 0045 | 3b62 2c0f | 1f44 0000 
  0x0000788c8efaf2e0: 0f85 6701 | 0000 4c8b | 1424 418b | 6a30 85ed | 0f85 4e05 | 0000 4883 | c450 5d49 | 3ba7 9805 
  0x0000788c8efaf300: 0000 0f82 | 3d00 0000 | 498b ff40 | f6c4 0f0f | 8412 0000 | 0048 83ec 

  0x0000788c8efaf318: ;   {runtime_call SharedRuntime::enable_stack_reserved_zone(JavaThread*)}
  0x0000788c8efaf318: 08e8 b25e | 3217 4883 | c408 e905 

  0x0000788c8efaf324: ;   {runtime_call SharedRuntime::enable_stack_reserved_zone(JavaThread*)}
  0x0000788c8efaf324: 0000 00e8 | a45e 3217 

  0x0000788c8efaf32c: ;   {runtime_call Shared Runtime throw_delayed_StackOverflowError_blob}
  0x0000788c8efaf32c: e9af 593d 

  0x0000788c8efaf330: ;   {external_word}
  0x0000788c8efaf330: ff48 bf98 | 4667 a68c | 7800 0048 

  0x0000788c8efaf33c: ;   {runtime_call MacroAssembler::debug64(char*, long, long*)}
  0x0000788c8efaf33c: 83e4 f0e8 | cc1f 1417 

  0x0000788c8efaf344: ;   {poll_return}
  0x0000788c8efaf344: f449 3b67 | 280f 87a2 | 0900 00c3 

  0x0000788c8efaf350: ;   {metadata('java/awt/event/InputMethodEvent')}
  0x0000788c8efaf350: 4181 f898 | ff09 0175 | 0e4c 8b54 | 2430 4d8b | 5220 e9e5 | fdff ff4c 

  0x0000788c8efaf368: ;   {metadata('java/awt/event/ActionEvent')}
  0x0000788c8efaf368: 8b56 4849 | bb28 020a | 2600 0000 | 004d 3bd3 | 0f84 3605 

  0x0000788c8efaf37c: ;   {metadata('java/awt/event/InvocationEvent')}
  0x0000788c8efaf37c: 0000 49bb | 70ce 0926 | 0000 0000 | 4d3b d30f | 8578 0200 | 004c 8b54 | 2430 4d8b | 5220 e9ad 
  0x0000788c8efaf39c: fdff ff66 | 9048 b860 | 8a8a 448c 

  0x0000788c8efaf3a8: ;   {virtual_call}
  0x0000788c8efaf3a8: 7800 00e8 

  0x0000788c8efaf3ac: ; ImmutableOopMap {}
                      ;*invokeinterface dispatch {reexecute=0 rethrow=0 return_oop=0}
                      ; - java.awt.EventQueue::dispatchEventImpl@21 (line 714)
                      ; - java.awt.EventQueue::dispatchEvent@22 (line 693)
  0x0000788c8efaf3ac: 3069 3dff 

  0x0000788c8efaf3b0: ;   {post_call_nop}
  0x0000788c8efaf3b0: 0f1f 8400 | a806 0003 | e939 ffff | ff66 6690 

  0x0000788c8efaf3c0: ;   {metadata('java/util/concurrent/locks/ReentrantLock$FairSync')}
  0x0000788c8efaf3c0: 4181 fbe0 | 0b1a 010f | 8517 0500 | 0044 8b57 | 1845 85d2 | 0f84 3e02 | 0000 448b | 5f0c 49c1 
  0x0000788c8efaf3e0: e303 4c3b | d90f 848e | 0200 0045 | 33db e947 | fcff ff45 | 33db e93f | fcff ff48 | 894c 2420 
  0x0000788c8efaf400: 4c89 6c24 | 1848 8974 | 2410 4489 | 4424 084c | 890c 2448 | 8b6c 2430 | 498d 34dc | ba01 0000 
  0x0000788c8efaf420: ;   {optimized virtual_call}
  0x0000788c8efaf420: 0066 90e8 

  0x0000788c8efaf424: ; ImmutableOopMap {rbp=Oop [0]=Oop [32]=Oop [48]=Oop }
                      ;*invokevirtual acquire {reexecute=0 rethrow=0 return_oop=0}
                      ; - java.util.concurrent.locks.ReentrantLock$Sync::lock@9 (line 154)
                      ; - java.util.concurrent.locks.ReentrantLock::lock@4 (line 323)
                      ; - java.awt.EventQueue::setCurrentEventAndMostRecentTimeImpl@4 (line 1192)
                      ; - java.awt.EventQueue::dispatchEventImpl@14 (line 713)
                      ; - java.awt.EventQueue::dispatchEvent@22 (line 693)
  0x0000788c8efaf424: b865 3dff 

  0x0000788c8efaf428: ;   {post_call_nop}
  0x0000788c8efaf428: 0f1f 8400 | 2007 0004 | 4c8b 0c24 | 448b 4424 | 0848 8b74 | 2410 4c8b | 6c24 1848 | 8b4c 2420 
  0x0000788c8efaf448: e9fc fbff | ff41 8b6a | 2c85 ed0f | 84ab 0400 | 004d 8d1c | ec48 8d5c | 2440 4d8b | 1341 8b9f 
  0x0000788c8efaf468: c007 0000 | 41f6 c202 | 0f85 3700 | 0000 81fb | 0f08 0000 | 0f8f 4b00 | 0000 4d3b | 5c1f f874 
  0x0000788c8efaf488: 1649 8bc2 | 4883 c801 | 4983 e2fe | f04d 0fb1 | 130f 852e | 0000 004d | 891c 1f41 | 8387 c007 
  0x0000788c8efaf4a8: 0000 08eb | 1e48 33c0 | 498b 9ff8 | 0400 00f0 | 490f b15a | 3e74 0c48 | 3bd8 7509 | 49ff 8286 
  0x0000788c8efaf4c8: 0000 0033 | c00f 855d | 0400 004c | 8b14 2445 | 8b52 2c0f | 1f44 0000 | 4585 d20f | 8433 0400 
  0x0000788c8efaf4e8: 004c 895c | 2408 4b8d 

  0x0000788c8efaf4f0: ;   {optimized virtual_call}
  0x0000788c8efaf4f0: 34d4 90e8 

  0x0000788c8efaf4f4: ; ImmutableOopMap {rbp=NarrowOop [0]=Oop [8]=Oop }
                      ;*invokevirtual notifyAll {reexecute=0 rethrow=0 return_oop=0}
                      ; - java.awt.event.InvocationEvent::finishedDispatching@23 (line 409)
                      ; - java.awt.event.InvocationEvent::dispatch@54 (line 326)
                      ; - java.awt.EventQueue::dispatchEventImpl@21 (line 714)
                      ; - java.awt.EventQueue::dispatchEvent@22 (line 693)
  0x0000788c8efaf4f4: e864 3dff 

  0x0000788c8efaf4f8: ;   {post_call_nop}
  0x0000788c8efaf4f8: 0f1f 8400 | f007 0005 | 4c8b 5c24 | 0848 8d44 | 2440 418b | 87c0 0700 | 004d 8b13 | 4d3b 5c07 
  0x0000788c8efaf518: f80f 852e | 0000 0041 | 83af c007 | 0000 084d | 3b5c 07f0 | 0f84 5f00 | 0000 498b | c248 83e0 
  0x0000788c8efaf538: fc49 83ca | 01f0 4d0f | b113 0f85 | 9c07 0000 | e944 0000 | 0049 83ba | 8600 0000 | 0075 3349 
  0x0000788c8efaf558: c742 3e00 | 0000 00f0 | 8344 24c0 | 0049 83ba | 8e00 0000 | 0074 2249 | 83ba 9e00 | 0000 0075 
  0x0000788c8efaf578: 1849 83e2 | fd4d 8997 | 1006 0000 | 4183 ca01 | eb0a 49ff | 8a86 0000 | 0045 33d2 | 0f84 4cfd 
  0x0000788c8efaf598: ffff 498b | fb48 8d74 | 2440 498b 

  0x0000788c8efaf5a4: ;   {runtime_call SharedRuntime::complete_monitor_unlocking_C(oopDesc*, BasicLock*, JavaThread*)}
  0x0000788c8efaf5a4: d749 ba30 | 3b2d a68c | 7800 0041 

  0x0000788c8efaf5b0: ;   {post_call_nop}
  0x0000788c8efaf5b0: ffd2 0f1f | 8400 0000 | 0000 e927 | fdff ff90 

  0x0000788c8efaf5c0: ; implicit exception: dispatches to 0x0000788c8efafa78
  0x0000788c8efaf5c0: 458b 5cec 

  0x0000788c8efaf5c4: ;   {metadata('org/netbeans/modules/spellchecker/ComponentPeer$2$1')}
  0x0000788c8efaf5c4: 0841 81fb | 70d4 8801 | 0f85 8403 | 0000 498d | 34ec 488b 

  0x0000788c8efaf5d8: ;   {optimized virtual_call}
  0x0000788c8efaf5d8: 2c24 90e8 

  0x0000788c8efaf5dc: ; ImmutableOopMap {rbp=Oop [0]=Oop }
                      ;*invokeinterface run {reexecute=0 rethrow=0 return_oop=0}
                      ; - java.awt.event.InvocationEvent::dispatch@11 (line 313)
                      ; - java.awt.EventQueue::dispatchEventImpl@21 (line 714)
                      ; - java.awt.EventQueue::dispatchEvent@22 (line 693)
  0x0000788c8efaf5dc: 0064 3dff 

  0x0000788c8efaf5e0: ;   {post_call_nop}
  0x0000788c8efaf5e0: 0f1f 8400 | d808 0006 | e9db fcff 

  0x0000788c8efaf5ec: ;   {oop(a 'jdk/internal/misc/Unsafe'{0x0000000707dcc2f0})}
  0x0000788c8efaf5ec: ff48 bef0 | c2dc 0707 

  0x0000788c8efaf5f4: ;   {optimized virtual_call}
  0x0000788c8efaf5f4: 0000 00e8 

  0x0000788c8efaf5f8: ; ImmutableOopMap {[48]=Oop }
                      ;*invokevirtual unpark {reexecute=0 rethrow=0 return_oop=0}
                      ; - java.util.concurrent.locks.LockSupport::unpark@27 (line 183)
                      ; - java.util.concurrent.locks.AbstractQueuedSynchronizer::signalNext@30 (line 646)
                      ; - java.util.concurrent.locks.AbstractQueuedSynchronizer::release@12 (line 1100)
                      ; - java.util.concurrent.locks.ReentrantLock::unlock@5 (line 495)
                      ; - java.awt.EventQueue::setCurrentEventAndMostRecentTimeImpl@168 (line 1227)
                      ; - java.awt.EventQueue::dispatchEventImpl@14 (line 713)
                      ; - java.awt.EventQueue::dispatchEvent@22 (line 693)
  0x0000788c8efaf5f8: e463 3dff 

  0x0000788c8efaf5fc: ;   {post_call_nop}
  0x0000788c8efaf5fc: 0f1f 8400 | f408 0007 | e96f fcff | ff49 ba00 | 0000 0000 | 0000 80e9 | 34fb ffff | 4889 7c24 
  0x0000788c8efaf61c: 2848 894c | 2420 895c | 240c 4c89 | 6c24 1848 | 8974 2410 | 4489 4424 | 084c 890c | 2448 8b6c 
  0x0000788c8efaf63c: 2430 488b 

  0x0000788c8efaf640: ;   {optimized virtual_call}
  0x0000788c8efaf640: f766 90e8 

  0x0000788c8efaf644: ; ImmutableOopMap {rbp=Oop [0]=Oop [12]=NarrowOop [32]=Oop [40]=Oop [48]=Oop }
                      ;*invokevirtual hasQueuedThreads {reexecute=0 rethrow=0 return_oop=0}
                      ; - java.util.concurrent.locks.ReentrantLock$FairSync::initialTryLock@14 (line 264)
                      ; - java.util.concurrent.locks.ReentrantLock$Sync::lock@1 (line 153)
                      ; - java.util.concurrent.locks.ReentrantLock::lock@4 (line 323)
                      ; - java.awt.EventQueue::setCurrentEventAndMostRecentTimeImpl@4 (line 1192)
                      ; - java.awt.EventQueue::dispatchEventImpl@14 (line 713)
                      ; - java.awt.EventQueue::dispatchEvent@22 (line 693)
  0x0000788c8efaf644: 9863 3dff 

  0x0000788c8efaf648: ;   {post_call_nop}
  0x0000788c8efaf648: 0f1f 8400 | 4009 0008 | 85c0 0f84 | 9e00 0000 | 4c8b 0c24 | 448b 4424 | 0848 8b74 | 2410 4c8b 
  0x0000788c8efaf668: 6c24 188b | 5c24 0c48 | 8b4c 2420 | e972 fdff | ff41 ffc2 | 0f1f 4000 | 4585 d20f | 8cdf 0200 
  0x0000788c8efaf688: 0044 8957 | 18f0 8344 | 24c0 0041 | bb01 0000 | 00e9 9cf9 | ffff 4889 | 4c24 204c | 896c 2418 
  0x0000788c8efaf6a8: 4889 7424 | 1044 8944 | 2408 4c89 | 0c24 488b 

  0x0000788c8efaf6b8: ;   {metadata('java/lang/ref/WeakReference')}
  0x0000788c8efaf6b8: 6c24 3048 | bea8 8a1a | 2500 0000 

  0x0000788c8efaf6c4: ;   {runtime_call C2 Runtime new_instance_blob}
  0x0000788c8efaf6c4: 0066 90e8 

  0x0000788c8efaf6c8: ; ImmutableOopMap {rbp=Oop [0]=Oop [32]=Oop }
                      ;*new {reexecute=0 rethrow=0 return_oop=1}
                      ; - java.awt.EventQueue::setCurrentEventAndMostRecentTimeImpl@36 (line 1198)
                      ; - java.awt.EventQueue::dispatchEventImpl@14 (line 713)
                      ; - java.awt.EventQueue::dispatchEvent@22 (line 693)
  0x0000788c8efaf6c8: 14e4 41ff 

  0x0000788c8efaf6cc: ;   {post_call_nop}
  0x0000788c8efaf6cc: 0f1f 8400 | c409 0009 | 4889 6c24 | 304c 8b0c | 2444 8b44 | 2408 488b | 7424 104c | 8b6c 2418 
  0x0000788c8efaf6ec: 488b 4c24 | 20e9 c6f9 | ffff 488b | 7424 2833 | d2b9 0100 

  0x0000788c8efaf700: ;   {optimized virtual_call}
  0x0000788c8efaf700: 0000 90e8 

  0x0000788c8efaf704: ; ImmutableOopMap {rbp=Oop [0]=Oop [12]=NarrowOop [32]=Oop [40]=Oop [48]=Oop }
                      ;*invokevirtual compareAndSetState {reexecute=0 rethrow=0 return_oop=0}
                      ; - java.util.concurrent.locks.ReentrantLock$FairSync::initialTryLock@23 (line 264)
                      ; - java.util.concurrent.locks.ReentrantLock$Sync::lock@1 (line 153)
                      ; - java.util.concurrent.locks.ReentrantLock::lock@4 (line 323)
                      ; - java.awt.EventQueue::setCurrentEventAndMostRecentTimeImpl@4 (line 1192)
                      ; - java.awt.EventQueue::dispatchEventImpl@14 (line 713)
                      ; - java.awt.EventQueue::dispatchEvent@22 (line 693)
  0x0000788c8efaf704: d862 3dff 

  0x0000788c8efaf708: ;   {post_call_nop}
  0x0000788c8efaf708: 0f1f 8400 | 000a 000a | 85c0 7466 | 4c8b 4c24 | 2848 8b4c | 2420 4d8d | 590c 4180 | 7f48 000f 
  0x0000788c8efaf728: 855d 0500 | 004c 8bc1 | 49c1 e803 | 4589 034d | 8bd3 4c33 | d149 c1ea | 1574 154d | 8bd3 49c1 
  0x0000788c8efaf748: ea09 4d03 | 5750 4180 | 3aff 7504 | 41c6 0200 | 41bb 0100 | 0000 4c8b | 0c24 448b | 4424 0848 
  0x0000788c8efaf768: 8b74 2410 | 4c8b 6c24 | 188b 5c24 | 0ce9 c0f8 | ffff 4c8b | 0c24 448b | 4424 0848 | 8b74 2410 
  0x0000788c8efaf788: 4c8b 6c24 | 188b 5c24 | 0c48 8b4c | 2420 e950 | fcff ffbe | ecff ffff | 4c89 0c24 | 4489 5424 
  0x0000788c8efaf7a8: ;   {runtime_call UncommonTrapBlob}
  0x0000788c8efaf7a8: 1066 90e8 

  0x0000788c8efaf7ac: ; ImmutableOopMap {rbp=NarrowOop [0]=Oop [16]=NarrowOop [48]=Oop }
                      ;*ifnull {reexecute=1 rethrow=0 return_oop=0}
                      ; - (reexecute) java.awt.EventQueue::dispatchEvent@9 (line 692)
  0x0000788c8efaf7ac: 3088 41ff 

  0x0000788c8efaf7b0: ;   {post_call_nop}
  0x0000788c8efaf7b0: 0f1f 8400 | a80a 000b | bede ffff | ff48 ff74 | 2430 488f | 0424 4c89 

  0x0000788c8efaf7c8: ;   {runtime_call UncommonTrapBlob}
  0x0000788c8efaf7c8: 4c24 08e8 

  0x0000788c8efaf7cc: ; ImmutableOopMap {rbp=NarrowOop [0]=Oop [8]=Oop }
                      ;*invokeinterface lock {reexecute=0 rethrow=0 return_oop=0}
                      ; - java.awt.EventQueue::setCurrentEventAndMostRecentTimeImpl@4 (line 1192)
                      ; - java.awt.EventQueue::dispatchEventImpl@14 (line 713)
                      ; - java.awt.EventQueue::dispatchEvent@22 (line 693)
  0x0000788c8efaf7cc: 1088 41ff 

  0x0000788c8efaf7d0: ;   {post_call_nop}
  0x0000788c8efaf7d0: 0f1f 8400 | c80a 000c | bede ffff 

  0x0000788c8efaf7dc: ;   {runtime_call UncommonTrapBlob}
  0x0000788c8efaf7dc: ff66 90e8 

  0x0000788c8efaf7e0: ; ImmutableOopMap {rbp=NarrowOop [48]=Oop }
                      ;*invokeinterface unlock {reexecute=0 rethrow=0 return_oop=0}
                      ; - java.awt.EventQueue::setCurrentEventAndMostRecentTimeImpl@168 (line 1227)
                      ; - java.awt.EventQueue::dispatchEventImpl@14 (line 713)
                      ; - java.awt.EventQueue::dispatchEvent@22 (line 693)
  0x0000788c8efaf7e0: fc87 41ff 

  0x0000788c8efaf7e4: ;   {post_call_nop}
  0x0000788c8efaf7e4: 0f1f 8400 | dc0a 000d | be45 ffff | ff48 ff74 | 2430 488f | 0424 4c89 

  0x0000788c8efaf7fc: ;   {runtime_call UncommonTrapBlob}
  0x0000788c8efaf7fc: 4c24 08e8 

  0x0000788c8efaf800: ; ImmutableOopMap {[0]=Oop [8]=Oop }
                      ;*ifne {reexecute=1 rethrow=0 return_oop=0}
                      ; - (reexecute) java.awt.EventQueue::setCurrentEventAndMostRecentTimeImpl@12 (line 1194)
                      ; - java.awt.EventQueue::dispatchEventImpl@14 (line 713)
                      ; - java.awt.EventQueue::dispatchEvent@22 (line 693)
  0x0000788c8efaf800: dc87 41ff 

  0x0000788c8efaf804: ;   {post_call_nop}
  0x0000788c8efaf804: 0f1f 8400 | fc0a 000e | be45 ffff | ff4c 894c | 2408 4889 

  0x0000788c8efaf818: ;   {runtime_call UncommonTrapBlob}
  0x0000788c8efaf818: 4c24 10e8 

  0x0000788c8efaf81c: ; ImmutableOopMap {rbp=NarrowOop [8]=Oop [16]=Oop [48]=Oop }
                      ;*if_acmpeq {reexecute=1 rethrow=0 return_oop=0}
                      ; - (reexecute) java.awt.EventQueue::setCurrentEventAndMostRecentTimeImpl@22 (line 1194)
                      ; - java.awt.EventQueue::dispatchEventImpl@14 (line 713)
                      ; - java.awt.EventQueue::dispatchEvent@22 (line 693)
  0x0000788c8efaf81c: c087 41ff 

  0x0000788c8efaf820: ;   {post_call_nop}
  0x0000788c8efaf820: 0f1f 8400 | 180b 000f | be45 ffff | ff44 894c | 2408 4889 

  0x0000788c8efaf834: ;   {runtime_call UncommonTrapBlob}
  0x0000788c8efaf834: 4c24 10e8 

  0x0000788c8efaf838: ; ImmutableOopMap {rbp=NarrowOop [8]=NarrowOop [16]=Oop [48]=Oop }
                      ;*if_acmpeq {reexecute=1 rethrow=0 return_oop=0}
                      ; - (reexecute) java.util.concurrent.locks.ReentrantLock$Sync::tryRelease@14 (line 175)
                      ; - java.util.concurrent.locks.AbstractQueuedSynchronizer::release@2 (line 1099)
                      ; - java.util.concurrent.locks.ReentrantLock::unlock@5 (line 495)
                      ; - java.awt.EventQueue::setCurrentEventAndMostRecentTimeImpl@168 (line 1227)
                      ; - java.awt.EventQueue::dispatchEventImpl@14 (line 713)
                      ; - java.awt.EventQueue::dispatchEvent@22 (line 693)
  0x0000788c8efaf838: a487 41ff 

  0x0000788c8efaf83c: ;   {post_call_nop}
  0x0000788c8efaf83c: 0f1f 8400 | 340b 0010 | be45 ffff 

  0x0000788c8efaf848: ;   {runtime_call UncommonTrapBlob}
  0x0000788c8efaf848: ff66 90e8 

  0x0000788c8efaf84c: ; ImmutableOopMap {rbp=NarrowOop [0]=Oop }
                      ;*ifnull {reexecute=1 rethrow=0 return_oop=0}
                      ; - (reexecute) java.awt.event.InvocationEvent::finishedDispatching@40 (line 413)
                      ; - java.awt.event.InvocationEvent::dispatch@54 (line 326)
                      ; - java.awt.EventQueue::dispatchEventImpl@21 (line 714)
                      ; - java.awt.EventQueue::dispatchEvent@22 (line 693)
  0x0000788c8efaf84c: 9087 41ff 

  0x0000788c8efaf850: ;   {post_call_nop}
  0x0000788c8efaf850: 0f1f 8400 | 480b 0011 | be45 ffff | ff48 ff74 | 2430 488f | 0424 4c89 | 4c24 0848 | 897c 2418 
  0x0000788c8efaf870: ;   {runtime_call UncommonTrapBlob}
  0x0000788c8efaf870: 6666 90e8 

  0x0000788c8efaf874: ; ImmutableOopMap {[0]=Oop [8]=Oop [24]=Oop }
                      ;*ifge {reexecute=1 rethrow=0 return_oop=0}
                      ; - (reexecute) java.util.concurrent.locks.ReentrantLock$NonfairSync::initialTryLock@36 (line 231)
                      ; - java.util.concurrent.locks.ReentrantLock$Sync::lock@1 (line 153)
                      ; - java.util.concurrent.locks.ReentrantLock::lock@4 (line 323)
                      ; - java.awt.EventQueue::setCurrentEventAndMostRecentTimeImpl@4 (line 1192)
                      ; - java.awt.EventQueue::dispatchEventImpl@14 (line 713)
                      ; - java.awt.EventQueue::dispatchEvent@22 (line 693)
  0x0000788c8efaf874: 6887 41ff 

  0x0000788c8efaf878: ;   {post_call_nop}
  0x0000788c8efaf878: 0f1f 8400 | 700b 0012 | be45 ffff | ff49 8be9 | 4489 5424 

  0x0000788c8efaf88c: ;   {runtime_call UncommonTrapBlob}
  0x0000788c8efaf88c: 0866 90e8 

  0x0000788c8efaf890: ; ImmutableOopMap {rbp=Oop [8]=NarrowOop [48]=Oop }
                      ;*ifeq {reexecute=1 rethrow=0 return_oop=0}
                      ; - (reexecute) java.awt.EventQueue::dispatchEventImpl@33 (line 715)
                      ; - java.awt.EventQueue::dispatchEvent@22 (line 693)
  0x0000788c8efaf890: 4c87 41ff 

  0x0000788c8efaf894: ;   {post_call_nop}
  0x0000788c8efaf894: 0f1f 8400 | 8c0b 0013 | bede ffff | ff44 8904 

  0x0000788c8efaf8a4: ;   {runtime_call UncommonTrapBlob}
  0x0000788c8efaf8a4: 2466 90e8 

  0x0000788c8efaf8a8: ; ImmutableOopMap {rbp=Oop [0]=NarrowOop }
                      ;*invokeinterface setCanAccessSystemClipboard {reexecute=0 rethrow=0 return_oop=0}
                      ; - java.awt.AWTEvent::dispatched@15 (line 572)
                      ; - java.awt.EventQueue::dispatchEventImpl@45 (line 717)
                      ; - java.awt.EventQueue::dispatchEvent@22 (line 693)
  0x0000788c8efaf8a8: 3487 41ff 

  0x0000788c8efaf8ac: ;   {post_call_nop}
  0x0000788c8efaf8ac: 0f1f 8400 | a40b 0014 | be45 ffff | ff4c 890c 

  0x0000788c8efaf8bc: ;   {runtime_call UncommonTrapBlob}
  0x0000788c8efaf8bc: 2466 90e8 

  0x0000788c8efaf8c0: ; ImmutableOopMap {[0]=Oop [48]=Oop }
                      ;*ifeq {reexecute=1 rethrow=0 return_oop=0}
                      ; - (reexecute) java.awt.EventQueue::setCurrentEventAndMostRecentTimeImpl@115 (line 1218)
                      ; - java.awt.EventQueue::dispatchEventImpl@14 (line 713)
                      ; - java.awt.EventQueue::dispatchEvent@22 (line 693)
  0x0000788c8efaf8c0: 1c87 41ff 

  0x0000788c8efaf8c4: ;   {post_call_nop}
  0x0000788c8efaf8c4: 0f1f 8400 | bc0b 0015 | be45 ffff | ff44 8944 

  0x0000788c8efaf8d4: ;   {runtime_call UncommonTrapBlob}
  0x0000788c8efaf8d4: 240c 90e8 

  0x0000788c8efaf8d8: ; ImmutableOopMap {[12]=NarrowOop [48]=Oop }
                      ;*ifeq {reexecute=1 rethrow=0 return_oop=0}
                      ; - (reexecute) jdk.internal.misc.Unsafe::getAndBitwiseAndInt@21 (line 3275)
                      ; - java.util.concurrent.locks.AbstractQueuedSynchronizer$Node::getAndUnsetStatus@10 (line 482)
                      ; - java.util.concurrent.locks.AbstractQueuedSynchronizer::signalNext@22 (line 645)
                      ; - java.util.concurrent.locks.AbstractQueuedSynchronizer::release@12 (line 1100)
                      ; - java.util.concurrent.locks.ReentrantLock::unlock@5 (line 495)
                      ; - java.awt.EventQueue::setCurrentEventAndMostRecentTimeImpl@168 (line 1227)
                      ; - java.awt.EventQueue::dispatchEventImpl@14 (line 713)
                      ; - java.awt.EventQueue::dispatchEvent@22 (line 693)
  0x0000788c8efaf8d8: 0487 41ff 

  0x0000788c8efaf8dc: ;   {post_call_nop}
  0x0000788c8efaf8dc: 0f1f 8400 | d40b 0016 | bec6 ffff | ff48 8b6c | 2430 4c89 | 0c24 895c 

  0x0000788c8efaf8f4: ;   {runtime_call UncommonTrapBlob}
  0x0000788c8efaf8f4: 2414 90e8 

  0x0000788c8efaf8f8: ; ImmutableOopMap {rbp=Oop [0]=Oop [20]=NarrowOop }
                      ;*invokevirtual initialTryLock {reexecute=0 rethrow=0 return_oop=0}
                      ; - java.util.concurrent.locks.ReentrantLock$Sync::lock@1 (line 153)
                      ; - java.util.concurrent.locks.ReentrantLock::lock@4 (line 323)
                      ; - java.awt.EventQueue::setCurrentEventAndMostRecentTimeImpl@4 (line 1192)
                      ; - java.awt.EventQueue::dispatchEventImpl@14 (line 713)
                      ; - java.awt.EventQueue::dispatchEvent@22 (line 693)
  0x0000788c8efaf8f8: e486 41ff 

  0x0000788c8efaf8fc: ;   {post_call_nop}
  0x0000788c8efaf8fc: 0f1f 8400 | f40b 0017 | bef6 ffff | ff49 8bea 

  0x0000788c8efaf90c: ;   {runtime_call UncommonTrapBlob}
  0x0000788c8efaf90c: 6666 90e8 

  0x0000788c8efaf910: ; ImmutableOopMap {rbp=Oop }
                      ;*monitorenter {reexecute=0 rethrow=0 return_oop=0}
                      ; - java.awt.event.InvocationEvent::finishedDispatching@18 (line 408)
                      ; - java.awt.event.InvocationEvent::dispatch@54 (line 326)
                      ; - java.awt.EventQueue::dispatchEventImpl@21 (line 714)
                      ; - java.awt.EventQueue::dispatchEvent@22 (line 693)
  0x0000788c8efaf910: cc86 41ff 

  0x0000788c8efaf914: ;   {post_call_nop}
  0x0000788c8efaf914: 0f1f 8400 | 0c0c 0018 | bef6 ffff 

  0x0000788c8efaf920: ;   {runtime_call UncommonTrapBlob}
  0x0000788c8efaf920: ff66 90e8 

  0x0000788c8efaf924: ; ImmutableOopMap {rbp=NarrowOop [0]=Oop }
                      ;*invokevirtual notifyAll {reexecute=0 rethrow=0 return_oop=0}
                      ; - java.awt.event.InvocationEvent::finishedDispatching@23 (line 409)
                      ; - java.awt.event.InvocationEvent::dispatch@54 (line 326)
                      ; - java.awt.EventQueue::dispatchEventImpl@21 (line 714)
                      ; - java.awt.EventQueue::dispatchEvent@22 (line 693)
  0x0000788c8efaf924: b886 41ff 

  0x0000788c8efaf928: ;   {post_call_nop}
  0x0000788c8efaf928: 0f1f 8400 | 200c 0019 | 4c89 5c24 | 0849 8bf3 | 488d 5424 

  0x0000788c8efaf93c: ;   {runtime_call C2 Runtime complete_monitor_locking_blob}
  0x0000788c8efaf93c: 4066 90e8 

  0x0000788c8efaf940: ; ImmutableOopMap {rbp=NarrowOop [0]=Oop [8]=Oop }
                      ;*monitorenter {reexecute=0 rethrow=0 return_oop=0}
                      ; - java.awt.event.InvocationEvent::finishedDispatching@18 (line 408)
                      ; - java.awt.event.InvocationEvent::dispatch@54 (line 326)
                      ; - java.awt.EventQueue::dispatchEventImpl@21 (line 714)
                      ; - java.awt.EventQueue::dispatchEvent@22 (line 693)
  0x0000788c8efaf940: 1c16 4bff 

  0x0000788c8efaf944: ;   {post_call_nop}
  0x0000788c8efaf944: 0f1f 8400 | 3c0c 001a | 4c8b 5c24 | 08e9 7dfb | ffff bede 

  0x0000788c8efaf958: ;   {runtime_call UncommonTrapBlob}
  0x0000788c8efaf958: ffff ffe8 

  0x0000788c8efaf95c: ; ImmutableOopMap {rbp=NarrowOop [0]=Oop }
                      ;*invokeinterface run {reexecute=0 rethrow=0 return_oop=0}
                      ; - java.awt.event.InvocationEvent::dispatch@11 (line 313)
                      ; - java.awt.EventQueue::dispatchEventImpl@21 (line 714)
                      ; - java.awt.EventQueue::dispatchEvent@22 (line 693)
  0x0000788c8efaf95c: 8086 41ff 

  0x0000788c8efaf960: ;   {post_call_nop}
  0x0000788c8efaf960: 0f1f 8400 | 580c 001b | be22 0000 | 0048 8b6c | 2430 4c89 | 0c24 4889 

  0x0000788c8efaf978: ;   {runtime_call UncommonTrapBlob}
  0x0000788c8efaf978: 7c24 10e8 

  0x0000788c8efaf97c: ; ImmutableOopMap {rbp=Oop [0]=Oop [16]=Oop }
                      ;*new {reexecute=0 rethrow=0 return_oop=0}
                      ; - java.util.concurrent.locks.ReentrantLock$FairSync::initialTryLock@51 (line 270)
                      ; - java.util.concurrent.locks.ReentrantLock$Sync::lock@1 (line 153)
                      ; - java.util.concurrent.locks.ReentrantLock::lock@4 (line 323)
                      ; - java.awt.EventQueue::setCurrentEventAndMostRecentTimeImpl@4 (line 1192)
                      ; - java.awt.EventQueue::dispatchEventImpl@14 (line 713)
                      ; - java.awt.EventQueue::dispatchEvent@22 (line 693)
  0x0000788c8efaf97c: 6086 41ff 

  0x0000788c8efaf980: ;   {post_call_nop}
  0x0000788c8efaf980: 0f1f 8400 | 780c 001c | be95 ffff | ff48 8b2c | 2448 8904 

  0x0000788c8efaf994: ;   {runtime_call UncommonTrapBlob}
  0x0000788c8efaf994: 2466 90e8 

  0x0000788c8efaf998: ; ImmutableOopMap {rbp=Oop [0]=Oop }
                      ;*astore_2 {reexecute=0 rethrow=0 return_oop=0}
                      ; - java.awt.event.InvocationEvent::dispatch@60 (line 326)
                      ; - java.awt.EventQueue::dispatchEventImpl@21 (line 714)
                      ; - java.awt.EventQueue::dispatchEvent@22 (line 693)
  0x0000788c8efaf998: 4486 41ff 

  0x0000788c8efaf99c: ;   {post_call_nop}
  0x0000788c8efaf99c: 0f1f 8400 | 940c 001d | bef6 ffff 

  0x0000788c8efaf9a8: ;   {runtime_call UncommonTrapBlob}
  0x0000788c8efaf9a8: ff66 90e8 

  0x0000788c8efaf9ac: ; ImmutableOopMap {}
                      ;*invokevirtual getSource {reexecute=0 rethrow=0 return_oop=0}
                      ; - java.awt.EventQueue::dispatchEvent@1 (line 688)
  0x0000788c8efaf9ac: 3086 41ff 

  0x0000788c8efaf9b0: ;   {post_call_nop}
  0x0000788c8efaf9b0: 0f1f 8400 | a80c 001e | bef6 ffff | ff48 8b6c | 2430 4c89 

  0x0000788c8efaf9c4: ;   {runtime_call UncommonTrapBlob}
  0x0000788c8efaf9c4: 0c24 90e8 

  0x0000788c8efaf9c8: ; ImmutableOopMap {rbp=Oop [0]=Oop }
                      ;*invokeinterface lock {reexecute=0 rethrow=0 return_oop=0}
                      ; - java.awt.EventQueue::setCurrentEventAndMostRecentTimeImpl@4 (line 1192)
                      ; - java.awt.EventQueue::dispatchEventImpl@14 (line 713)
                      ; - java.awt.EventQueue::dispatchEvent@22 (line 693)
  0x0000788c8efaf9c8: 1486 41ff 

  0x0000788c8efaf9cc: ;   {post_call_nop}
  0x0000788c8efaf9cc: 0f1f 8400 | c40c 001f | bef6 ffff | ff48 8b6c | 2430 4c89 

  0x0000788c8efaf9e0: ;   {runtime_call UncommonTrapBlob}
  0x0000788c8efaf9e0: 0c24 90e8 

  0x0000788c8efaf9e4: ; ImmutableOopMap {rbp=Oop [0]=Oop }
                      ;*invokevirtual lock {reexecute=0 rethrow=0 return_oop=0}
                      ; - java.util.concurrent.locks.ReentrantLock::lock@4 (line 323)
                      ; - java.awt.EventQueue::setCurrentEventAndMostRecentTimeImpl@4 (line 1192)
                      ; - java.awt.EventQueue::dispatchEventImpl@14 (line 713)
                      ; - java.awt.EventQueue::dispatchEvent@22 (line 693)
  0x0000788c8efaf9e4: f885 41ff 

  0x0000788c8efaf9e8: ;   {post_call_nop}
  0x0000788c8efaf9e8: 0f1f 8400 | e00c 0020 | bef6 ffff 

  0x0000788c8efaf9f4: ;   {runtime_call UncommonTrapBlob}
  0x0000788c8efaf9f4: ff66 90e8 

  0x0000788c8efaf9f8: ; ImmutableOopMap {[48]=Oop }
                      ;*invokeinterface unlock {reexecute=0 rethrow=0 return_oop=0}
                      ; - java.awt.EventQueue::setCurrentEventAndMostRecentTimeImpl@168 (line 1227)
                      ; - java.awt.EventQueue::dispatchEventImpl@14 (line 713)
                      ; - java.awt.EventQueue::dispatchEvent@22 (line 693)
  0x0000788c8efaf9f8: e485 41ff 

  0x0000788c8efaf9fc: ;   {post_call_nop}
  0x0000788c8efaf9fc: 0f1f 8400 | f40c 0021 | bef6 ffff 

  0x0000788c8efafa08: ;   {runtime_call UncommonTrapBlob}
  0x0000788c8efafa08: ff66 90e8 

  0x0000788c8efafa0c: ; ImmutableOopMap {[48]=Oop }
                      ;*invokevirtual release {reexecute=0 rethrow=0 return_oop=0}
                      ; - java.util.concurrent.locks.ReentrantLock::unlock@5 (line 495)
                      ; - java.awt.EventQueue::setCurrentEventAndMostRecentTimeImpl@168 (line 1227)
                      ; - java.awt.EventQueue::dispatchEventImpl@14 (line 713)
                      ; - java.awt.EventQueue::dispatchEvent@22 (line 693)
  0x0000788c8efafa0c: d085 41ff 

  0x0000788c8efafa10: ;   {post_call_nop}
  0x0000788c8efafa10: 0f1f 8400 | 080d 0022 | bef4 ffff | ff49 8be9 

  0x0000788c8efafa20: ;   {runtime_call UncommonTrapBlob}
  0x0000788c8efafa20: 6666 90e8 

  0x0000788c8efafa24: ; ImmutableOopMap {rbp=Oop [48]=Oop }
                      ;*instanceof {reexecute=0 rethrow=0 return_oop=0}
                      ; - java.awt.EventQueue::dispatchEventImpl@30 (line 715)
                      ; - java.awt.EventQueue::dispatchEvent@22 (line 693)
  0x0000788c8efafa24: b885 41ff 

  0x0000788c8efafa28: ;   {post_call_nop}
  0x0000788c8efafa28: 0f1f 8400 | 200d 0023 | be95 ffff | ff48 8904 

  0x0000788c8efafa38: ;   {runtime_call UncommonTrapBlob}
  0x0000788c8efafa38: 2466 90e8 

  0x0000788c8efafa3c: ; ImmutableOopMap {rbp=NarrowOop [0]=Oop }
                      ;*astore_3 {reexecute=0 rethrow=0 return_oop=0}
                      ; - java.awt.event.InvocationEvent::finishedDispatching@31 (line 410)
                      ; - java.awt.event.InvocationEvent::dispatch@54 (line 326)
                      ; - java.awt.EventQueue::dispatchEventImpl@21 (line 714)
                      ; - java.awt.EventQueue::dispatchEvent@22 (line 693)
  0x0000788c8efafa3c: a085 41ff 

  0x0000788c8efafa40: ;   {post_call_nop}
  0x0000788c8efafa40: 0f1f 8400 | 380d 0024 | be95 ffff | ff48 8904 

  0x0000788c8efafa50: ;   {runtime_call UncommonTrapBlob}
  0x0000788c8efafa50: 2466 90e8 

  0x0000788c8efafa54: ; ImmutableOopMap {rbp=Oop [0]=Oop }
                      ;*astore_1 {reexecute=0 rethrow=0 return_oop=0}
                      ; - java.awt.event.InvocationEvent::dispatch@19 (line 315)
                      ; - java.awt.EventQueue::dispatchEventImpl@21 (line 714)
                      ; - java.awt.EventQueue::dispatchEvent@22 (line 693)
  0x0000788c8efafa54: 8885 41ff 

  0x0000788c8efafa58: ;   {post_call_nop}
  0x0000788c8efafa58: 0f1f 8400 | 500d 0025 | be45 ffff | ff44 8944 

  0x0000788c8efafa68: ;   {runtime_call UncommonTrapBlob}
  0x0000788c8efafa68: 2404 90e8 

  0x0000788c8efafa6c: ; ImmutableOopMap {rbp=Oop [4]=NarrowOop }
                      ;*ifnonnull {reexecute=1 rethrow=0 return_oop=0}
                      ; - (reexecute) sun.awt.AWTAccessor::getInputEventAccessor@5 (line 962)
                      ; - java.awt.AWTEvent::dispatched@7 (line 571)
                      ; - java.awt.EventQueue::dispatchEventImpl@45 (line 717)
                      ; - java.awt.EventQueue::dispatchEvent@22 (line 693)
  0x0000788c8efafa6c: 7085 41ff 

  0x0000788c8efafa70: ;   {post_call_nop}
  0x0000788c8efafa70: 0f1f 8400 | 680d 0026 | bef6 ffff | ff48 8b2c 

  0x0000788c8efafa80: ;   {runtime_call UncommonTrapBlob}
  0x0000788c8efafa80: 2466 90e8 

  0x0000788c8efafa84: ; ImmutableOopMap {rbp=Oop }
                      ;*invokeinterface run {reexecute=0 rethrow=0 return_oop=0}
                      ; - java.awt.event.InvocationEvent::dispatch@11 (line 313)
                      ; - java.awt.EventQueue::dispatchEventImpl@21 (line 714)
                      ; - java.awt.EventQueue::dispatchEvent@22 (line 693)
  0x0000788c8efafa84: 5885 41ff 

  0x0000788c8efafa88: ;   {post_call_nop}
  0x0000788c8efafa88: 0f1f 8400 | 800d 0027 | be95 ffff | ff48 8944 

  0x0000788c8efafa98: ;   {runtime_call UncommonTrapBlob}
  0x0000788c8efafa98: 2408 90e8 

  0x0000788c8efafa9c: ; ImmutableOopMap {rbp=Oop [0]=Oop [8]=Oop }
                      ;*astore {reexecute=0 rethrow=0 return_oop=0}
                      ; - java.awt.EventQueue::setCurrentEventAndMostRecentTimeImpl@176 (line 1227)
                      ; - java.awt.EventQueue::dispatchEventImpl@14 (line 713)
                      ; - java.awt.EventQueue::dispatchEvent@22 (line 693)
  0x0000788c8efafa9c: 4085 41ff 

  0x0000788c8efafaa0: ;   {post_call_nop}
  0x0000788c8efafaa0: 0f1f 8400 | 980d 0028 | eb04 eb02 | eb0f 488b | f0eb 0d48 | 8bf0 eb08 | 488b f0eb | 0348 8bf0 
  0x0000788c8efafac0: 4883 c450 | 5d49 3ba7 | 9805 0000 | 0f82 3d00 | 0000 498b | ff40 f6c4 | 0f0f 8412 | 0000 0048 
  0x0000788c8efafae0: ;   {runtime_call SharedRuntime::enable_stack_reserved_zone(JavaThread*)}
  0x0000788c8efafae0: 83ec 08e8 | e856 3217 | 4883 c408 | e905 0000 

  0x0000788c8efafaf0: ;   {runtime_call SharedRuntime::enable_stack_reserved_zone(JavaThread*)}
  0x0000788c8efafaf0: 00e8 da56 

  0x0000788c8efafaf4: ;   {runtime_call Shared Runtime throw_delayed_StackOverflowError_blob}
  0x0000788c8efafaf4: 3217 e9e5 

  0x0000788c8efafaf8: ;   {external_word}
  0x0000788c8efafaf8: 513d ff48 | bf98 4667 | a68c 7800 | 0048 83e4 

  0x0000788c8efafb08: ;   {runtime_call MacroAssembler::debug64(char*, long, long*)}
  0x0000788c8efafb08: f0e8 0218 

  0x0000788c8efafb0c: ;   {runtime_call C2 Runtime rethrow_blob}
  0x0000788c8efafb0c: 1417 f4e9 | cc40 4bff | 418b 1348 | c1e2 0348 | 85d2 0f84 | e5f4 ffff | 4d8b 5738 | 4d85 d274 
  0x0000788c8efafb2c: 1449 83ea | 084d 8957 | 384d 0357 | 4049 8912 | e9c8 f4ff | ff48 83ec | 304c 895c | 2428 4c89 
  0x0000788c8efafb4c: 4424 204c | 894c 2418 | 4889 4c24 | 1048 8974 | 2408 488b | fa49 8bf7 

  0x0000788c8efafb64: ;   {runtime_call G1BarrierSetRuntime::write_ref_field_pre_entry(oopDesc*, JavaThread*)}
  0x0000788c8efafb64: e877 bbcc | 1648 8b74 | 2408 488b | 4c24 104c | 8b4c 2418 | 4c8b 4424 | 204c 8b5c | 2428 c5f8 
  0x0000788c8efafb84: 7748 83c4 | 30e9 7bf4 | ffff 418b | 1248 c1e2 | 0348 85d2 | 0f84 50f5 | ffff 498b | 6f38 4885 
  0x0000788c8efafba4: ed74 1548 | 83ed 0849 | 896f 3849 | 036f 4048 | 8955 00e9 | 32f5 ffff | 4883 ec30 | 4c89 5424 
  0x0000788c8efafbc4: 284c 8944 | 2420 4c89 | 4c24 1848 | 894c 2410 | 4889 7424 | 0848 8904 | 2448 8bfa 

  0x0000788c8efafbe0: ;   {runtime_call G1BarrierSetRuntime::write_ref_field_pre_entry(oopDesc*, JavaThread*)}
  0x0000788c8efafbe0: 498b f7e8 | f8ba cc16 | 488b 0424 | 488b 7424 | 0848 8b4c | 2410 4c8b | 4c24 184c | 8b44 2420 
  0x0000788c8efafc00: 4c8b 5424 | 28c5 f877 | 4883 c430 | e9dd f4ff | ff8b 1948 | c1e3 0348 | 85db 0f84 | 9af5 ffff 
  0x0000788c8efafc20: 4d8b 4738 | 4d85 c074 | 1449 83e8 | 084d 8947 | 384d 0347 | 4049 8918 | e97d f5ff | ff48 83ec 
  0x0000788c8efafc40: 304c 8954 | 2428 4c89 | 5c24 204c | 894c 2418 | 4889 4c24 | 1048 8954 | 2408 488b | fb49 8bf7 
  0x0000788c8efafc60: ;   {runtime_call G1BarrierSetRuntime::write_ref_field_pre_entry(oopDesc*, JavaThread*)}
  0x0000788c8efafc60: e87b bacc | 1648 8b54 | 2408 488b | 4c24 104c | 8b4c 2418 | 4c8b 5c24 | 204c 8b54 | 2428 c5f8 
  0x0000788c8efafc80: 7748 83c4 | 30e9 30f5 | ffff 458b | 0349 c1e0 | 034d 85c0 | 0f84 93fa | ffff 4d8b | 5738 4d85 
  0x0000788c8efafca0: d274 1449 | 83ea 084d | 8957 384d | 0357 404d | 8902 e976 | faff ff48 | 83ec 104c | 895c 2408 
  0x0000788c8efafcc0: 4889 0c24 | 498b f849 

  0x0000788c8efafcc8: ;   {runtime_call G1BarrierSetRuntime::write_ref_field_pre_entry(oopDesc*, JavaThread*)}
  0x0000788c8efafcc8: 8bf7 e811 | bacc 1648 | 8b0c 244c | 8b5c 2408 | c5f8 7748 | 83c4 10e9 | 49fa ffff | 4183 87c0 
  0x0000788c8efafce8: 0700 0008 | e9a3 f8ff 

  0x0000788c8efafcf0: ;   {internal_word}
  0x0000788c8efafcf0: ff49 ba45 | f3fa 8e8c | 7800 004d | 8997 1005 

  0x0000788c8efafd00: ;   {runtime_call SafepointBlob}
  0x0000788c8efafd00: 0000 e959 

  0x0000788c8efafd04: ;   {runtime_call Stub::Stub Generator method_entry_barrier_stub}
  0x0000788c8efafd04: 7e3d ffe8 | f4d0 3bff | e919 f1ff | fff4 f4f4 | f4f4 f4f4 
[Stub Code]
  0x0000788c8efafd18: ;   {static_stub}
  0x0000788c8efafd18: 48bb 0000 | 0000 0000 

  0x0000788c8efafd20: ;   {runtime_call nmethod}
  0x0000788c8efafd20: 0000 e9fb 

  0x0000788c8efafd24: ;   {static_stub}
  0x0000788c8efafd24: ffff ff48 | bb00 0000 | 0000 0000 

  0x0000788c8efafd30: ;   {runtime_call nmethod}
  0x0000788c8efafd30: 00e9 fbff 

  0x0000788c8efafd34: ;   {static_stub}
  0x0000788c8efafd34: ffff 48bb | 0000 0000 | 0000 0000 

  0x0000788c8efafd40: ;   {runtime_call nmethod}
  0x0000788c8efafd40: e9fb ffff 

  0x0000788c8efafd44: ;   {static_stub}
  0x0000788c8efafd44: ff48 bb00 | 0000 0000 

  0x0000788c8efafd4c: ;   {runtime_call nmethod}
  0x0000788c8efafd4c: 0000 00e9 | fbff ffff 

  0x0000788c8efafd54: ;   {static_stub}
  0x0000788c8efafd54: 48bb 0000 | 0000 0000 

  0x0000788c8efafd5c: ;   {runtime_call nmethod}
  0x0000788c8efafd5c: 0000 e9fb 

  0x0000788c8efafd60: ;   {static_stub}
  0x0000788c8efafd60: ffff ff48 | bb00 0000 | 0000 0000 

  0x0000788c8efafd6c: ;   {runtime_call nmethod}
  0x0000788c8efafd6c: 00e9 fbff 

  0x0000788c8efafd70: ;   {static_stub}
  0x0000788c8efafd70: ffff 48bb | 0000 0000 | 0000 0000 

  0x0000788c8efafd7c: ;   {runtime_call nmethod}
  0x0000788c8efafd7c: e9fb ffff 

  0x0000788c8efafd80: ;   {runtime_call DeoptimizationBlob}
  0x0000788c8efafd80: ffe8 da80 | 3dff ebf9 
[/MachCode]


Compiled method (c1) 230355 11459   !   3       org.netbeans.core.TimableEventQueue::dispatchEvent (43 bytes)
 total in heap  [0x0000788c87d1e908,0x0000788c87d1ed38] = 1072
 main code      [0x0000788c87d1ea00,0x0000788c87d1ecd8] = 728
 stub code      [0x0000788c87d1ecd8,0x0000788c87d1ed30] = 88
 oops           [0x0000788c87d1ed30,0x0000788c87d1ed38] = 8
 mutable data [0x0000788c38315fc0,0x0000788c38316040] = 128
 relocation     [0x0000788c38315fc0,0x0000788c38316030] = 112
 metadata       [0x0000788c38316030,0x0000788c38316040] = 16
 immutable data [0x0000788c38315eb0,0x0000788c38315fb4] = 260
 dependencies   [0x0000788c38315eb0,0x0000788c38315eb8] = 8
 handler table  [0x0000788c38315eb8,0x0000788c38315ee8] = 48
 scopes pcs     [0x0000788c38315ee8,0x0000788c38315f58] = 112
 scopes data    [0x0000788c38315f58,0x0000788c38315fb0] = 88

[Constant Pool (empty)]


Loading hsdis library failed, undisassembled code is shown in MachCode section
[MachCode]
[Instructions begin]
  0x0000788c87d1ea00: 6666 660f | 1f84 0000 | 0000 0066 | 6666 9066 | 6690 448b | 5608 443b 

  0x0000788c87d1ea18: ;   {runtime_call Shared Runtime ic_miss_blob}
  0x0000788c87d1ea18: 5008 0f85 | c06c 6606 
[Verified Entry Point]
  0x0000788c87d1ea20: 8984 2400 | c0fe ff55 | 4883 ec40 | 4181 7f20 | 0900 0000 

  0x0000788c87d1ea34: ;   {runtime_call Stub::Stub Generator method_entry_barrier_stub}
  0x0000788c87d1ea34: 7405 e8c5 

  0x0000788c87d1ea38: ;   {metadata(method data for {method} {0x0000788c59a19048} 'dispatchEvent' '(Ljava/awt/AWTEvent;)V' in 'org/netbeans/core/TimableEventQueue')}
  0x0000788c87d1ea38: e364 0648 | bf18 5a1c | da8b 7800 | 008b 9f90 | 0000 0083 | c302 899f | 9000 0000 | 81e3 fe07 
  0x0000788c87d1ea58: 0000 85db | 0f84 e401 

  0x0000788c87d1ea60: ;   {metadata(method data for {method} {0x0000788c59a19048} 'dispatchEvent' '(Ljava/awt/AWTEvent;)V' in 'org/netbeans/core/TimableEventQueue')}
  0x0000788c87d1ea60: 0000 48bf | 185a 1cda | 8b78 0000 | 4883 87d8 | 0000 0001 | 498b bf50 | 0400 0048 

  0x0000788c87d1ea7c: ;   {oop(a 'java/lang/Class'{0x000000070a76a170} = 'org/netbeans/core/TimableEventQueue')}
  0x0000788c87d1ea7c: 8b3f 48bb | 70a1 760a | 0700 0000 | 410f be47 | 4885 c00f | 85d2 0100 | 004c 8bd7 | 49c1 ea03 
  0x0000788c87d1ea9c: 4489 9380 | 0000 00f0 | 8344 24c0 | 0048 8bc3 | 4833 c748 | c1e8 1574 | 1848 85ff | 7413 488b 
  0x0000788c87d1eabc: c348 c1e8 | 0949 0347 | 5080 38ff | 7503 c600 | 0048 8954 | 2420 488b 

  0x0000788c87d1ead4: ;   {metadata(method data for {method} {0x0000788c59a19048} 'dispatchEvent' '(Ljava/awt/AWTEvent;)V' in 'org/netbeans/core/TimableEventQueue')}
  0x0000788c87d1ead4: fe48 bb18 | 5a1c da8b | 7800 0048 | 8383 e800 

  0x0000788c87d1eae4: ;   {oop("dispatchEvent"{0x000000070a890a00})}
  0x0000788c87d1eae4: 0000 0148 | ba00 0a89 | 0a07 0000 | 0048 8bde | 488b f348 | 895c 2418 

  0x0000788c87d1eafc: ;   {optimized virtual_call}
  0x0000788c87d1eafc: 6666 90e8 

  0x0000788c87d1eb00: ; ImmutableOopMap {[24]=Oop [32]=Oop }
                      ;*invokevirtual tick {reexecute=0 rethrow=0 return_oop=0}
                      ; - org.netbeans.core.TimableEventQueue::dispatchEvent@11 (line 135)
  0x0000788c87d1eb00: 9cfc 1100 

  0x0000788c87d1eb04: ;   {post_call_nop}
  0x0000788c87d1eb04: 0f1f 8400 | fc01 0000 | 488b 7424 

  0x0000788c87d1eb10: ;   {metadata(method data for {method} {0x0000788c59a19048} 'dispatchEvent' '(Ljava/awt/AWTEvent;)V' in 'org/netbeans/core/TimableEventQueue')}
  0x0000788c87d1eb10: 1848 ba18 | 5a1c da8b | 7800 0048 | 8382 1801 | 0000 0148 | 8b54 2420 | 488b 7424 | 1889 4424 
  0x0000788c87d1eb30: 2866 0f1f 

  0x0000788c87d1eb34: ;   {optimized virtual_call}
  0x0000788c87d1eb34: 4400 00e8 

  0x0000788c87d1eb38: ; ImmutableOopMap {[24]=Oop }
                      ;*invokespecial dispatchEvent {reexecute=0 rethrow=0 return_oop=0}
                      ; - org.netbeans.core.TimableEventQueue::dispatchEvent@17 (line 136)
  0x0000788c87d1eb38: a46e 6606 

  0x0000788c87d1eb3c: ;   {post_call_nop}
  0x0000788c87d1eb3c: 0f1f 8400 | 3402 0001 | 8b44 2428 

  0x0000788c87d1eb48: ;   {metadata(method data for {method} {0x0000788c59a19048} 'dispatchEvent' '(Ljava/awt/AWTEvent;)V' in 'org/netbeans/core/TimableEventQueue')}
  0x0000788c87d1eb48: 85c0 48b8 | 185a 1cda | 8b78 0000 | be28 0100 | 0074 05be | 3801 0000 | 488b 3c30 | 488d 7f01 
  0x0000788c87d1eb68: 4889 3c30 | 0f84 8a00 | 0000 e94a | 0000 0049 | 8b87 c005 | 0000 4d33 | d24d 8997 | c005 0000 
  0x0000788c87d1eb88: 4d33 d24d | 8997 c805 | 0000 85f6 

  0x0000788c87d1eb94: ;   {metadata(method data for {method} {0x0000788c59a19048} 'dispatchEvent' '(Ljava/awt/AWTEvent;)V' in 'org/netbeans/core/TimableEventQueue')}
  0x0000788c87d1eb94: 48be 185a | 1cda 8b78 | 0000 bf90 | 0100 0074 | 05bf a001 | 0000 488b | 1c3e 488d | 5b01 4889 
  0x0000788c87d1ebb4: 1c3e 0f84 | 8500 0000 | e94b 0000 | 0048 8b74 

  0x0000788c87d1ebc4: ;   {metadata(method data for {method} {0x0000788c59a19048} 'dispatchEvent' '(Ljava/awt/AWTEvent;)V' in 'org/netbeans/core/TimableEventQueue')}
  0x0000788c87d1ebc4: 2418 48bf | 185a 1cda | 8b78 0000 | 4883 8748 | 0100 0001 | 488b 7424 

  0x0000788c87d1ebdc: ;   {optimized virtual_call}
  0x0000788c87d1ebdc: 1866 90e8 

  0x0000788c87d1ebe0: ; ImmutableOopMap {}
                      ;*invokevirtual done {reexecute=0 rethrow=0 return_oop=0}
                      ; - org.netbeans.core.TimableEventQueue::dispatchEvent@25 (line 139)
  0x0000788c87d1ebe0: 3c9d 3100 

  0x0000788c87d1ebe4: ;   {post_call_nop}
  0x0000788c87d1ebe4: 0f1f 8400 | dc02 0002 

  0x0000788c87d1ebec: ;   {metadata(method data for {method} {0x0000788c59a19048} 'dispatchEvent' '(Ljava/awt/AWTEvent;)V' in 'org/netbeans/core/TimableEventQueue')}
  0x0000788c87d1ebec: 48be 185a | 1cda 8b78 | 0000 ff86 | 7801 0000 | 4883 c440 

  0x0000788c87d1ec00: ;   {poll_return}
  0x0000788c87d1ec00: 5d49 3b67 | 280f 877d | 0000 00c3 | 4889 4424 | 3048 8b74 | 2418 488b 

  0x0000788c87d1ec18: ;   {metadata(method data for {method} {0x0000788c59a19048} 'dispatchEvent' '(Ljava/awt/AWTEvent;)V' in 'org/netbeans/core/TimableEventQueue')}
  0x0000788c87d1ec18: fe48 bb18 | 5a1c da8b | 7800 0048 | 8383 b001 | 0000 010f 

  0x0000788c87d1ec2c: ;   {optimized virtual_call}
  0x0000788c87d1ec2c: 1f40 00e8 

  0x0000788c87d1ec30: ; ImmutableOopMap {[48]=Oop }
                      ;*invokevirtual done {reexecute=0 rethrow=0 return_oop=0}
                      ; - org.netbeans.core.TimableEventQueue::dispatchEvent@37 (line 139)
  0x0000788c87d1ec30: ac6d 6606 

  0x0000788c87d1ec34: ;   {post_call_nop}
  0x0000788c87d1ec34: 0f1f 8400 | 2c03 0003 | 488b 4424 | 30e9 8800 

  0x0000788c87d1ec44: ;   {metadata({method} {0x0000788c59a19048} 'dispatchEvent' '(Ljava/awt/AWTEvent;)V' in 'org/netbeans/core/TimableEventQueue')}
  0x0000788c87d1ec44: 0000 49ba | 4890 a159 | 8c78 0000 | 4c89 5424 | 0848 c704 | 24ff ffff 

  0x0000788c87d1ec5c: ;   {runtime_call C1 Runtime counter_overflow_blob}
  0x0000788c87d1ec5c: ffe8 fef7 

  0x0000788c87d1ec60: ; ImmutableOopMap {rsi=Oop rdx=Oop }
                      ;*synchronization entry
                      ; - org.netbeans.core.TimableEventQueue::dispatchEvent@-1 (line 132)
  0x0000788c87d1ec60: 7306 e9fb | fdff ff8b | 8380 0000 | 0048 c1e0 | 0348 85c0 | 0f84 1bfe | ffff 4889 

  0x0000788c87d1ec7c: ;   {runtime_call g1_pre_barrier_slow}
  0x0000788c87d1ec7c: 0424 e85d | 3074 06e9 | 0dfe ffff 

  0x0000788c87d1ec88: ;   {internal_word}
  0x0000788c87d1ec88: 49ba 01ec | d187 8c78 | 0000 4d89 | 9710 0500 

  0x0000788c87d1ec98: ;   {runtime_call SafepointBlob}
  0x0000788c87d1ec98: 00e9 c28e | 6606 be00 | 0000 00e9 | cffe ffff | 8b74 2428 | e9c6 feff | ff49 8b87 | c005 0000 
  0x0000788c87d1ecb8: 49c7 87c0 | 0500 0000 | 0000 0049 | c787 c805 | 0000 0000 | 0000 4883 

  0x0000788c87d1ecd0: ;   {runtime_call C1 Runtime unwind_exception_blob}
  0x0000788c87d1ecd0: c440 5de9 | 0824 6b06 
[Stub Code]
  0x0000788c87d1ecd8: ;   {other}
  0x0000788c87d1ecd8: 0f1f 4400 

  0x0000788c87d1ecdc: ;   {static_stub}
  0x0000788c87d1ecdc: 0048 bb00 | 0000 0000 

  0x0000788c87d1ece4: ;   {runtime_call nmethod}
  0x0000788c87d1ece4: 0000 00e9 | fbff ffff 

  0x0000788c87d1ecec: ;   {static_stub}
  0x0000788c87d1ecec: 48bb a892 | a159 8c78 

  0x0000788c87d1ecf4: ;   {runtime_call I2C/C2I adapters}
  0x0000788c87d1ecf4: 0000 e9bb 

  0x0000788c87d1ecf8: ;   {static_stub}
  0x0000788c87d1ecf8: df66 0648 | bbc8 90a1 | 598c 7800 

  0x0000788c87d1ed04: ;   {runtime_call I2C/C2I adapters}
  0x0000788c87d1ed04: 00e9 2882 

  0x0000788c87d1ed08: ;   {runtime_call C1 Runtime handle_exception_from_callee_blob}
  0x0000788c87d1ed08: 6606 e8d1 

  0x0000788c87d1ed0c: ;   {external_word}
  0x0000788c87d1ed0c: f66a 0648 | bf98 4667 | a68c 7800 | 0048 83e4 

  0x0000788c87d1ed1c: ;   {runtime_call MacroAssembler::debug64(char*, long, long*)}
  0x0000788c87d1ed1c: f0e8 ee25 

  0x0000788c87d1ed20: ;   {runtime_call DeoptimizationBlob}
  0x0000788c87d1ed20: 3d1e f4e8 | 3891 6606 
[Deopt Handler Entry Point]
  0x0000788c87d1ed28: ebf9 f4f4 | f4f4 f4f4 
[/MachCode]


Compiled method (c1) 230360 11252   !   3       java.awt.EventDispatchThread::pumpOneEventForFilters (106 bytes)
 total in heap  [0x0000788c87cd5288,0x0000788c87cd6078] = 3568
 main code      [0x0000788c87cd5380,0x0000788c87cd5fa0] = 3104
 stub code      [0x0000788c87cd5fa0,0x0000788c87cd6068] = 200
 oops           [0x0000788c87cd6068,0x0000788c87cd6078] = 16
 mutable data [0x0000788c391ac250,0x0000788c391ac3e8] = 408
 relocation     [0x0000788c391ac250,0x0000788c391ac398] = 328
 metadata       [0x0000788c391ac398,0x0000788c391ac3e8] = 80
 immutable data [0x0000788c391abc60,0x0000788c391ac244] = 1508
 dependencies   [0x0000788c391abc60,0x0000788c391abc78] = 24
 nul chk table  [0x0000788c391abc78,0x0000788c391abcb0] = 56
 handler table  [0x0000788c391abcb0,0x0000788c391abf18] = 616
 scopes pcs     [0x0000788c391abf18,0x0000788c391ac0c8] = 432
 scopes data    [0x0000788c391ac0c8,0x0000788c391ac240] = 376

[Constant Pool (empty)]


Loading hsdis library failed, undisassembled code is shown in MachCode section
[MachCode]
[Instructions begin]
  0x0000788c87cd5380: 6666 660f | 1f84 0000 | 0000 0066 | 6666 9066 | 6690 448b | 5608 443b 

  0x0000788c87cd5398: ;   {runtime_call Shared Runtime ic_miss_blob}
  0x0000788c87cd5398: 5008 0f85 | 4003 6b06 
[Verified Entry Point]
  0x0000788c87cd53a0: 8984 2400 | c0fe ff55 | 4881 ec80 | 0000 0090 | 4181 7f20 | 0900 0000 

  0x0000788c87cd53b8: ;   {runtime_call Stub::Stub Generator method_entry_barrier_stub}
  0x0000788c87cd53b8: 7405 e841 | 7a69 0648 | 8974 2450 | 8954 2448 

  0x0000788c87cd53c8: ;   {metadata(method data for {method} {0x0000788c58589808} 'pumpOneEventForFilters' '(I)V' in 'java/awt/EventDispatchThread')}
  0x0000788c87cd53c8: 48b8 1056 | 07da 8b78 | 0000 8bb8 | 9000 0000 | 83c7 0289 | b890 0000 | 0081 e7fe | 0700 0085 
  0x0000788c87cd53e8: ff0f 842a | 0a00 0090 

  0x0000788c87cd53f0: ;   {metadata(method data for {method} {0x0000788c58589808} 'pumpOneEventForFilters' '(I)V' in 'java/awt/EventDispatchThread')}
  0x0000788c87cd53f0: 488b c648 | bf10 5607 | da8b 7800 | 0048 8387 | e800 0000 | 0148 8d7c | 2460 4889 | 7708 488b 
  0x0000788c87cd5410: 0641 8b9f | c007 0000 | 81fb 1008 | 0000 0f8d | 160a 0000 | 493b 741f | f80f 8425 | 0000 00a8 
  0x0000788c87cd5430: 020f 8503 | 0a00 0048 | 8bd8 4883 | e3fe 4883 | c801 f048 | 0fb1 1e0f | 85ed 0900 | 0041 8b9f 
  0x0000788c87cd5450: c007 0000 | 4989 341f | 83c3 0841 | 899f c007 | 0000 8b7e | 7048 c1e7 | 0348 897c | 2440 488d 
  0x0000788c87cd5470: 4424 6048 | 8b48 0841 | 8b9f c007 | 0000 493b | 4c1f f80f | 85c4 0900 | 0041 83af | c007 0000 
  0x0000788c87cd5490: 0849 3b4c | 1ff0 0f84 | 2a00 0000 | 488b 01a8 | 020f 8512 | 0000 0048 | 8bd8 4883 | cb01 f048 
  0x0000788c87cd54b0: 0fb1 190f | 840d 0000 | 0041 8387 | c007 0000 | 08e9 8709 | 0000 83fa 

  0x0000788c87cd54c8: ;   {metadata(method data for {method} {0x0000788c58589808} 'pumpOneEventForFilters' '(I)V' in 'java/awt/EventDispatchThread')}
  0x0000788c87cd54c8: ff48 bb10 | 5607 da8b | 7800 00b8 | 0801 0000 | 7505 b818 | 0100 0048 | 8b0c 0348 | 8d49 0148 
  0x0000788c87cd54e8: 890c 030f | 85b8 0000 | 0048 3b07 

  0x0000788c87cd54f4: ;   {metadata(method data for {method} {0x0000788c58589808} 'pumpOneEventForFilters' '(I)V' in 'java/awt/EventDispatchThread')}
  0x0000788c87cd54f4: 488b df48 | b810 5607 | da8b 7800 | 008b 5b08 | 41ba 0000 | 0025 4903 | da48 3b98 | 3001 0000 
  0x0000788c87cd5514: 750d 4883 | 8038 0100 | 0001 e960 | 0000 0048 | 3b98 4001 | 0000 750d | 4883 8048 | 0100 0001 
  0x0000788c87cd5534: e94a 0000 | 0048 83b8 | 3001 0000 | 0075 1748 | 8998 3001 | 0000 48c7 | 8038 0100 | 0001 0000 
  0x0000788c87cd5554: 00e9 2900 | 0000 4883 | b840 0100 | 0000 7517 | 4889 9840 | 0100 0048 | c780 4801 | 0000 0100 
  0x0000788c87cd5574: 0000 e908 | 0000 0048 | 8380 2801 | 0000 0148 

  0x0000788c87cd5584: ;   {optimized virtual_call}
  0x0000788c87cd5584: 8bf7 90e8 

  0x0000788c87cd5588: ; ImmutableOopMap {[64]=Oop [80]=Oop }
                      ;*invokevirtual getNextEvent {reexecute=0 rethrow=0 return_oop=0}
                      ; - java.awt.EventDispatchThread::pumpOneEventForFilters@20 (line 190)
  0x0000788c87cd5588: 14f3 ffff 

  0x0000788c87cd558c: ;   {post_call_nop}
  0x0000788c87cd558c: 0f1f 8400 | 0403 0000 

  0x0000788c87cd5594: ;   {metadata(method data for {method} {0x0000788c58589808} 'pumpOneEventForFilters' '(I)V' in 'java/awt/EventDispatchThread')}
  0x0000788c87cd5594: 48ba 1056 | 07da 8b78 | 0000 ff82 | 5801 0000 | e9ab 0000 | 0048 3b07 

  0x0000788c87cd55ac: ;   {metadata(method data for {method} {0x0000788c58589808} 'pumpOneEventForFilters' '(I)V' in 'java/awt/EventDispatchThread')}
  0x0000788c87cd55ac: 488b d748 | be10 5607 | da8b 7800 | 008b 5208 | 41ba 0000 | 0025 4903 | d248 3b96 | 7801 0000 
  0x0000788c87cd55cc: 750d 4883 | 8680 0100 | 0001 e960 | 0000 0048 | 3b96 8801 | 0000 750d | 4883 8690 | 0100 0001 
  0x0000788c87cd55ec: e94a 0000 | 0048 83be | 7801 0000 | 0075 1748 | 8996 7801 | 0000 48c7 | 8680 0100 | 0001 0000 
  0x0000788c87cd560c: 00e9 2900 | 0000 4883 | be88 0100 | 0000 7517 | 4889 9688 | 0100 0048 | c786 9001 | 0000 0100 
  0x0000788c87cd562c: 0000 e908 | 0000 0048 | 8386 7001 | 0000 018b | 5424 4848 | 8bf7 0f1f 

  0x0000788c87cd5644: ;   {optimized virtual_call}
  0x0000788c87cd5644: 4400 00e8 

  0x0000788c87cd5648: ; ImmutableOopMap {[64]=Oop [80]=Oop }
                      ;*invokevirtual getNextEvent {reexecute=0 rethrow=0 return_oop=0}
                      ; - java.awt.EventDispatchThread::pumpOneEventForFilters@29 (line 190)
  0x0000788c87cd5648: 9403 6b06 

  0x0000788c87cd564c: ;   {post_call_nop}
  0x0000788c87cd564c: 0f1f 8400 | c403 0001 | 488b 7424 

  0x0000788c87cd5658: ;   {metadata(method data for {method} {0x0000788c58589808} 'pumpOneEventForFilters' '(I)V' in 'java/awt/EventDispatchThread')}
  0x0000788c87cd5658: 5048 ba10 | 5607 da8b 

  0x0000788c87cd5660: ;   {metadata('java/awt/EventDispatchThread')}
  0x0000788c87cd5660: 7800 0049 | baf8 db09 | 2600 0000 | 004c 8992 | a801 0000 | 4883 82b0 | 0100 0001 | 488b d048 
  0x0000788c87cd5680: 8b74 2450 | 4889 4424 | 5866 0f1f 

  0x0000788c87cd568c: ;   {optimized virtual_call}
  0x0000788c87cd568c: 4400 00e8 

  0x0000788c87cd5690: ; ImmutableOopMap {[64]=Oop [80]=Oop [88]=Oop }
                      ;*invokevirtual filterAndCheckEvent {reexecute=0 rethrow=0 return_oop=0}
                      ; - java.awt.EventDispatchThread::pumpOneEventForFilters@35 (line 192)
  0x0000788c87cd5690: 8cae 1400 

  0x0000788c87cd5694: ;   {post_call_nop}
  0x0000788c87cd5694: 0f1f 8400 | 0c04 0002 

  0x0000788c87cd569c: ;   {metadata(method data for {method} {0x0000788c58589808} 'pumpOneEventForFilters' '(I)V' in 'java/awt/EventDispatchThread')}
  0x0000788c87cd569c: 85c0 48be | 1056 07da | 8b78 0000 | bfd0 0100 | 0075 05bf | e001 0000 | 488b 1c3e | 488d 5b01 
  0x0000788c87cd56bc: 4889 1c3e | 0f85 c200 | 0000 8944 | 244c 488b | 4424 5848 | 3b00 488b 

  0x0000788c87cd56d4: ;   {metadata(method data for {method} {0x0000788c58589808} 'pumpOneEventForFilters' '(I)V' in 'java/awt/EventDispatchThread')}
  0x0000788c87cd56d4: f048 bb10 | 5607 da8b | 7800 008b | 7608 41ba | 0000 0025 | 4903 f248 | 3bb3 f801 | 0000 750d 
  0x0000788c87cd56f4: 4883 8300 | 0200 0001 | e960 0000 | 0048 3bb3 | 0802 0000 | 750d 4883 | 8310 0200 | 0001 e94a 
  0x0000788c87cd5714: 0000 0048 | 83bb f801 | 0000 0075 | 1748 89b3 | f801 0000 | 48c7 8300 | 0200 0001 | 0000 00e9 
  0x0000788c87cd5734: 2900 0000 | 4883 bb08 | 0200 0000 | 7517 4889 | b308 0200 | 0048 c783 | 1002 0000 | 0100 0000 
  0x0000788c87cd5754: e908 0000 | 0048 8383 | f001 0000 | 0148 8bf0 | 4889 4424 | 580f 1f40 | 0048 b8a0 | c61a 398c 
  0x0000788c87cd5774: ;   {virtual_call}
  0x0000788c87cd5774: 7800 00e8 

  0x0000788c87cd5778: ; ImmutableOopMap {[64]=Oop [80]=Oop [88]=Oop }
                      ;*invokevirtual consume {reexecute=0 rethrow=0 return_oop=0}
                      ; - java.awt.EventDispatchThread::pumpOneEventForFilters@44 (line 194)
  0x0000788c87cd5778: 065d 1407 

  0x0000788c87cd577c: ;   {post_call_nop}
  0x0000788c87cd577c: 0f1f 8400 | f404 0003 | 8b44 244c | 85c0 ba02 | 0000 0074 | 05ba 0000 

  0x0000788c87cd5794: ;   {metadata(method data for {method} {0x0000788c58589808} 'pumpOneEventForFilters' '(I)V' in 'java/awt/EventDispatchThread')}
  0x0000788c87cd5794: 0000 48be | 1056 07da | 8b78 0000 | 8bbe 9400 | 0000 03fa | 89be 9400 | 0000 85d2 | 7505 bf02 
  0x0000788c87cd57b4: 0000 0081 | e7fe 3f00 | 0085 ff0f | 84aa 0600 | 004d 8b57 

  0x0000788c87cd57c8: ; ImmutableOopMap {[64]=Oop [80]=Oop [88]=Oop }
                      ;*ifeq {reexecute=1 rethrow=0 return_oop=0}
                      ; - (reexecute) java.awt.EventDispatchThread::pumpOneEventForFilters@48 (line 197)
                      ;   {poll}
  0x0000788c87cd57c8: 3041 8502 

  0x0000788c87cd57cc: ;   {metadata(method data for {method} {0x0000788c58589808} 'pumpOneEventForFilters' '(I)V' in 'java/awt/EventDispatchThread')}
  0x0000788c87cd57cc: 85c0 48ba | 1056 07da | 8b78 0000 | be30 0200 | 0075 05be | 2002 0000 | 488b 3c32 | 488d 7f01 
  0x0000788c87cd57ec: 4889 3c32 | 0f85 0e00 | 0000 8b54 | 2448 488b | 7424 50e9 | ecfb ffff 

  0x0000788c87cd5804: ;   {oop(a 'sun/util/logging/PlatformLogger'{0x00000007ffca2b00})}
  0x0000788c87cd5804: 48ba 002b | caff 0700 

  0x0000788c87cd580c: ;   {metadata(method data for {method} {0x0000788c58589808} 'pumpOneEventForFilters' '(I)V' in 'java/awt/EventDispatchThread')}
  0x0000788c87cd580c: 0000 48be | 1056 07da | 8b78 0000 

  0x0000788c87cd5818: ;   {metadata('sun/util/logging/PlatformLogger')}
  0x0000788c87cd5818: 49ba 68ab | 0226 0000 | 0000 4c89 | 9648 0200 | 0048 8386 | 5002 0000 

  0x0000788c87cd5830: ;   {metadata(method data for {method} {0x0000788c581ba7b0} 'isLoggable' '(Lsun/util/logging/PlatformLogger$Level;)Z' in 'sun/util/logging/PlatformLogger')}
  0x0000788c87cd5830: 0148 bab0 | b8db 588c | 7800 008b | b290 0000 | 0083 c602 | 89b2 9000 | 0000 81e6 | feff 1f00 
  0x0000788c87cd5850: 85f6 0f84 | 3806 0000 

  0x0000788c87cd5858: ;   {metadata(method data for {method} {0x0000788c581ba7b0} 'isLoggable' '(Lsun/util/logging/PlatformLogger$Level;)Z' in 'sun/util/logging/PlatformLogger')}
  0x0000788c87cd5858: 48ba b0b8 | db58 8c78 | 0000 ff82 | d800 0000 

  0x0000788c87cd5868: ;   {oop(a 'sun/util/logging/PlatformLogger'{0x00000007ffca2b00})}
  0x0000788c87cd5868: 48ba 002b | caff 0700 | 0000 8b72 | 0c48 c1e6 | 0348 3b06 

  0x0000788c87cd587c: ;   {metadata(method data for {method} {0x0000788c581ba7b0} 'isLoggable' '(Lsun/util/logging/PlatformLogger$Level;)Z' in 'sun/util/logging/PlatformLogger')}
  0x0000788c87cd587c: 488b d648 | bfb0 b8db | 588c 7800 | 008b 5208 | 41ba 0000 | 0025 4903 | d248 3b97 | 1001 0000 
  0x0000788c87cd589c: 750d 4883 | 8718 0100 | 0001 e960 | 0000 0048 | 3b97 2001 | 0000 750d | 4883 8728 | 0100 0001 
  0x0000788c87cd58bc: e94a 0000 | 0048 83bf | 1001 0000 | 0075 1748 | 8997 1001 | 0000 48c7 | 8718 0100 | 0001 0000 
  0x0000788c87cd58dc: 00e9 2900 | 0000 4883 | bf20 0100 | 0000 7517 | 4889 9720 | 0100 0048 | c787 2801 | 0000 0100 
  0x0000788c87cd58fc: 0000 e908 | 0000 0048 | 8387 0801 

  0x0000788c87cd5908: ;   {oop(a 'sun/util/logging/PlatformLogger$Level'{0x0000000707d7cdf8})}
  0x0000788c87cd5908: 0000 0148 | baf8 cdd7 | 0707 0000 | 0048 b8c8 | c61a 398c 

  0x0000788c87cd591c: ;   {virtual_call}
  0x0000788c87cd591c: 7800 00e8 

  0x0000788c87cd5920: ; ImmutableOopMap {[64]=Oop [80]=Oop [88]=Oop }
                      ;*invokeinterface isLoggable {reexecute=0 rethrow=0 return_oop=0}
                      ; - sun.util.logging.PlatformLogger::isLoggable@17 (line 340)
                      ; - java.awt.EventDispatchThread::pumpOneEventForFilters@57 (line 199)
  0x0000788c87cd5920: def4 d106 

  0x0000788c87cd5924: ;   {post_call_nop}
  0x0000788c87cd5924: 0f1f 8400 | 9c06 0005 | 83e0 0185 

  0x0000788c87cd5930: ;   {metadata(method data for {method} {0x0000788c58589808} 'pumpOneEventForFilters' '(I)V' in 'java/awt/EventDispatchThread')}
  0x0000788c87cd5930: c048 be10 | 5607 da8b | 7800 00bf | 7002 0000 | 7405 bf80 | 0200 0048 | 8b1c 3e48 | 8d5b 0148 
  0x0000788c87cd5950: 891c 3e0f | 84ab 0200 | 0048 8b44 

  0x0000788c87cd595c: ;   {metadata(method data for {method} {0x0000788c58589808} 'pumpOneEventForFilters' '(I)V' in 'java/awt/EventDispatchThread')}
  0x0000788c87cd595c: 2458 48be | 1056 07da | 8b78 0000 | 4883 8690 | 0200 0001 

  0x0000788c87cd5970: ;   {metadata(method data for {method} {0x00000000254a0b78} 'valueOf' '(Ljava/lang/Object;)Ljava/lang/String;' in 'java/lang/String')}
  0x0000788c87cd5970: 48be 587b | 0d58 8c78 | 0000 8bbe | 9000 0000 | 83c7 0289 | be90 0000 | 0081 e7fe | ff1f 0085 
  0x0000788c87cd5990: ff0f 841f | 0500 0048 

  0x0000788c87cd5998: ;   {metadata(method data for {method} {0x00000000254a0b78} 'valueOf' '(Ljava/lang/Object;)Ljava/lang/String;' in 'java/lang/String')}
  0x0000788c87cd5998: 85c0 48be | 587b 0d58 | 8c78 0000 | bfd8 0000 | 0075 05bf | e800 0000 | 488b 1c3e | 488d 5b01 
  0x0000788c87cd59b8: 4889 1c3e | 0f85 2400 

  0x0000788c87cd59c0: ;   {metadata(method data for {method} {0x00000000254a0b78} 'valueOf' '(Ljava/lang/Object;)Ljava/lang/String;' in 'java/lang/String')}
  0x0000788c87cd59c0: 0000 48be | 587b 0d58 | 8c78 0000 | ff86 f800 

  0x0000788c87cd59d0: ;   {oop("null"{0x00000007ffe45fc8})}
  0x0000788c87cd59d0: 0000 48be | c85f e4ff | 0700 0000 | 4889 4424 | 58e9 b900 | 0000 483b | 0048 8bf0 

  0x0000788c87cd59ec: ;   {metadata(method data for {method} {0x00000000254a0b78} 'valueOf' '(Ljava/lang/Object;)Ljava/lang/String;' in 'java/lang/String')}
  0x0000788c87cd59ec: 48bf 587b | 0d58 8c78 | 0000 8b76 | 0841 ba00 | 0000 2549 | 03f2 483b | b718 0100 | 0075 0d48 
  0x0000788c87cd5a0c: 8387 2001 | 0000 01e9 | 6000 0000 | 483b b728 | 0100 0075 | 0d48 8387 | 3001 0000 | 01e9 4a00 
  0x0000788c87cd5a2c: 0000 4883 | bf18 0100 | 0000 7517 | 4889 b718 | 0100 0048 | c787 2001 | 0000 0100 | 0000 e929 
  0x0000788c87cd5a4c: 0000 0048 | 83bf 2801 | 0000 0075 | 1748 89b7 | 2801 0000 | 48c7 8730 | 0100 0001 | 0000 00e9 
  0x0000788c87cd5a6c: 0800 0000 | 4883 8710 | 0100 0001 | 488b f048 | 8944 2458 | 0f1f 4400 | 0048 b8f0 | c61a 398c 
  0x0000788c87cd5a8c: ;   {virtual_call}
  0x0000788c87cd5a8c: 7800 00e8 

  0x0000788c87cd5a90: ; ImmutableOopMap {[64]=Oop [80]=Oop [88]=Oop }
                      ;*invokevirtual toString {reexecute=0 rethrow=0 return_oop=0}
                      ; - java.lang.String::valueOf@11 (line 4817)
                      ; - java.awt.EventDispatchThread::pumpOneEventForFilters@67 (line 200)
  0x0000788c87cd5a90: 4c02 6b06 

  0x0000788c87cd5a94: ;   {post_call_nop}
  0x0000788c87cd5a94: 0f1f 8400 | 0c08 0006 | 488b f090 

  0x0000788c87cd5aa0: ;   {other}
  0x0000788c87cd5aa0: e946 0400 | 0090 9090 | 9090 0f1f 

  0x0000788c87cd5aac: ;   {static_call}
  0x0000788c87cd5aac: 4400 00e8 

  0x0000788c87cd5ab0: ; ImmutableOopMap {[64]=Oop [80]=Oop [88]=Oop }
                      ;*invokedynamic {reexecute=0 rethrow=0 return_oop=0}
                      ; - java.awt.EventDispatchThread::pumpOneEventForFilters@70 (line 200)
  0x0000788c87cd5ab0: 2c05 6b06 

  0x0000788c87cd5ab4: ;   {post_call_nop}
  0x0000788c87cd5ab4: 0f1f 8400 | 2c08 0007 

  0x0000788c87cd5abc: ;   {metadata(method data for {method} {0x0000788c58589808} 'pumpOneEventForFilters' '(I)V' in 'java/awt/EventDispatchThread')}
  0x0000788c87cd5abc: 48ba 1056 | 07da 8b78 | 0000 488d | 92c0 0200 | 0048 85c0 | 750a f602 | 0175 05f0 | 4883 0a01 
  0x0000788c87cd5adc: ;   {oop(a 'sun/util/logging/PlatformLogger'{0x00000007ffca2b00})}
  0x0000788c87cd5adc: 48ba 002b | caff 0700 | 0000 488b 

  0x0000788c87cd5ae8: ;   {metadata(method data for {method} {0x0000788c58589808} 'pumpOneEventForFilters' '(I)V' in 'java/awt/EventDispatchThread')}
  0x0000788c87cd5ae8: ca49 b810 | 5607 da8b 

  0x0000788c87cd5af0: ;   {metadata('sun/util/logging/PlatformLogger')}
  0x0000788c87cd5af0: 7800 0049 | ba68 ab02 | 2600 0000 | 004d 8990 | d802 0000 | 4983 80e0 | 0200 0001 

  0x0000788c87cd5b0c: ;   {metadata(method data for {method} {0x0000788c581bb8d8} 'finest' '(Ljava/lang/String;)V' in 'sun/util/logging/PlatformLogger')}
  0x0000788c87cd5b0c: 48b9 5831 | d958 8c78 | 0000 448b | 8190 0000 | 0041 83c0 | 0244 8981 | 9000 0000 | 4181 e0fe 
  0x0000788c87cd5b2c: ff1f 0045 | 85c0 0f84 | bd03 0000 | 8b72 0c48 | c1e6 0348 | 3b06 488b 

  0x0000788c87cd5b44: ;   {metadata(method data for {method} {0x0000788c581bb8d8} 'finest' '(Ljava/lang/String;)V' in 'sun/util/logging/PlatformLogger')}
  0x0000788c87cd5b44: d648 b958 | 31d9 588c | 7800 008b | 5208 41ba | 0000 0025 | 4903 d248 | 3b91 1001 | 0000 750d 
  0x0000788c87cd5b64: 4883 8118 | 0100 0001 | e960 0000 | 0048 3b91 | 2001 0000 | 750d 4883 | 8128 0100 | 0001 e94a 
  0x0000788c87cd5b84: 0000 0048 | 83b9 1001 | 0000 0075 | 1748 8991 | 1001 0000 | 48c7 8118 | 0100 0001 | 0000 00e9 
  0x0000788c87cd5ba4: 2900 0000 | 4883 b920 | 0100 0000 | 7517 4889 | 9120 0100 | 0048 c781 | 2801 0000 | 0100 0000 
  0x0000788c87cd5bc4: e908 0000 | 0048 8381 | 0801 0000 

  0x0000788c87cd5bd0: ;   {oop(a 'sun/util/logging/PlatformLogger$Level'{0x0000000707d7cdf8})}
  0x0000788c87cd5bd0: 0148 baf8 | cdd7 0707 | 0000 0048 

  0x0000788c87cd5bdc: ;   {oop(nullptr)}
  0x0000788c87cd5bdc: 8bc8 49b8 | 0000 0000 | 0000 0000 | 0f1f 4400 | 0048 b818 | c71a 398c 

  0x0000788c87cd5bf4: ;   {virtual_call}
  0x0000788c87cd5bf4: 7800 00e8 

  0x0000788c87cd5bf8: ; ImmutableOopMap {[64]=Oop [80]=Oop [88]=Oop }
                      ;*invokeinterface log {reexecute=0 rethrow=0 return_oop=0}
                      ; - sun.util.logging.PlatformLogger::finest@12 (line 481)
                      ; - java.awt.EventDispatchThread::pumpOneEventForFilters@75 (line 200)
  0x0000788c87cd5bf8: e400 6b06 

  0x0000788c87cd5bfc: ;   {post_call_nop}
  0x0000788c87cd5bfc: 0f1f 8400 | 7409 0008 | 488b 4424 | 5848 8b7c | 2440 488b 

  0x0000788c87cd5c10: ;   {metadata(method data for {method} {0x0000788c58589808} 'pumpOneEventForFilters' '(I)V' in 'java/awt/EventDispatchThread')}
  0x0000788c87cd5c10: d748 be10 | 5607 da8b | 7800 008b | 5208 41ba | 0000 0025 | 4903 d248 | 3b96 0803 | 0000 750d 
  0x0000788c87cd5c30: 4883 8610 | 0300 0001 | e960 0000 | 0048 3b96 | 1803 0000 | 750d 4883 | 8620 0300 | 0001 e94a 
  0x0000788c87cd5c50: 0000 0048 | 83be 0803 | 0000 0075 | 1748 8996 | 0803 0000 | 48c7 8610 | 0300 0001 | 0000 00e9 
  0x0000788c87cd5c70: 2900 0000 | 4883 be18 | 0300 0000 | 7517 4889 | 9618 0300 | 0048 c786 | 2003 0000 | 0100 0000 
  0x0000788c87cd5c90: e908 0000 | 0048 8386 | 0003 0000 | 0148 8bd0 | 488b f766 | 9048 b840 | c71a 398c 

  0x0000788c87cd5cac: ;   {virtual_call}
  0x0000788c87cd5cac: 7800 00e8 

  0x0000788c87cd5cb0: ; ImmutableOopMap {[80]=Oop }
                      ;*invokevirtual dispatchEvent {reexecute=0 rethrow=0 return_oop=0}
                      ; - java.awt.EventDispatchThread::pumpOneEventForFilters@81 (line 203)
  0x0000788c87cd5cb0: 5e8d 0400 

  0x0000788c87cd5cb4: ;   {post_call_nop}
  0x0000788c87cd5cb4: 0f1f 8400 | 2c0a 0009 

  0x0000788c87cd5cbc: ;   {metadata(method data for {method} {0x0000788c58589808} 'pumpOneEventForFilters' '(I)V' in 'java/awt/EventDispatchThread')}
  0x0000788c87cd5cbc: 48b8 1056 | 07da 8b78 | 0000 ff80 | 3003 0000 | 4881 c480 | 0000 005d 

  0x0000788c87cd5cd4: ;   {poll_return}
  0x0000788c87cd5cd4: 493b 6728 | 0f87 3d02 | 0000 c38b | 7424 4849 | 8b87 c005 | 0000 4d33 | d24d 8997 | c005 0000 
  0x0000788c87cd5cf4: 4d33 d24d | 8997 c805 | 0000 488b | d048 8d44 | 2460 488b | 5808 418b | bfc0 0700 | 0049 3b5c 
  0x0000788c87cd5d14: 3ff8 0f85 | 1502 0000 | 4183 afc0 | 0700 0008 | 493b 5c3f | f00f 842a | 0000 0048 | 8b03 a802 
  0x0000788c87cd5d34: 0f85 1200 | 0000 488b | f848 83cf | 01f0 480f | b13b 0f84 | 0d00 0000 | 4183 87c0 | 0700 0008 
  0x0000788c87cd5d54: e9d8 0100 

  0x0000788c87cd5d58: ; ImmutableOopMap {rax=Oop [80]=Oop }
                      ;*invokevirtual getEventQueue {reexecute=0 rethrow=0 return_oop=0}
                      ; - java.awt.EventDispatchThread::pumpOneEventForFilters@8 (line 188)
  0x0000788c87cd5d58: 0048 8bc2 

  0x0000788c87cd5d5c: ;   {section_word}
  0x0000788c87cd5d5c: 48ba 5c5d | cd87 8c78 

  0x0000788c87cd5d64: ;   {runtime_call C1 Runtime handle_exception_nofpu_blob}
  0x0000788c87cd5d64: 0000 e875 | 8c6f 0690 | 498b 87c0 | 0500 004d | 33d2 4d89 | 97c0 0500 | 004d 33d2 | 4d89 97c8 
  0x0000788c87cd5d84: 0500 0048 | 8b74 2450 

  0x0000788c87cd5d8c: ;   {metadata(method data for {method} {0x0000788c58589808} 'pumpOneEventForFilters' '(I)V' in 'java/awt/EventDispatchThread')}
  0x0000788c87cd5d8c: 48ba 1056 | 07da 8b78 | 0000 4883 | 8260 0300 | 0001 488b | d048 8b74 

  0x0000788c87cd5da4: ;   {optimized virtual_call}
  0x0000788c87cd5da4: 2450 90e8 

  0x0000788c87cd5da8: ; ImmutableOopMap {}
                      ;*invokevirtual processException {reexecute=0 rethrow=0 return_oop=0}
                      ; - java.awt.EventDispatchThread::pumpOneEventForFilters@102 (line 210)
  0x0000788c87cd5da8: 34fc 6a06 

  0x0000788c87cd5dac: ;   {post_call_nop}
  0x0000788c87cd5dac: 0f1f 8400 | 240b 000b | 4881 c480 | 0000 005d 

  0x0000788c87cd5dbc: ;   {poll_return}
  0x0000788c87cd5dbc: 493b 6728 | 0f87 7e01 | 0000 c348 | 8b74 2450 | 498b 87c0 | 0500 004d | 33d2 4d89 | 97c0 0500 
  0x0000788c87cd5ddc: 004d 33d2 | 4d89 97c8 | 0500 00bf | 0000 0000 | 4088 7e78 | f083 4424 

  0x0000788c87cd5df4: ;   {metadata(method data for {method} {0x0000788c58589808} 'pumpOneEventForFilters' '(I)V' in 'java/awt/EventDispatchThread')}
  0x0000788c87cd5df4: c000 48be | 1056 07da | 8b78 0000 | ff86 4803 | 0000 4881 | c480 0000 

  0x0000788c87cd5e0c: ;   {poll_return}
  0x0000788c87cd5e0c: 005d 493b | 6728 0f87 | 4201 0000 

  0x0000788c87cd5e18: ;   {metadata({method} {0x0000788c58589808} 'pumpOneEventForFilters' '(I)V' in 'java/awt/EventDispatchThread')}
  0x0000788c87cd5e18: c349 ba08 | 9858 588c | 7800 004c | 8954 2408 | 48c7 0424 | ffff ffff 

  0x0000788c87cd5e30: ;   {runtime_call C1 Runtime counter_overflow_blob}
  0x0000788c87cd5e30: e82b 8678 

  0x0000788c87cd5e34: ; ImmutableOopMap {rsi=Oop [80]=Oop }
                      ;*synchronization entry
                      ; - java.awt.EventDispatchThread::pumpOneEventForFilters@-1 (line 182)
  0x0000788c87cd5e34: 06e9 b5f5 | ffff 4889 | 7424 0848 

  0x0000788c87cd5e40: ;   {runtime_call C1 Runtime monitorenter_nofpu_blob}
  0x0000788c87cd5e40: 893c 24e8 

  0x0000788c87cd5e44: ; ImmutableOopMap {rsi=Oop [80]=Oop [104]=Oop }
                      ;*synchronization entry
                      ; - java.awt.EventDispatchThread::getEventQueue@-1 (line 222)
                      ; - java.awt.EventDispatchThread::pumpOneEventForFilters@8 (line 188)
  0x0000788c87cd5e44: 98c4 7806 | e915 f6ff | ff48 8d44 | 2460 4889 

  0x0000788c87cd5e54: ;   {runtime_call C1 Runtime monitorexit_nofpu_blob}
  0x0000788c87cd5e54: 0424 e885 | ca78 06e9 | 66f6 ffff 

  0x0000788c87cd5e60: ;   {runtime_call C1 Runtime throw_null_pointer_exception_blob}
  0x0000788c87cd5e60: e87b a36f 

  0x0000788c87cd5e64: ; ImmutableOopMap {rdi=Oop [64]=Oop [80]=Oop }
                      ;*invokevirtual getNextEvent {reexecute=0 rethrow=0 return_oop=0}
                      ; - java.awt.EventDispatchThread::pumpOneEventForFilters@20 (line 190)
                      ;   {runtime_call C1 Runtime throw_null_pointer_exception_blob}
  0x0000788c87cd5e64: 06e8 76a3 

  0x0000788c87cd5e68: ; ImmutableOopMap {rdi=Oop [64]=Oop [80]=Oop }
                      ;*invokevirtual getNextEvent {reexecute=0 rethrow=0 return_oop=0}
                      ; - java.awt.EventDispatchThread::pumpOneEventForFilters@29 (line 190)
                      ;   {runtime_call C1 Runtime throw_null_pointer_exception_blob}
  0x0000788c87cd5e68: 6f06 e871 

  0x0000788c87cd5e6c: ; ImmutableOopMap {rax=Oop [64]=Oop [80]=Oop }
                      ;*invokevirtual consume {reexecute=0 rethrow=0 return_oop=0}
                      ; - java.awt.EventDispatchThread::pumpOneEventForFilters@44 (line 194)
                      ;   {metadata({method} {0x0000788c58589808} 'pumpOneEventForFilters' '(I)V' in 'java/awt/EventDispatchThread')}
  0x0000788c87cd5e6c: a36f 0649 | ba08 9858 | 588c 7800 | 004c 8954 | 2408 48c7 | 0424 3000 

  0x0000788c87cd5e84: ;   {runtime_call C1 Runtime counter_overflow_blob}
  0x0000788c87cd5e84: 0000 e8d5 

  0x0000788c87cd5e88: ; ImmutableOopMap {[64]=Oop [80]=Oop [88]=Oop }
                      ;*ifeq {reexecute=1 rethrow=0 return_oop=0}
                      ; - (reexecute) java.awt.EventDispatchThread::pumpOneEventForFilters@48 (line 197)
  0x0000788c87cd5e88: 8578 06e9 | 35f9 ffff 

  0x0000788c87cd5e90: ;   {metadata({method} {0x0000788c581ba7b0} 'isLoggable' '(Lsun/util/logging/PlatformLogger$Level;)Z' in 'sun/util/logging/PlatformLogger')}
  0x0000788c87cd5e90: 49ba b0a7 | 1b58 8c78 | 0000 4c89 | 5424 0848 | c704 24ff 

  0x0000788c87cd5ea4: ;   {runtime_call C1 Runtime counter_overflow_blob}
  0x0000788c87cd5ea4: ffff ffe8 

  0x0000788c87cd5ea8: ; ImmutableOopMap {[64]=Oop [80]=Oop [88]=Oop }
                      ;*synchronization entry
                      ; - sun.util.logging.PlatformLogger::isLoggable@-1 (line 336)
                      ; - java.awt.EventDispatchThread::pumpOneEventForFilters@57 (line 199)
  0x0000788c87cd5ea8: b485 7806 | e9a7 f9ff 

  0x0000788c87cd5eb0: ;   {runtime_call C1 Runtime throw_null_pointer_exception_blob}
  0x0000788c87cd5eb0: ffe8 2aa3 

  0x0000788c87cd5eb4: ; ImmutableOopMap {rsi=Oop [64]=Oop [80]=Oop [88]=Oop }
                      ;*invokeinterface isLoggable {reexecute=0 rethrow=0 return_oop=0}
                      ; - sun.util.logging.PlatformLogger::isLoggable@17 (line 340)
                      ; - java.awt.EventDispatchThread::pumpOneEventForFilters@57 (line 199)
                      ;   {metadata({method} {0x00000000254a0b78} 'valueOf' '(Ljava/lang/Object;)Ljava/lang/String;' in 'java/lang/String')}
  0x0000788c87cd5eb4: 6f06 49ba | 780b 4a25 | 0000 0000 | 4c89 5424 | 0848 c704 | 24ff ffff 

  0x0000788c87cd5ecc: ;   {runtime_call C1 Runtime counter_overflow_blob}
  0x0000788c87cd5ecc: ffe8 8e85 

  0x0000788c87cd5ed0: ; ImmutableOopMap {rax=Oop [64]=Oop [80]=Oop }
                      ;*synchronization entry
                      ; - java.lang.String::valueOf@-1 (line 4817)
                      ; - java.awt.EventDispatchThread::pumpOneEventForFilters@67 (line 200)
  0x0000788c87cd5ed0: 7806 e9c0 

  0x0000788c87cd5ed4: ;   {runtime_call C1 Runtime throw_null_pointer_exception_blob}
  0x0000788c87cd5ed4: faff ffe8 

  0x0000788c87cd5ed8: ; ImmutableOopMap {rax=Oop [64]=Oop [80]=Oop }
                      ;*invokevirtual toString {reexecute=0 rethrow=0 return_oop=0}
                      ; - java.lang.String::valueOf@11 (line 4817)
                      ; - java.awt.EventDispatchThread::pumpOneEventForFilters@67 (line 200)
  0x0000788c87cd5ed8: 04a3 6f06 | 48ba 0000 | 0000 0000 | 0000 b800 

  0x0000788c87cd5ee8: ;   {runtime_call C1 Runtime load_appendix_patching_blob}
  0x0000788c87cd5ee8: 0f05 0ae8 

  0x0000788c87cd5eec: ; ImmutableOopMap {rsi=Oop [64]=Oop [80]=Oop [88]=Oop }
                      ;*invokedynamic {reexecute=1 rethrow=0 return_oop=0}
                      ; - (reexecute) java.awt.EventDispatchThread::pumpOneEventForFilters@70 (line 200)
  0x0000788c87cd5eec: f08c 7806 | e9ab fbff 

  0x0000788c87cd5ef4: ;   {metadata({method} {0x0000788c581bb8d8} 'finest' '(Ljava/lang/String;)V' in 'sun/util/logging/PlatformLogger')}
  0x0000788c87cd5ef4: ff49 bad8 | b81b 588c | 7800 004c | 8954 2408 | 48c7 0424 | ffff ffff 

  0x0000788c87cd5f0c: ;   {runtime_call C1 Runtime counter_overflow_blob}
  0x0000788c87cd5f0c: e84f 8578 

  0x0000788c87cd5f10: ; ImmutableOopMap {rax=Oop rdx=Oop [64]=Oop [80]=Oop [88]=Oop }
                      ;*synchronization entry
                      ; - sun.util.logging.PlatformLogger::finest@-1 (line 481)
                      ; - java.awt.EventDispatchThread::pumpOneEventForFilters@75 (line 200)
  0x0000788c87cd5f10: 06e9 22fc 

  0x0000788c87cd5f14: ;   {runtime_call C1 Runtime throw_null_pointer_exception_blob}
  0x0000788c87cd5f14: ffff e8c5 

  0x0000788c87cd5f18: ; ImmutableOopMap {rax=Oop rsi=Oop [64]=Oop [80]=Oop [88]=Oop }
                      ;*invokeinterface log {reexecute=0 rethrow=0 return_oop=0}
                      ; - sun.util.logging.PlatformLogger::finest@12 (line 481)
                      ; - java.awt.EventDispatchThread::pumpOneEventForFilters@75 (line 200)
                      ;   {internal_word}
  0x0000788c87cd5f18: a26f 0649 | bad4 5ccd | 878c 7800 | 004d 8997 | 1005 0000 

  0x0000788c87cd5f2c: ;   {runtime_call SafepointBlob}
  0x0000788c87cd5f2c: e92f 1c6b | 0648 8d44 | 2460 4889 

  0x0000788c87cd5f38: ;   {runtime_call C1 Runtime monitorexit_nofpu_blob}
  0x0000788c87cd5f38: 0424 e8a1 | c978 06e9 | 15fe ffff 

  0x0000788c87cd5f44: ;   {internal_word}
  0x0000788c87cd5f44: 49ba bc5d | cd87 8c78 | 0000 4d89 | 9710 0500 

  0x0000788c87cd5f54: ;   {runtime_call SafepointBlob}
  0x0000788c87cd5f54: 00e9 061c 

  0x0000788c87cd5f58: ;   {internal_word}
  0x0000788c87cd5f58: 6b06 49ba | 0e5e cd87 | 8c78 0000 | 4d89 9710 

  0x0000788c87cd5f68: ;   {runtime_call SafepointBlob}
  0x0000788c87cd5f68: 0500 00e9 | f01b 6b06 | 498b 87c0 | 0500 0049 | c787 c005 | 0000 0000 | 0000 49c7 | 87c8 0500 
  0x0000788c87cd5f88: 0000 0000 | 0048 81c4 | 8000 0000 

  0x0000788c87cd5f94: ;   {runtime_call C1 Runtime unwind_exception_blob}
  0x0000788c87cd5f94: 5de9 46b1 | 6f06 f4f4 | f4f4 f4f4 
[Stub Code]
  0x0000788c87cd5fa0: ;   {other}
  0x0000788c87cd5fa0: 0f1f 4400 

  0x0000788c87cd5fa4: ;   {static_stub}
  0x0000788c87cd5fa4: 0048 bb00 | 0000 0000 

  0x0000788c87cd5fac: ;   {runtime_call nmethod}
  0x0000788c87cd5fac: 0000 00e9 | fbff ffff 

  0x0000788c87cd5fb4: ;   {static_stub}
  0x0000788c87cd5fb4: 9048 bb00 | 0000 0000 

  0x0000788c87cd5fbc: ;   {runtime_call nmethod}
  0x0000788c87cd5fbc: 0000 00e9 | fbff ffff 

  0x0000788c87cd5fc4: ;   {static_stub}
  0x0000788c87cd5fc4: 9048 bb58 | 9658 588c 

  0x0000788c87cd5fcc: ;   {runtime_call I2C/C2I adapters}
  0x0000788c87cd5fcc: 7800 00e9 | e26c 6b06 

  0x0000788c87cd5fd4: ;   {static_stub}
  0x0000788c87cd5fd4: 9048 bb00 | 0000 0000 

  0x0000788c87cd5fdc: ;   {runtime_call nmethod}
  0x0000788c87cd5fdc: 0000 00e9 | fbff ffff 

  0x0000788c87cd5fe4: ;   {static_stub}
  0x0000788c87cd5fe4: 9048 bb00 | 0000 0000 

  0x0000788c87cd5fec: ;   {runtime_call nmethod}
  0x0000788c87cd5fec: 0000 00e9 | fbff ffff 

  0x0000788c87cd5ff4: ;   {static_stub}
  0x0000788c87cd5ff4: 9048 bb00 | 0000 0000 

  0x0000788c87cd5ffc: ;   {runtime_call nmethod}
  0x0000788c87cd5ffc: 0000 00e9 | fbff ffff 

  0x0000788c87cd6004: ;   {static_stub}
  0x0000788c87cd6004: 9048 bb00 | 0000 0000 

  0x0000788c87cd600c: ;   {runtime_call nmethod}
  0x0000788c87cd600c: 0000 00e9 | fbff ffff 

  0x0000788c87cd6014: ;   {static_stub}
  0x0000788c87cd6014: 9048 bb00 | 0000 0000 

  0x0000788c87cd601c: ;   {runtime_call nmethod}
  0x0000788c87cd601c: 0000 00e9 | fbff ffff 

  0x0000788c87cd6024: ;   {static_stub}
  0x0000788c87cd6024: 9048 bb00 | 0000 0000 

  0x0000788c87cd602c: ;   {runtime_call nmethod}
  0x0000788c87cd602c: 0000 00e9 | fbff ffff 

  0x0000788c87cd6034: ;   {static_stub}
  0x0000788c87cd6034: 48bb 0000 | 0000 0000 

  0x0000788c87cd603c: ;   {runtime_call nmethod}
  0x0000788c87cd603c: 0000 e9fb 

  0x0000788c87cd6040: ;   {runtime_call C1 Runtime handle_exception_from_callee_blob}
  0x0000788c87cd6040: ffff ffe8 | 9883 6f06 

  0x0000788c87cd6048: ;   {external_word}
  0x0000788c87cd6048: 48bf 9846 | 67a6 8c78 | 0000 4883 

  0x0000788c87cd6054: ;   {runtime_call MacroAssembler::debug64(char*, long, long*)}
  0x0000788c87cd6054: e4f0 e8b5 | b241 1ef4 

  0x0000788c87cd605c: ;   {runtime_call DeoptimizationBlob}
  0x0000788c87cd605c: e8ff 1d6b | 06eb f9f4 | f4f4 f4f4 
[/MachCode]


---------------  P R O C E S S  ---------------

Threads class SMR info:
_java_thread_list=0x0000788c28008330, length=32, elements={
0x0000788ca00e0460, 0x0000788ca00e1c50, 0x0000788ca00e3650, 0x0000788ca00e4ea0,
0x0000788ca00e66e0, 0x0000788ca00e88b0, 0x0000788ca00ea270, 0x0000788ca01b8060,
0x0000788ca01ba490, 0x0000788ca0294310, 0x0000788ca04ec090, 0x0000788c18036af0,
0x0000788c18015000, 0x0000788c1801ba30, 0x0000788c1809b760, 0x0000788c1809fad0,
0x0000788c192b5a30, 0x0000788c1926eab0, 0x0000788c192befb0, 0x0000788c1939bf60,
0x0000788c199d08a0, 0x0000788ca0032a40, 0x0000788c1a444730, 0x0000788c241ffd80,
0x0000788c7c288900, 0x0000788c0d314360, 0x0000788c1b9bd0f0, 0x000058c5b785c760,
0x0000788c0d7c6330, 0x0000788c0d4a1d10, 0x0000788c0d26ea50, 0x0000788c00133560
}

Java Threads: ( => current thread )
  0x0000788ca00e0460 JavaThread "Reference Handler"          daemon [_thread_blocked, id=27576, stack(0x0000788c818c9000,0x0000788c819c9000) (1024K)]
  0x0000788ca00e1c50 JavaThread "Finalizer"                  daemon [_thread_blocked, id=27577, stack(0x0000788c80f00000,0x0000788c81000000) (1024K)]
  0x0000788ca00e3650 JavaThread "Signal Dispatcher"          daemon [_thread_blocked, id=27578, stack(0x0000788c80e00000,0x0000788c80f00000) (1024K)]
  0x0000788ca00e4ea0 JavaThread "Service Thread"             daemon [_thread_blocked, id=27579, stack(0x0000788c80d00000,0x0000788c80e00000) (1024K)]
  0x0000788ca00e66e0 JavaThread "Monitor Deflation Thread"   daemon [_thread_blocked, id=27580, stack(0x0000788c80c00000,0x0000788c80d00000) (1024K)]
  0x0000788ca00e88b0 JavaThread "C2 CompilerThread0"         daemon [_thread_blocked, id=27581, stack(0x0000788c80b00000,0x0000788c80c00000) (1024K)]
  0x0000788ca00ea270 JavaThread "C1 CompilerThread0"         daemon [_thread_blocked, id=27582, stack(0x0000788c80a00000,0x0000788c80b00000) (1024K)]
  0x0000788ca01b8060 JavaThread "Notification Thread"        daemon [_thread_blocked, id=27584, stack(0x0000788c80800000,0x0000788c80900000) (1024K)]
  0x0000788ca01ba490 JavaThread "Common-Cleaner"             daemon [_thread_blocked, id=27585, stack(0x0000788c80700000,0x0000788c80800000) (1024K)]
  0x0000788ca0294310 JavaThread "Active Reference Queue Daemon" daemon [_thread_blocked, id=27587, stack(0x0000788c804ff000,0x0000788c805ff000) (1024K)]
  0x0000788ca04ec090 JavaThread "CLI Requests Server"        daemon [_thread_in_native, id=27588, stack(0x0000788c803ff000,0x0000788c804ff000) (1024K)]
  0x0000788c18036af0 JavaThread "RequestProcessor queue manager" daemon [_thread_blocked, id=27591, stack(0x0000788c800ff000,0x0000788c801ff000) (1024K)]
  0x0000788c18015000 JavaThread "Java2D Disposer"            daemon [_thread_blocked, id=27592, stack(0x0000788c71b4c000,0x0000788c71c4c000) (1024K)]
  0x0000788c1801ba30 JavaThread "AWT-XAWT"                   daemon [_thread_in_native, id=27593, stack(0x0000788c71a4c000,0x0000788c71b4c000) (1024K)]
  0x0000788c1809b760 JavaThread "AWT-Shutdown"                      [_thread_blocked, id=27594, stack(0x0000788c7194c000,0x0000788c71a4c000) (1024K)]
=>0x0000788c1809fad0 JavaThread "AWT-EventQueue-0"                  [_thread_in_native, id=27595, stack(0x0000788c7184c000,0x0000788c7194c000) (1024K)]
  0x0000788c192b5a30 JavaThread "Inactive RequestProcessor thread [Was:org.netbeans.modules.csl.editor.overridden.AnnotationsHolder/org.openide.util.RequestProcessor$RPFutureTask]" daemon [_thread_blocked, id=27604, stack(0x0000788c70e20000,0x0000788c70f20000) (1024K)]
  0x0000788c1926eab0 JavaThread "Editor Parsing Loop (30-46c1feab2cb98b58ae1eccb4f9fba1c29137cf5d)" daemon [_thread_blocked, id=27606, stack(0x0000788c70c20000,0x0000788c70d20000) (1024K)]
  0x0000788c192befb0 JavaThread "Inactive RequestProcessor thread [Was:org.netbeans.modules.editor.errorstripe.AnnotationView/org.netbeans.modules.editor.errorstripe.AnnotationView$RepaintTask]" daemon [_thread_blocked, id=27608, stack(0x0000788c70a20000,0x0000788c70b20000) (1024K)]
  0x0000788c1939bf60 JavaThread "TimerQueue"                 daemon [_thread_blocked, id=27611, stack(0x0000788c7070f000,0x0000788c7080f000) (1024K)]
  0x0000788c199d08a0 JavaThread "Event Dispatch Thread"      daemon [_thread_blocked, id=27614, stack(0x0000788befcae000,0x0000788befdae000) (1024K)]
  0x0000788ca0032a40 JavaThread "DestroyJavaVM"                     [_thread_blocked, id=27565, stack(0x0000788ca6b00000,0x0000788ca6c00000) (1024K)]
  0x0000788c1a444730 JavaThread "Connection evictor"         daemon [_thread_blocked, id=27619, stack(0x0000788bef9a8000,0x0000788befaa8000) (1024K)]
  0x0000788c241ffd80 JavaThread "Inactive RequestProcessor thread [Was:On Start/Stop/org.netbeans.modules.spellchecker.TrieDictionary$RunOnStop]" daemon [_thread_blocked, id=27625, stack(0x0000788bef5a8000,0x0000788bef6a8000) (1024K)]
  0x0000788c7c288900 JavaThread "JNA Cleaner"                daemon [_thread_blocked, id=27705, stack(0x0000788bde431000,0x0000788bde531000) (1024K)]
  0x0000788c0d314360 JavaThread "Inactive RequestProcessor thread [Was:Netigso Events/org.netbeans.core.netigso.Netigso$1]" daemon [_thread_blocked, id=27767, stack(0x0000788bef8a8000,0x0000788bef9a8000) (1024K)]
  0x0000788c1b9bd0f0 JavaThread "Inactive RequestProcessor thread [Was:On Start/Stop/org.netbeans.modules.parsing.impl.indexing.IndexingModule$Shutdown]" daemon [_thread_blocked, id=27769, stack(0x0000788c70b20000,0x0000788c70c20000) (1024K)]
  0x000058c5b785c760 JavaThread "sampler-awt"                       [_thread_blocked, id=27784, stack(0x0000788bef6a8000,0x0000788bef7a8000) (1024K)]
  0x0000788c0d7c6330 JavaThread "Inactive RequestProcessor thread [Was:On Start/Stop/null]" daemon [_thread_blocked, id=27788, stack(0x0000788bef4a8000,0x0000788bef5a8000) (1024K)]
  0x0000788c0d4a1d10 JavaThread "Inactive RequestProcessor thread [Was:On Start/Stop/null]" daemon [_thread_blocked, id=27789, stack(0x0000788c71420000,0x0000788c71520000) (1024K)]
  0x0000788c0d26ea50 JavaThread "Inactive RequestProcessor thread [Was:On Start/Stop/org.netbeans.core.execution.Install$Down]" daemon [_thread_blocked, id=27790, stack(0x0000788c7042f000,0x0000788c7052f000) (1024K)]
  0x0000788c00133560 JavaThread "Inactive RequestProcessor thread [Was:RepositoryUpdater.worker/org.openide.util.RequestProcessor$RPFutureTask]" daemon [_thread_blocked, id=27791, stack(0x0000788c70f20000,0x0000788c71020000) (1024K)]
Total: 32

Other Threads:
  0x0000788ca00d72a0 VMThread "VM Thread"                           [id=27575, stack(0x0000788c81a66000,0x0000788c81b66000) (1024K)]
  0x0000788ca00c7d80 WatcherThread "VM Periodic Task Thread"        [id=27574, stack(0x0000788c81b67000,0x0000788c81c67000) (1024K)]
  0x0000788ca007fe60 WorkerThread "GC Thread#0"                     [id=27566, stack(0x0000788ca4564000,0x0000788ca4664000) (1024K)]
  0x0000788c60006e70 WorkerThread "GC Thread#1"                     [id=27586, stack(0x0000788c80600000,0x0000788c80700000) (1024K)]
  0x0000788c60009270 WorkerThread "GC Thread#2"                     [id=27596, stack(0x0000788c71722000,0x0000788c71822000) (1024K)]
  0x0000788c6000c660 WorkerThread "GC Thread#3"                     [id=27597, stack(0x0000788c71621000,0x0000788c71721000) (1024K)]
  0x0000788ca0098ae0 ConcurrentGCThread "G1 Main Marker"            [id=27567, stack(0x0000788ca4463000,0x0000788ca4563000) (1024K)]
  0x0000788ca0099c60 WorkerThread "G1 Conc#0"                       [id=27568, stack(0x0000788ca4362000,0x0000788ca4462000) (1024K)]
  0x0000788ca00b7ad0 WorkerThread "G1 Refinement Workers#0"         [id=27570, stack(0x0000788c81d69000,0x0000788c81e69000) (1024K)]
  0x0000788ca00b68c0 ConcurrentGCThread "G1 Refine Control"         [id=27569, stack(0x0000788c81e6a000,0x0000788c81f6a000) (1024K)]
  0x0000788ca00b8bc0 ConcurrentGCThread "G1 Service"                [id=27571, stack(0x0000788c81c68000,0x0000788c81d68000) (1024K)]
Total: 11

Threads with active compile tasks:
Total: 0

VM state: not at safepoint (normal execution)

VM Mutex/Monitor currently owned by a thread: None

Heap address: 0x0000000707c00000, size: 3972 MB, Compressed Oops mode: Zero based, Oop shift amount: 3

CDS archive(s) mapped at: [0x0000000025000000-0x0000000025db4000-0x0000000025db4000), size 14368768, SharedBaseAddress: 0x0000000025000000, ArchiveRelocationMode: 1.
Compressed class space mapped at: 0x0000000026000000-0x0000000066000000, reserved size: 1073741824
UseCompressedClassPointers 1, UseCompactObjectHeaders 0
Narrow klass pointer bits 32, Max shift 3
Narrow klass base: 0x0000000025000000, Narrow klass shift: 0
Encoding Range: [0x0000000025000000 - 0x0000000125000000), (4294967296 bytes)
Klass Range:    [0x0000000025000000 - 0x0000000066000000), (1090519040 bytes)
Klass ID Range:  [8 - 1090519033) (1090519025)
Protection zone: [0x0000000025000000 - 0x0000000025001000), (4096 bytes)

GC Precious Log:
 CardTable entry size: 512
 Card Set container configuration: InlinePtr #cards 4 size 8 Array Of Cards #cards 16 size 48 Howl #buckets 8 coarsen threshold 3686 Howl Bitmap #cards 512 size 80 coarsen threshold 460 Card regions per heap region 1 cards per card region 4096
 CPUs: 4 total, 4 available
 Memory: 15881M
 Large Page Support: Disabled
 NUMA Support: Disabled
 Compressed Oops: Enabled (Zero based)
 Heap Region Size: 2M
 Heap Min Capacity: 8M
 Heap Initial Capacity: 8M
 Heap Max Capacity: 3972M
 Pre-touch: Disabled
 Parallel Workers: 4
 Concurrent Workers: 1
 Concurrent Refinement Workers: 4
 Periodic GC: Disabled

Heap:
 garbage-first heap   total reserved 4067328K, committed 976896K, used 513120K [0x0000000707c00000, 0x0000000800000000)
  region size 2M, 204 eden (408M), 2 survivor (4M), 28 old (56M), 18 humongous (36M), 225 free (450M)

Heap Regions: E=young(eden), S=young(survivor), O=old, HS=humongous(starts), HC=humongous(continues), CS=collection set, F=free, TAMS=top-at-mark-start, PB=parsable bottom
|    0|0x0000000707c00000, 0x0000000707e00000, 0x0000000707e00000|100%| O|  |TAMS 0x0000000707c00000| PB 0x0000000707c00000| Untracked |  0
|    1|0x0000000707e00000, 0x0000000708000000, 0x0000000708000000|100%|HS|  |TAMS 0x0000000707e00000| PB 0x0000000707e00000| Complete  |  0
|    2|0x0000000708000000, 0x0000000708200000, 0x0000000708200000|100%|HS|  |TAMS 0x0000000708000000| PB 0x0000000708000000| Complete  |  0
|    3|0x0000000708200000, 0x0000000708400000, 0x0000000708400000|100%|HS|  |TAMS 0x0000000708200000| PB 0x0000000708200000| Complete  |  0
|    4|0x0000000708400000, 0x0000000708600000, 0x0000000708600000|100%| O|  |TAMS 0x0000000708400000| PB 0x0000000708400000| Untracked |  0
|    5|0x0000000708600000, 0x0000000708800000, 0x0000000708800000|100%| O|  |TAMS 0x0000000708600000| PB 0x0000000708600000| Untracked |  0
|    6|0x0000000708800000, 0x0000000708a00000, 0x0000000708a00000|100%| O|  |TAMS 0x0000000708800000| PB 0x0000000708800000| Untracked |  0
|    7|0x0000000708a00000, 0x0000000708c00000, 0x0000000708c00000|100%| O|  |TAMS 0x0000000708a00000| PB 0x0000000708a00000| Untracked |  0
|    8|0x0000000708c00000, 0x0000000708e00000, 0x0000000708e00000|100%| O|  |TAMS 0x0000000708c00000| PB 0x0000000708c00000| Untracked |  0
|    9|0x0000000708e00000, 0x0000000709000000, 0x0000000709000000|100%| O|Cm|TAMS 0x0000000708e00000| PB 0x0000000708e00000| Complete  |  0
|   10|0x0000000709000000, 0x0000000709200000, 0x0000000709200000|100%|HS|  |TAMS 0x0000000709000000| PB 0x0000000709000000| Complete  |  0
|   11|0x0000000709200000, 0x0000000709400000, 0x0000000709400000|100%| O|  |TAMS 0x0000000709200000| PB 0x0000000709200000| Untracked |  0
|   12|0x0000000709400000, 0x0000000709600000, 0x0000000709600000|100%|HS|  |TAMS 0x0000000709400000| PB 0x0000000709400000| Complete  |  0
|   13|0x0000000709600000, 0x0000000709800000, 0x0000000709800000|100%|HC|  |TAMS 0x0000000709600000| PB 0x0000000709600000| Complete  |  0
|   14|0x0000000709800000, 0x0000000709a00000, 0x0000000709a00000|100%|HC|  |TAMS 0x0000000709800000| PB 0x0000000709800000| Complete  |  0
|   15|0x0000000709a00000, 0x0000000709c00000, 0x0000000709c00000|100%| O|  |TAMS 0x0000000709a00000| PB 0x0000000709a00000| Untracked |  0
|   16|0x0000000709c00000, 0x0000000709e00000, 0x0000000709e00000|100%| O|  |TAMS 0x0000000709c00000| PB 0x0000000709c00000| Untracked |  0
|   17|0x0000000709e00000, 0x000000070a000000, 0x000000070a000000|100%| O|  |TAMS 0x0000000709e00000| PB 0x0000000709e00000| Untracked |  0
|   18|0x000000070a000000, 0x000000070a200000, 0x000000070a200000|100%|HS|  |TAMS 0x000000070a000000| PB 0x000000070a000000| Complete  |  0
|   19|0x000000070a200000, 0x000000070a400000, 0x000000070a400000|100%| O|  |TAMS 0x000000070a200000| PB 0x000000070a200000| Untracked |  0
|   20|0x000000070a400000, 0x000000070a600000, 0x000000070a600000|100%| O|Cm|TAMS 0x000000070a400000| PB 0x000000070a400000| Complete  |  0
|   21|0x000000070a600000, 0x000000070a800000, 0x000000070a800000|100%| O|  |TAMS 0x000000070a600000| PB 0x000000070a600000| Untracked |  0
|   22|0x000000070a800000, 0x000000070aa00000, 0x000000070aa00000|100%| O|  |TAMS 0x000000070a800000| PB 0x000000070a800000| Untracked |  0
|   23|0x000000070aa00000, 0x000000070ac00000, 0x000000070ac00000|100%| O|  |TAMS 0x000000070aa00000| PB 0x000000070aa00000| Untracked |  0
|   24|0x000000070ac00000, 0x000000070ae00000, 0x000000070ae00000|100%| O|  |TAMS 0x000000070ac00000| PB 0x000000070ac00000| Untracked |  0
|   25|0x000000070ae00000, 0x000000070b000000, 0x000000070b000000|100%| O|  |TAMS 0x000000070ae00000| PB 0x000000070ae00000| Untracked |  0
|   26|0x000000070b000000, 0x000000070b200000, 0x000000070b200000|100%| O|  |TAMS 0x000000070b000000| PB 0x000000070b000000| Untracked |  0
|   27|0x000000070b200000, 0x000000070b400000, 0x000000070b400000|100%| O|  |TAMS 0x000000070b200000| PB 0x000000070b200000| Untracked |  0
|   28|0x000000070b400000, 0x000000070b600000, 0x000000070b600000|100%| O|  |TAMS 0x000000070b400000| PB 0x000000070b400000| Untracked |  0
|   29|0x000000070b600000, 0x000000070b800000, 0x000000070b800000|100%| O|  |TAMS 0x000000070b600000| PB 0x000000070b600000| Untracked |  0
|   30|0x000000070b800000, 0x000000070ba00000, 0x000000070ba00000|100%| O|  |TAMS 0x000000070b800000| PB 0x000000070b800000| Untracked |  0
|   31|0x000000070ba00000, 0x000000070bc00000, 0x000000070bc00000|100%| O|  |TAMS 0x000000070ba00000| PB 0x000000070ba00000| Untracked |  0
|   32|0x000000070bc00000, 0x000000070bdeee20, 0x000000070be00000| 96%| O|  |TAMS 0x000000070bc00000| PB 0x000000070bc00000| Untracked |  0
|   33|0x000000070be00000, 0x000000070c000000, 0x000000070c000000|100%|HS|  |TAMS 0x000000070be00000| PB 0x000000070be00000| Complete  |  0
|   34|0x000000070c000000, 0x000000070c200000, 0x000000070c200000|100%|HS|  |TAMS 0x000000070c000000| PB 0x000000070c000000| Complete  |  0
|   35|0x000000070c200000, 0x000000070c400000, 0x000000070c400000|100%|HS|  |TAMS 0x000000070c200000| PB 0x000000070c200000| Complete  |  0
|   36|0x000000070c400000, 0x000000070c600000, 0x000000070c600000|100%|HS|  |TAMS 0x000000070c400000| PB 0x000000070c400000| Complete  |  0
|   37|0x000000070c600000, 0x000000070c800000, 0x000000070c800000|100%|HS|  |TAMS 0x000000070c600000| PB 0x000000070c600000| Complete  |  0
|   38|0x000000070c800000, 0x000000070ca00000, 0x000000070ca00000|100%|HS|  |TAMS 0x000000070c800000| PB 0x000000070c800000| Complete  |  0
|   39|0x000000070ca00000, 0x000000070cc00000, 0x000000070cc00000|100%|HS|  |TAMS 0x000000070ca00000| PB 0x000000070ca00000| Complete  |  0
|   40|0x000000070cc00000, 0x000000070ce00000, 0x000000070ce00000|100%|HS|  |TAMS 0x000000070cc00000| PB 0x000000070cc00000| Complete  |  0
|   41|0x000000070ce00000, 0x000000070d000000, 0x000000070d000000|100%|HS|  |TAMS 0x000000070ce00000| PB 0x000000070ce00000| Complete  |  0
|   42|0x000000070d000000, 0x000000070d200000, 0x000000070d200000|100%|HS|  |TAMS 0x000000070d000000| PB 0x000000070d000000| Complete  |  0
|   43|0x000000070d200000, 0x000000070d200000, 0x000000070d400000|  0%| F|  |TAMS 0x000000070d200000| PB 0x000000070d200000| Untracked |  0
|   44|0x000000070d400000, 0x000000070d400000, 0x000000070d600000|  0%| F|  |TAMS 0x000000070d400000| PB 0x000000070d400000| Untracked |  0
|   45|0x000000070d600000, 0x000000070d600000, 0x000000070d800000|  0%| F|  |TAMS 0x000000070d600000| PB 0x000000070d600000| Untracked |  0
|   46|0x000000070d800000, 0x000000070d800000, 0x000000070da00000|  0%| F|  |TAMS 0x000000070d800000| PB 0x000000070d800000| Untracked |  0
|   47|0x000000070da00000, 0x000000070da00000, 0x000000070dc00000|  0%| F|  |TAMS 0x000000070da00000| PB 0x000000070da00000| Untracked |  0
|   48|0x000000070dc00000, 0x000000070dc00000, 0x000000070de00000|  0%| F|  |TAMS 0x000000070dc00000| PB 0x000000070dc00000| Untracked |  0
|   49|0x000000070de00000, 0x000000070de00000, 0x000000070e000000|  0%| F|  |TAMS 0x000000070de00000| PB 0x000000070de00000| Untracked |  0
|   50|0x000000070e000000, 0x000000070e000000, 0x000000070e200000|  0%| F|  |TAMS 0x000000070e000000| PB 0x000000070e000000| Untracked |  0
|   51|0x000000070e200000, 0x000000070e200000, 0x000000070e400000|  0%| F|  |TAMS 0x000000070e200000| PB 0x000000070e200000| Untracked |  0
|   52|0x000000070e400000, 0x000000070e400000, 0x000000070e600000|  0%| F|  |TAMS 0x000000070e400000| PB 0x000000070e400000| Untracked |  0
|   53|0x000000070e600000, 0x000000070e600000, 0x000000070e800000|  0%| F|  |TAMS 0x000000070e600000| PB 0x000000070e600000| Untracked |  0
|   54|0x000000070e800000, 0x000000070e800000, 0x000000070ea00000|  0%| F|  |TAMS 0x000000070e800000| PB 0x000000070e800000| Untracked |  0
|   55|0x000000070ea00000, 0x000000070ea00000, 0x000000070ec00000|  0%| F|  |TAMS 0x000000070ea00000| PB 0x000000070ea00000| Untracked |  0
|   56|0x000000070ec00000, 0x000000070ec00000, 0x000000070ee00000|  0%| F|  |TAMS 0x000000070ec00000| PB 0x000000070ec00000| Untracked |  0
|   57|0x000000070ee00000, 0x000000070ee00000, 0x000000070f000000|  0%| F|  |TAMS 0x000000070ee00000| PB 0x000000070ee00000| Untracked |  0
|   58|0x000000070f000000, 0x000000070f000000, 0x000000070f200000|  0%| F|  |TAMS 0x000000070f000000| PB 0x000000070f000000| Untracked |  0
|   59|0x000000070f200000, 0x000000070f200000, 0x000000070f400000|  0%| F|  |TAMS 0x000000070f200000| PB 0x000000070f200000| Untracked |  0
|   60|0x000000070f400000, 0x000000070f400000, 0x000000070f600000|  0%| F|  |TAMS 0x000000070f400000| PB 0x000000070f400000| Untracked |  0
|   61|0x000000070f600000, 0x000000070f600000, 0x000000070f800000|  0%| F|  |TAMS 0x000000070f600000| PB 0x000000070f600000| Untracked |  0
|   62|0x000000070f800000, 0x000000070f800000, 0x000000070fa00000|  0%| F|  |TAMS 0x000000070f800000| PB 0x000000070f800000| Untracked |  0
|   63|0x000000070fa00000, 0x000000070fa00000, 0x000000070fc00000|  0%| F|  |TAMS 0x000000070fa00000| PB 0x000000070fa00000| Untracked |  0
|   64|0x000000070fc00000, 0x000000070fc00000, 0x000000070fe00000|  0%| F|  |TAMS 0x000000070fc00000| PB 0x000000070fc00000| Untracked |  0
|   65|0x000000070fe00000, 0x000000070fe00000, 0x0000000710000000|  0%| F|  |TAMS 0x000000070fe00000| PB 0x000000070fe00000| Untracked |  0
|   66|0x0000000710000000, 0x0000000710000000, 0x0000000710200000|  0%| F|  |TAMS 0x0000000710000000| PB 0x0000000710000000| Untracked |  0
|   67|0x0000000710200000, 0x0000000710200000, 0x0000000710400000|  0%| F|  |TAMS 0x0000000710200000| PB 0x0000000710200000| Untracked |  0
|   68|0x0000000710400000, 0x0000000710400000, 0x0000000710600000|  0%| F|  |TAMS 0x0000000710400000| PB 0x0000000710400000| Untracked |  0
|   69|0x0000000710600000, 0x0000000710600000, 0x0000000710800000|  0%| F|  |TAMS 0x0000000710600000| PB 0x0000000710600000| Untracked |  0
|   70|0x0000000710800000, 0x0000000710800000, 0x0000000710a00000|  0%| F|  |TAMS 0x0000000710800000| PB 0x0000000710800000| Untracked |  0
|   71|0x0000000710a00000, 0x0000000710a00000, 0x0000000710c00000|  0%| F|  |TAMS 0x0000000710a00000| PB 0x0000000710a00000| Untracked |  0
|   72|0x0000000710c00000, 0x0000000710c00000, 0x0000000710e00000|  0%| F|  |TAMS 0x0000000710c00000| PB 0x0000000710c00000| Untracked |  0
|   73|0x0000000710e00000, 0x0000000710e00000, 0x0000000711000000|  0%| F|  |TAMS 0x0000000710e00000| PB 0x0000000710e00000| Untracked |  0
|   74|0x0000000711000000, 0x0000000711000000, 0x0000000711200000|  0%| F|  |TAMS 0x0000000711000000| PB 0x0000000711000000| Untracked |  0
|   75|0x0000000711200000, 0x0000000711200000, 0x0000000711400000|  0%| F|  |TAMS 0x0000000711200000| PB 0x0000000711200000| Untracked |  0
|   76|0x0000000711400000, 0x0000000711400000, 0x0000000711600000|  0%| F|  |TAMS 0x0000000711400000| PB 0x0000000711400000| Untracked |  0
|   77|0x0000000711600000, 0x0000000711600000, 0x0000000711800000|  0%| F|  |TAMS 0x0000000711600000| PB 0x0000000711600000| Untracked |  0
|   78|0x0000000711800000, 0x0000000711800000, 0x0000000711a00000|  0%| F|  |TAMS 0x0000000711800000| PB 0x0000000711800000| Untracked |  0
|   79|0x0000000711a00000, 0x0000000711a00000, 0x0000000711c00000|  0%| F|  |TAMS 0x0000000711a00000| PB 0x0000000711a00000| Untracked |  0
|   80|0x0000000711c00000, 0x0000000711c00000, 0x0000000711e00000|  0%| F|  |TAMS 0x0000000711c00000| PB 0x0000000711c00000| Untracked |  0
|   81|0x0000000711e00000, 0x0000000711e00000, 0x0000000712000000|  0%| F|  |TAMS 0x0000000711e00000| PB 0x0000000711e00000| Untracked |  0
|   82|0x0000000712000000, 0x0000000712000000, 0x0000000712200000|  0%| F|  |TAMS 0x0000000712000000| PB 0x0000000712000000| Untracked |  0
|   83|0x0000000712200000, 0x0000000712200000, 0x0000000712400000|  0%| F|  |TAMS 0x0000000712200000| PB 0x0000000712200000| Untracked |  0
|   84|0x0000000712400000, 0x0000000712400000, 0x0000000712600000|  0%| F|  |TAMS 0x0000000712400000| PB 0x0000000712400000| Untracked |  0
|   85|0x0000000712600000, 0x0000000712600000, 0x0000000712800000|  0%| F|  |TAMS 0x0000000712600000| PB 0x0000000712600000| Untracked |  0
|   86|0x0000000712800000, 0x0000000712800000, 0x0000000712a00000|  0%| F|  |TAMS 0x0000000712800000| PB 0x0000000712800000| Untracked |  0
|   87|0x0000000712a00000, 0x0000000712a00000, 0x0000000712c00000|  0%| F|  |TAMS 0x0000000712a00000| PB 0x0000000712a00000| Untracked |  0
|   88|0x0000000712c00000, 0x0000000712c00000, 0x0000000712e00000|  0%| F|  |TAMS 0x0000000712c00000| PB 0x0000000712c00000| Untracked |  0
|   89|0x0000000712e00000, 0x0000000712e00000, 0x0000000713000000|  0%| F|  |TAMS 0x0000000712e00000| PB 0x0000000712e00000| Untracked |  0
|   90|0x0000000713000000, 0x0000000713000000, 0x0000000713200000|  0%| F|  |TAMS 0x0000000713000000| PB 0x0000000713000000| Untracked |  0
|   91|0x0000000713200000, 0x0000000713200000, 0x0000000713400000|  0%| F|  |TAMS 0x0000000713200000| PB 0x0000000713200000| Untracked |  0
|   92|0x0000000713400000, 0x0000000713400000, 0x0000000713600000|  0%| F|  |TAMS 0x0000000713400000| PB 0x0000000713400000| Untracked |  0
|   93|0x0000000713600000, 0x0000000713600000, 0x0000000713800000|  0%| F|  |TAMS 0x0000000713600000| PB 0x0000000713600000| Untracked |  0
|   94|0x0000000713800000, 0x0000000713800000, 0x0000000713a00000|  0%| F|  |TAMS 0x0000000713800000| PB 0x0000000713800000| Untracked |  0
|   95|0x0000000713a00000, 0x0000000713a00000, 0x0000000713c00000|  0%| F|  |TAMS 0x0000000713a00000| PB 0x0000000713a00000| Untracked |  0
|   96|0x0000000713c00000, 0x0000000713c00000, 0x0000000713e00000|  0%| F|  |TAMS 0x0000000713c00000| PB 0x0000000713c00000| Untracked |  0
|   97|0x0000000713e00000, 0x0000000713e00000, 0x0000000714000000|  0%| F|  |TAMS 0x0000000713e00000| PB 0x0000000713e00000| Untracked |  0
|   98|0x0000000714000000, 0x0000000714000000, 0x0000000714200000|  0%| F|  |TAMS 0x0000000714000000| PB 0x0000000714000000| Untracked |  0
|   99|0x0000000714200000, 0x0000000714200000, 0x0000000714400000|  0%| F|  |TAMS 0x0000000714200000| PB 0x0000000714200000| Untracked |  0
|  100|0x0000000714400000, 0x0000000714400000, 0x0000000714600000|  0%| F|  |TAMS 0x0000000714400000| PB 0x0000000714400000| Untracked |  0
|  101|0x0000000714600000, 0x0000000714600000, 0x0000000714800000|  0%| F|  |TAMS 0x0000000714600000| PB 0x0000000714600000| Untracked |  0
|  102|0x0000000714800000, 0x0000000714800000, 0x0000000714a00000|  0%| F|  |TAMS 0x0000000714800000| PB 0x0000000714800000| Untracked |  0
|  103|0x0000000714a00000, 0x0000000714a00000, 0x0000000714c00000|  0%| F|  |TAMS 0x0000000714a00000| PB 0x0000000714a00000| Untracked |  0
|  104|0x0000000714c00000, 0x0000000714c00000, 0x0000000714e00000|  0%| F|  |TAMS 0x0000000714c00000| PB 0x0000000714c00000| Untracked |  0
|  105|0x0000000714e00000, 0x0000000714e00000, 0x0000000715000000|  0%| F|  |TAMS 0x0000000714e00000| PB 0x0000000714e00000| Untracked |  0
|  106|0x0000000715000000, 0x0000000715000000, 0x0000000715200000|  0%| F|  |TAMS 0x0000000715000000| PB 0x0000000715000000| Untracked |  0
|  107|0x0000000715200000, 0x0000000715200000, 0x0000000715400000|  0%| F|  |TAMS 0x0000000715200000| PB 0x0000000715200000| Untracked |  0
|  108|0x0000000715400000, 0x0000000715400000, 0x0000000715600000|  0%| F|  |TAMS 0x0000000715400000| PB 0x0000000715400000| Untracked |  0
|  109|0x0000000715600000, 0x0000000715600000, 0x0000000715800000|  0%| F|  |TAMS 0x0000000715600000| PB 0x0000000715600000| Untracked |  0
|  110|0x0000000715800000, 0x0000000715800000, 0x0000000715a00000|  0%| F|  |TAMS 0x0000000715800000| PB 0x0000000715800000| Untracked |  0
|  111|0x0000000715a00000, 0x0000000715a00000, 0x0000000715c00000|  0%| F|  |TAMS 0x0000000715a00000| PB 0x0000000715a00000| Untracked |  0
|  112|0x0000000715c00000, 0x0000000715c00000, 0x0000000715e00000|  0%| F|  |TAMS 0x0000000715c00000| PB 0x0000000715c00000| Untracked |  0
|  113|0x0000000715e00000, 0x0000000715e00000, 0x0000000716000000|  0%| F|  |TAMS 0x0000000715e00000| PB 0x0000000715e00000| Untracked |  0
|  114|0x0000000716000000, 0x0000000716000000, 0x0000000716200000|  0%| F|  |TAMS 0x0000000716000000| PB 0x0000000716000000| Untracked |  0
|  115|0x0000000716200000, 0x0000000716200000, 0x0000000716400000|  0%| F|  |TAMS 0x0000000716200000| PB 0x0000000716200000| Untracked |  0
|  116|0x0000000716400000, 0x0000000716400000, 0x0000000716600000|  0%| F|  |TAMS 0x0000000716400000| PB 0x0000000716400000| Untracked |  0
|  117|0x0000000716600000, 0x0000000716600000, 0x0000000716800000|  0%| F|  |TAMS 0x0000000716600000| PB 0x0000000716600000| Untracked |  0
|  118|0x0000000716800000, 0x0000000716800000, 0x0000000716a00000|  0%| F|  |TAMS 0x0000000716800000| PB 0x0000000716800000| Untracked |  0
|  119|0x0000000716a00000, 0x0000000716a00000, 0x0000000716c00000|  0%| F|  |TAMS 0x0000000716a00000| PB 0x0000000716a00000| Untracked |  0
|  120|0x0000000716c00000, 0x0000000716c00000, 0x0000000716e00000|  0%| F|  |TAMS 0x0000000716c00000| PB 0x0000000716c00000| Untracked |  0
|  121|0x0000000716e00000, 0x0000000716e00000, 0x0000000717000000|  0%| F|  |TAMS 0x0000000716e00000| PB 0x0000000716e00000| Untracked |  0
|  122|0x0000000717000000, 0x0000000717000000, 0x0000000717200000|  0%| F|  |TAMS 0x0000000717000000| PB 0x0000000717000000| Untracked |  0
|  123|0x0000000717200000, 0x0000000717200000, 0x0000000717400000|  0%| F|  |TAMS 0x0000000717200000| PB 0x0000000717200000| Untracked |  0
|  124|0x0000000717400000, 0x0000000717400000, 0x0000000717600000|  0%| F|  |TAMS 0x0000000717400000| PB 0x0000000717400000| Untracked |  0
|  125|0x0000000717600000, 0x0000000717600000, 0x0000000717800000|  0%| F|  |TAMS 0x0000000717600000| PB 0x0000000717600000| Untracked |  0
|  126|0x0000000717800000, 0x0000000717800000, 0x0000000717a00000|  0%| F|  |TAMS 0x0000000717800000| PB 0x0000000717800000| Untracked |  0
|  127|0x0000000717a00000, 0x0000000717a00000, 0x0000000717c00000|  0%| F|  |TAMS 0x0000000717a00000| PB 0x0000000717a00000| Untracked |  0
|  128|0x0000000717c00000, 0x0000000717c00000, 0x0000000717e00000|  0%| F|  |TAMS 0x0000000717c00000| PB 0x0000000717c00000| Untracked |  0
|  129|0x0000000717e00000, 0x0000000717e00000, 0x0000000718000000|  0%| F|  |TAMS 0x0000000717e00000| PB 0x0000000717e00000| Untracked |  0
|  130|0x0000000718000000, 0x0000000718000000, 0x0000000718200000|  0%| F|  |TAMS 0x0000000718000000| PB 0x0000000718000000| Untracked |  0
|  131|0x0000000718200000, 0x0000000718200000, 0x0000000718400000|  0%| F|  |TAMS 0x0000000718200000| PB 0x0000000718200000| Untracked |  0
|  132|0x0000000718400000, 0x0000000718400000, 0x0000000718600000|  0%| F|  |TAMS 0x0000000718400000| PB 0x0000000718400000| Untracked |  0
|  133|0x0000000718600000, 0x0000000718600000, 0x0000000718800000|  0%| F|  |TAMS 0x0000000718600000| PB 0x0000000718600000| Untracked |  0
|  134|0x0000000718800000, 0x0000000718800000, 0x0000000718a00000|  0%| F|  |TAMS 0x0000000718800000| PB 0x0000000718800000| Untracked |  0
|  135|0x0000000718a00000, 0x0000000718a00000, 0x0000000718c00000|  0%| F|  |TAMS 0x0000000718a00000| PB 0x0000000718a00000| Untracked |  0
|  136|0x0000000718c00000, 0x0000000718c00000, 0x0000000718e00000|  0%| F|  |TAMS 0x0000000718c00000| PB 0x0000000718c00000| Untracked |  0
|  137|0x0000000718e00000, 0x0000000718e00000, 0x0000000719000000|  0%| F|  |TAMS 0x0000000718e00000| PB 0x0000000718e00000| Untracked |  0
|  138|0x0000000719000000, 0x0000000719000000, 0x0000000719200000|  0%| F|  |TAMS 0x0000000719000000| PB 0x0000000719000000| Untracked |  0
|  139|0x0000000719200000, 0x0000000719200000, 0x0000000719400000|  0%| F|  |TAMS 0x0000000719200000| PB 0x0000000719200000| Untracked |  0
|  140|0x0000000719400000, 0x0000000719400000, 0x0000000719600000|  0%| F|  |TAMS 0x0000000719400000| PB 0x0000000719400000| Untracked |  0
|  141|0x0000000719600000, 0x0000000719600000, 0x0000000719800000|  0%| F|  |TAMS 0x0000000719600000| PB 0x0000000719600000| Untracked |  0
|  142|0x0000000719800000, 0x0000000719800000, 0x0000000719a00000|  0%| F|  |TAMS 0x0000000719800000| PB 0x0000000719800000| Untracked |  0
|  143|0x0000000719a00000, 0x0000000719a00000, 0x0000000719c00000|  0%| F|  |TAMS 0x0000000719a00000| PB 0x0000000719a00000| Untracked |  0
|  144|0x0000000719c00000, 0x0000000719c00000, 0x0000000719e00000|  0%| F|  |TAMS 0x0000000719c00000| PB 0x0000000719c00000| Untracked |  0
|  145|0x0000000719e00000, 0x0000000719e00000, 0x000000071a000000|  0%| F|  |TAMS 0x0000000719e00000| PB 0x0000000719e00000| Untracked |  0
|  146|0x000000071a000000, 0x000000071a000000, 0x000000071a200000|  0%| F|  |TAMS 0x000000071a000000| PB 0x000000071a000000| Untracked |  0
|  147|0x000000071a200000, 0x000000071a200000, 0x000000071a400000|  0%| F|  |TAMS 0x000000071a200000| PB 0x000000071a200000| Untracked |  0
|  148|0x000000071a400000, 0x000000071a400000, 0x000000071a600000|  0%| F|  |TAMS 0x000000071a400000| PB 0x000000071a400000| Untracked |  0
|  149|0x000000071a600000, 0x000000071a600000, 0x000000071a800000|  0%| F|  |TAMS 0x000000071a600000| PB 0x000000071a600000| Untracked |  0
|  150|0x000000071a800000, 0x000000071a800000, 0x000000071aa00000|  0%| F|  |TAMS 0x000000071a800000| PB 0x000000071a800000| Untracked |  0
|  151|0x000000071aa00000, 0x000000071aa00000, 0x000000071ac00000|  0%| F|  |TAMS 0x000000071aa00000| PB 0x000000071aa00000| Untracked |  0
|  152|0x000000071ac00000, 0x000000071ac00000, 0x000000071ae00000|  0%| F|  |TAMS 0x000000071ac00000| PB 0x000000071ac00000| Untracked |  0
|  153|0x000000071ae00000, 0x000000071ae00000, 0x000000071b000000|  0%| F|  |TAMS 0x000000071ae00000| PB 0x000000071ae00000| Untracked |  0
|  154|0x000000071b000000, 0x000000071b000000, 0x000000071b200000|  0%| F|  |TAMS 0x000000071b000000| PB 0x000000071b000000| Untracked |  0
|  155|0x000000071b200000, 0x000000071b200000, 0x000000071b400000|  0%| F|  |TAMS 0x000000071b200000| PB 0x000000071b200000| Untracked |  0
|  156|0x000000071b400000, 0x000000071b400000, 0x000000071b600000|  0%| F|  |TAMS 0x000000071b400000| PB 0x000000071b400000| Untracked |  0
|  157|0x000000071b600000, 0x000000071b600000, 0x000000071b800000|  0%| F|  |TAMS 0x000000071b600000| PB 0x000000071b600000| Untracked |  0
|  158|0x000000071b800000, 0x000000071b800000, 0x000000071ba00000|  0%| F|  |TAMS 0x000000071b800000| PB 0x000000071b800000| Untracked |  0
|  159|0x000000071ba00000, 0x000000071ba00000, 0x000000071bc00000|  0%| F|  |TAMS 0x000000071ba00000| PB 0x000000071ba00000| Untracked |  0
|  160|0x000000071bc00000, 0x000000071bc00000, 0x000000071be00000|  0%| F|  |TAMS 0x000000071bc00000| PB 0x000000071bc00000| Untracked |  0
|  161|0x000000071be00000, 0x000000071be00000, 0x000000071c000000|  0%| F|  |TAMS 0x000000071be00000| PB 0x000000071be00000| Untracked |  0
|  162|0x000000071c000000, 0x000000071c000000, 0x000000071c200000|  0%| F|  |TAMS 0x000000071c000000| PB 0x000000071c000000| Untracked |  0
|  163|0x000000071c200000, 0x000000071c200000, 0x000000071c400000|  0%| F|  |TAMS 0x000000071c200000| PB 0x000000071c200000| Untracked |  0
|  164|0x000000071c400000, 0x000000071c400000, 0x000000071c600000|  0%| F|  |TAMS 0x000000071c400000| PB 0x000000071c400000| Untracked |  0
|  165|0x000000071c600000, 0x000000071c600000, 0x000000071c800000|  0%| F|  |TAMS 0x000000071c600000| PB 0x000000071c600000| Untracked |  0
|  166|0x000000071c800000, 0x000000071c800000, 0x000000071ca00000|  0%| F|  |TAMS 0x000000071c800000| PB 0x000000071c800000| Untracked |  0
|  167|0x000000071ca00000, 0x000000071ca00000, 0x000000071cc00000|  0%| F|  |TAMS 0x000000071ca00000| PB 0x000000071ca00000| Untracked |  0
|  168|0x000000071cc00000, 0x000000071cc00000, 0x000000071ce00000|  0%| F|  |TAMS 0x000000071cc00000| PB 0x000000071cc00000| Untracked |  0
|  169|0x000000071ce00000, 0x000000071ce00000, 0x000000071d000000|  0%| F|  |TAMS 0x000000071ce00000| PB 0x000000071ce00000| Untracked |  0
|  170|0x000000071d000000, 0x000000071d000000, 0x000000071d200000|  0%| F|  |TAMS 0x000000071d000000| PB 0x000000071d000000| Untracked |  0
|  171|0x000000071d200000, 0x000000071d200000, 0x000000071d400000|  0%| F|  |TAMS 0x000000071d200000| PB 0x000000071d200000| Untracked |  0
|  172|0x000000071d400000, 0x000000071d400000, 0x000000071d600000|  0%| F|  |TAMS 0x000000071d400000| PB 0x000000071d400000| Untracked |  0
|  173|0x000000071d600000, 0x000000071d600000, 0x000000071d800000|  0%| F|  |TAMS 0x000000071d600000| PB 0x000000071d600000| Untracked |  0
|  174|0x000000071d800000, 0x000000071d800000, 0x000000071da00000|  0%| F|  |TAMS 0x000000071d800000| PB 0x000000071d800000| Untracked |  0
|  175|0x000000071da00000, 0x000000071da00000, 0x000000071dc00000|  0%| F|  |TAMS 0x000000071da00000| PB 0x000000071da00000| Untracked |  0
|  176|0x000000071dc00000, 0x000000071dc00000, 0x000000071de00000|  0%| F|  |TAMS 0x000000071dc00000| PB 0x000000071dc00000| Untracked |  0
|  177|0x000000071de00000, 0x000000071de00000, 0x000000071e000000|  0%| F|  |TAMS 0x000000071de00000| PB 0x000000071de00000| Untracked |  0
|  178|0x000000071e000000, 0x000000071e000000, 0x000000071e200000|  0%| F|  |TAMS 0x000000071e000000| PB 0x000000071e000000| Untracked |  0
|  179|0x000000071e200000, 0x000000071e200000, 0x000000071e400000|  0%| F|  |TAMS 0x000000071e200000| PB 0x000000071e200000| Untracked |  0
|  180|0x000000071e400000, 0x000000071e400000, 0x000000071e600000|  0%| F|  |TAMS 0x000000071e400000| PB 0x000000071e400000| Untracked |  0
|  181|0x000000071e600000, 0x000000071e600000, 0x000000071e800000|  0%| F|  |TAMS 0x000000071e600000| PB 0x000000071e600000| Untracked |  0
|  182|0x000000071e800000, 0x000000071e800000, 0x000000071ea00000|  0%| F|  |TAMS 0x000000071e800000| PB 0x000000071e800000| Untracked |  0
|  183|0x000000071ea00000, 0x000000071ea00000, 0x000000071ec00000|  0%| F|  |TAMS 0x000000071ea00000| PB 0x000000071ea00000| Untracked |  0
|  184|0x000000071ec00000, 0x000000071ec00000, 0x000000071ee00000|  0%| F|  |TAMS 0x000000071ec00000| PB 0x000000071ec00000| Untracked |  0
|  185|0x000000071ee00000, 0x000000071ee00000, 0x000000071f000000|  0%| F|  |TAMS 0x000000071ee00000| PB 0x000000071ee00000| Untracked |  0
|  186|0x000000071f000000, 0x000000071f000000, 0x000000071f200000|  0%| F|  |TAMS 0x000000071f000000| PB 0x000000071f000000| Untracked |  0
|  187|0x000000071f200000, 0x000000071f200000, 0x000000071f400000|  0%| F|  |TAMS 0x000000071f200000| PB 0x000000071f200000| Untracked |  0
|  188|0x000000071f400000, 0x000000071f400000, 0x000000071f600000|  0%| F|  |TAMS 0x000000071f400000| PB 0x000000071f400000| Untracked |  0
|  189|0x000000071f600000, 0x000000071f600000, 0x000000071f800000|  0%| F|  |TAMS 0x000000071f600000| PB 0x000000071f600000| Untracked |  0
|  190|0x000000071f800000, 0x000000071f800000, 0x000000071fa00000|  0%| F|  |TAMS 0x000000071f800000| PB 0x000000071f800000| Untracked |  0
|  191|0x000000071fa00000, 0x000000071fa00000, 0x000000071fc00000|  0%| F|  |TAMS 0x000000071fa00000| PB 0x000000071fa00000| Untracked |  0
|  192|0x000000071fc00000, 0x000000071fc00000, 0x000000071fe00000|  0%| F|  |TAMS 0x000000071fc00000| PB 0x000000071fc00000| Untracked |  0
|  193|0x000000071fe00000, 0x000000071fe00000, 0x0000000720000000|  0%| F|  |TAMS 0x000000071fe00000| PB 0x000000071fe00000| Untracked |  0
|  194|0x0000000720000000, 0x0000000720000000, 0x0000000720200000|  0%| F|  |TAMS 0x0000000720000000| PB 0x0000000720000000| Untracked |  0
|  195|0x0000000720200000, 0x0000000720200000, 0x0000000720400000|  0%| F|  |TAMS 0x0000000720200000| PB 0x0000000720200000| Untracked |  0
|  196|0x0000000720400000, 0x0000000720400000, 0x0000000720600000|  0%| F|  |TAMS 0x0000000720400000| PB 0x0000000720400000| Untracked |  0
|  197|0x0000000720600000, 0x0000000720600000, 0x0000000720800000|  0%| F|  |TAMS 0x0000000720600000| PB 0x0000000720600000| Untracked |  0
|  198|0x0000000720800000, 0x0000000720800000, 0x0000000720a00000|  0%| F|  |TAMS 0x0000000720800000| PB 0x0000000720800000| Untracked |  0
|  199|0x0000000720a00000, 0x0000000720a00000, 0x0000000720c00000|  0%| F|  |TAMS 0x0000000720a00000| PB 0x0000000720a00000| Untracked |  0
|  200|0x0000000720c00000, 0x0000000720c00000, 0x0000000720e00000|  0%| F|  |TAMS 0x0000000720c00000| PB 0x0000000720c00000| Untracked |  0
|  201|0x0000000720e00000, 0x0000000720e00000, 0x0000000721000000|  0%| F|  |TAMS 0x0000000720e00000| PB 0x0000000720e00000| Untracked |  0
|  202|0x0000000721000000, 0x0000000721000000, 0x0000000721200000|  0%| F|  |TAMS 0x0000000721000000| PB 0x0000000721000000| Untracked |  0
|  203|0x0000000721200000, 0x0000000721200000, 0x0000000721400000|  0%| F|  |TAMS 0x0000000721200000| PB 0x0000000721200000| Untracked |  0
|  204|0x0000000721400000, 0x0000000721400000, 0x0000000721600000|  0%| F|  |TAMS 0x0000000721400000| PB 0x0000000721400000| Untracked |  0
|  205|0x0000000721600000, 0x0000000721600000, 0x0000000721800000|  0%| F|  |TAMS 0x0000000721600000| PB 0x0000000721600000| Untracked |  0
|  206|0x0000000721800000, 0x0000000721800000, 0x0000000721a00000|  0%| F|  |TAMS 0x0000000721800000| PB 0x0000000721800000| Untracked |  0
|  207|0x0000000721a00000, 0x0000000721a00000, 0x0000000721c00000|  0%| F|  |TAMS 0x0000000721a00000| PB 0x0000000721a00000| Untracked |  0
|  208|0x0000000721c00000, 0x0000000721c00000, 0x0000000721e00000|  0%| F|  |TAMS 0x0000000721c00000| PB 0x0000000721c00000| Untracked |  0
|  209|0x0000000721e00000, 0x0000000721e00000, 0x0000000722000000|  0%| F|  |TAMS 0x0000000721e00000| PB 0x0000000721e00000| Untracked |  0
|  210|0x0000000722000000, 0x0000000722000000, 0x0000000722200000|  0%| F|  |TAMS 0x0000000722000000| PB 0x0000000722000000| Untracked |  0
|  211|0x0000000722200000, 0x0000000722200000, 0x0000000722400000|  0%| F|  |TAMS 0x0000000722200000| PB 0x0000000722200000| Untracked |  0
|  212|0x0000000722400000, 0x0000000722400000, 0x0000000722600000|  0%| F|  |TAMS 0x0000000722400000| PB 0x0000000722400000| Untracked |  0
|  213|0x0000000722600000, 0x0000000722600000, 0x0000000722800000|  0%| F|  |TAMS 0x0000000722600000| PB 0x0000000722600000| Untracked |  0
|  214|0x0000000722800000, 0x0000000722800000, 0x0000000722a00000|  0%| F|  |TAMS 0x0000000722800000| PB 0x0000000722800000| Untracked |  0
|  215|0x0000000722a00000, 0x0000000722a00000, 0x0000000722c00000|  0%| F|  |TAMS 0x0000000722a00000| PB 0x0000000722a00000| Untracked |  0
|  216|0x0000000722c00000, 0x0000000722c00000, 0x0000000722e00000|  0%| F|  |TAMS 0x0000000722c00000| PB 0x0000000722c00000| Untracked |  0
|  217|0x0000000722e00000, 0x0000000722e00000, 0x0000000723000000|  0%| F|  |TAMS 0x0000000722e00000| PB 0x0000000722e00000| Untracked |  0
|  218|0x0000000723000000, 0x0000000723000000, 0x0000000723200000|  0%| F|  |TAMS 0x0000000723000000| PB 0x0000000723000000| Untracked |  0
|  219|0x0000000723200000, 0x0000000723200000, 0x0000000723400000|  0%| F|  |TAMS 0x0000000723200000| PB 0x0000000723200000| Untracked |  0
|  220|0x0000000723400000, 0x0000000723400000, 0x0000000723600000|  0%| F|  |TAMS 0x0000000723400000| PB 0x0000000723400000| Untracked |  0
|  221|0x0000000723600000, 0x0000000723600000, 0x0000000723800000|  0%| F|  |TAMS 0x0000000723600000| PB 0x0000000723600000| Untracked |  0
|  222|0x0000000723800000, 0x0000000723800000, 0x0000000723a00000|  0%| F|  |TAMS 0x0000000723800000| PB 0x0000000723800000| Untracked |  0
|  223|0x0000000723a00000, 0x0000000723a00000, 0x0000000723c00000|  0%| F|  |TAMS 0x0000000723a00000| PB 0x0000000723a00000| Untracked |  0
|  224|0x0000000723c00000, 0x0000000723c00000, 0x0000000723e00000|  0%| F|  |TAMS 0x0000000723c00000| PB 0x0000000723c00000| Untracked |  0
|  225|0x0000000723e00000, 0x0000000723e00000, 0x0000000724000000|  0%| F|  |TAMS 0x0000000723e00000| PB 0x0000000723e00000| Untracked |  0
|  226|0x0000000724000000, 0x0000000724000000, 0x0000000724200000|  0%| F|  |TAMS 0x0000000724000000| PB 0x0000000724000000| Untracked |  0
|  227|0x0000000724200000, 0x0000000724200000, 0x0000000724400000|  0%| F|  |TAMS 0x0000000724200000| PB 0x0000000724200000| Untracked |  0
|  228|0x0000000724400000, 0x0000000724400000, 0x0000000724600000|  0%| F|  |TAMS 0x0000000724400000| PB 0x0000000724400000| Untracked |  0
|  229|0x0000000724600000, 0x0000000724600000, 0x0000000724800000|  0%| F|  |TAMS 0x0000000724600000| PB 0x0000000724600000| Untracked |  0
|  230|0x0000000724800000, 0x0000000724800000, 0x0000000724a00000|  0%| F|  |TAMS 0x0000000724800000| PB 0x0000000724800000| Untracked |  0
|  231|0x0000000724a00000, 0x0000000724a00000, 0x0000000724c00000|  0%| F|  |TAMS 0x0000000724a00000| PB 0x0000000724a00000| Untracked |  0
|  232|0x0000000724c00000, 0x0000000724c00000, 0x0000000724e00000|  0%| F|  |TAMS 0x0000000724c00000| PB 0x0000000724c00000| Untracked |  0
|  233|0x0000000724e00000, 0x0000000724e00000, 0x0000000725000000|  0%| F|  |TAMS 0x0000000724e00000| PB 0x0000000724e00000| Untracked |  0
|  234|0x0000000725000000, 0x0000000725000000, 0x0000000725200000|  0%| F|  |TAMS 0x0000000725000000| PB 0x0000000725000000| Untracked |  0
|  235|0x0000000725200000, 0x0000000725200000, 0x0000000725400000|  0%| F|  |TAMS 0x0000000725200000| PB 0x0000000725200000| Untracked |  0
|  236|0x0000000725400000, 0x0000000725400000, 0x0000000725600000|  0%| F|  |TAMS 0x0000000725400000| PB 0x0000000725400000| Untracked |  0
|  237|0x0000000725600000, 0x0000000725600000, 0x0000000725800000|  0%| F|  |TAMS 0x0000000725600000| PB 0x0000000725600000| Untracked |  0
|  238|0x0000000725800000, 0x0000000725800000, 0x0000000725a00000|  0%| F|  |TAMS 0x0000000725800000| PB 0x0000000725800000| Untracked |  0
|  239|0x0000000725a00000, 0x0000000725a00000, 0x0000000725c00000|  0%| F|  |TAMS 0x0000000725a00000| PB 0x0000000725a00000| Untracked |  0
|  240|0x0000000725c00000, 0x0000000725c00000, 0x0000000725e00000|  0%| F|  |TAMS 0x0000000725c00000| PB 0x0000000725c00000| Untracked |  0
|  241|0x0000000725e00000, 0x0000000725e00000, 0x0000000726000000|  0%| F|  |TAMS 0x0000000725e00000| PB 0x0000000725e00000| Untracked |  0
|  242|0x0000000726000000, 0x0000000726000000, 0x0000000726200000|  0%| F|  |TAMS 0x0000000726000000| PB 0x0000000726000000| Untracked |  0
|  243|0x0000000726200000, 0x0000000726200000, 0x0000000726400000|  0%| F|  |TAMS 0x0000000726200000| PB 0x0000000726200000| Untracked |  0
|  244|0x0000000726400000, 0x0000000726400000, 0x0000000726600000|  0%| F|  |TAMS 0x0000000726400000| PB 0x0000000726400000| Untracked |  0
|  245|0x0000000726600000, 0x0000000726600000, 0x0000000726800000|  0%| F|  |TAMS 0x0000000726600000| PB 0x0000000726600000| Untracked |  0
|  246|0x0000000726800000, 0x0000000726800000, 0x0000000726a00000|  0%| F|  |TAMS 0x0000000726800000| PB 0x0000000726800000| Untracked |  0
|  247|0x0000000726a00000, 0x0000000726a00000, 0x0000000726c00000|  0%| F|  |TAMS 0x0000000726a00000| PB 0x0000000726a00000| Untracked |  0
|  248|0x0000000726c00000, 0x0000000726c00000, 0x0000000726e00000|  0%| F|  |TAMS 0x0000000726c00000| PB 0x0000000726c00000| Untracked |  0
|  249|0x0000000726e00000, 0x0000000726e00000, 0x0000000727000000|  0%| F|  |TAMS 0x0000000726e00000| PB 0x0000000726e00000| Untracked |  0
|  250|0x0000000727000000, 0x0000000727000000, 0x0000000727200000|  0%| F|  |TAMS 0x0000000727000000| PB 0x0000000727000000| Untracked |  0
|  251|0x0000000727200000, 0x0000000727200000, 0x0000000727400000|  0%| F|  |TAMS 0x0000000727200000| PB 0x0000000727200000| Untracked |  0
|  252|0x0000000727400000, 0x0000000727400000, 0x0000000727600000|  0%| F|  |TAMS 0x0000000727400000| PB 0x0000000727400000| Untracked |  0
|  253|0x0000000727600000, 0x0000000727600000, 0x0000000727800000|  0%| F|  |TAMS 0x0000000727600000| PB 0x0000000727600000| Untracked |  0
|  254|0x0000000727800000, 0x0000000727800000, 0x0000000727a00000|  0%| F|  |TAMS 0x0000000727800000| PB 0x0000000727800000| Untracked |  0
|  255|0x0000000727a00000, 0x0000000727a00000, 0x0000000727c00000|  0%| F|  |TAMS 0x0000000727a00000| PB 0x0000000727a00000| Untracked |  0
|  256|0x0000000727c00000, 0x0000000727c00000, 0x0000000727e00000|  0%| F|  |TAMS 0x0000000727c00000| PB 0x0000000727c00000| Untracked |  0
|  257|0x0000000727e00000, 0x0000000727e00000, 0x0000000728000000|  0%| F|  |TAMS 0x0000000727e00000| PB 0x0000000727e00000| Untracked |  0
|  258|0x0000000728000000, 0x0000000728000000, 0x0000000728200000|  0%| F|  |TAMS 0x0000000728000000| PB 0x0000000728000000| Untracked |  0
|  259|0x0000000728200000, 0x0000000728200000, 0x0000000728400000|  0%| F|  |TAMS 0x0000000728200000| PB 0x0000000728200000| Untracked |  0
|  260|0x0000000728400000, 0x0000000728400000, 0x0000000728600000|  0%| F|  |TAMS 0x0000000728400000| PB 0x0000000728400000| Untracked |  0
|  261|0x0000000728600000, 0x0000000728600000, 0x0000000728800000|  0%| F|  |TAMS 0x0000000728600000| PB 0x0000000728600000| Untracked |  0
|  262|0x0000000728800000, 0x0000000728800000, 0x0000000728a00000|  0%| F|  |TAMS 0x0000000728800000| PB 0x0000000728800000| Untracked |  0
|  263|0x0000000728a00000, 0x0000000728a00000, 0x0000000728c00000|  0%| F|  |TAMS 0x0000000728a00000| PB 0x0000000728a00000| Untracked |  0
|  264|0x0000000728c00000, 0x0000000728c00000, 0x0000000728e00000|  0%| F|  |TAMS 0x0000000728c00000| PB 0x0000000728c00000| Untracked |  0
|  265|0x0000000728e00000, 0x0000000728e00000, 0x0000000729000000|  0%| F|  |TAMS 0x0000000728e00000| PB 0x0000000728e00000| Untracked |  0
|  266|0x0000000729000000, 0x0000000729000000, 0x0000000729200000|  0%| F|  |TAMS 0x0000000729000000| PB 0x0000000729000000| Untracked |  0
|  267|0x0000000729200000, 0x0000000729200000, 0x0000000729400000|  0%| F|  |TAMS 0x0000000729200000| PB 0x0000000729200000| Untracked |  0
|  268|0x0000000729400000, 0x0000000729500000, 0x0000000729600000| 50%| E|CS|TAMS 0x0000000729400000| PB 0x0000000729400000| Complete  |  0
|  269|0x0000000729600000, 0x0000000729800000, 0x0000000729800000|100%| E|CS|TAMS 0x0000000729600000| PB 0x0000000729600000| Complete  |  0
|  270|0x0000000729800000, 0x0000000729a00000, 0x0000000729a00000|100%| E|CS|TAMS 0x0000000729800000| PB 0x0000000729800000| Complete  |  0
|  271|0x0000000729a00000, 0x0000000729c00000, 0x0000000729c00000|100%| E|CS|TAMS 0x0000000729a00000| PB 0x0000000729a00000| Complete  |  0
|  272|0x0000000729c00000, 0x0000000729e00000, 0x0000000729e00000|100%| E|CS|TAMS 0x0000000729c00000| PB 0x0000000729c00000| Complete  |  0
|  273|0x0000000729e00000, 0x000000072a000000, 0x000000072a000000|100%| E|CS|TAMS 0x0000000729e00000| PB 0x0000000729e00000| Complete  |  0
|  274|0x000000072a000000, 0x000000072a200000, 0x000000072a200000|100%| E|CS|TAMS 0x000000072a000000| PB 0x000000072a000000| Complete  |  0
|  275|0x000000072a200000, 0x000000072a400000, 0x000000072a400000|100%| E|CS|TAMS 0x000000072a200000| PB 0x000000072a200000| Complete  |  0
|  276|0x000000072a400000, 0x000000072a600000, 0x000000072a600000|100%| E|CS|TAMS 0x000000072a400000| PB 0x000000072a400000| Complete  |  0
|  277|0x000000072a600000, 0x000000072a800000, 0x000000072a800000|100%| E|CS|TAMS 0x000000072a600000| PB 0x000000072a600000| Complete  |  0
|  278|0x000000072a800000, 0x000000072aa00000, 0x000000072aa00000|100%| E|CS|TAMS 0x000000072a800000| PB 0x000000072a800000| Complete  |  0
|  279|0x000000072aa00000, 0x000000072ac00000, 0x000000072ac00000|100%| E|CS|TAMS 0x000000072aa00000| PB 0x000000072aa00000| Complete  |  0
|  280|0x000000072ac00000, 0x000000072ae00000, 0x000000072ae00000|100%| E|CS|TAMS 0x000000072ac00000| PB 0x000000072ac00000| Complete  |  0
|  281|0x000000072ae00000, 0x000000072b000000, 0x000000072b000000|100%| E|CS|TAMS 0x000000072ae00000| PB 0x000000072ae00000| Complete  |  0
|  282|0x000000072b000000, 0x000000072b200000, 0x000000072b200000|100%| E|CS|TAMS 0x000000072b000000| PB 0x000000072b000000| Complete  |  0
|  283|0x000000072b200000, 0x000000072b400000, 0x000000072b400000|100%| E|CS|TAMS 0x000000072b200000| PB 0x000000072b200000| Complete  |  0
|  284|0x000000072b400000, 0x000000072b600000, 0x000000072b600000|100%| E|CS|TAMS 0x000000072b400000| PB 0x000000072b400000| Complete  |  0
|  285|0x000000072b600000, 0x000000072b800000, 0x000000072b800000|100%| E|CS|TAMS 0x000000072b600000| PB 0x000000072b600000| Complete  |  0
|  286|0x000000072b800000, 0x000000072ba00000, 0x000000072ba00000|100%| E|CS|TAMS 0x000000072b800000| PB 0x000000072b800000| Complete  |  0
|  287|0x000000072ba00000, 0x000000072bc00000, 0x000000072bc00000|100%| E|CS|TAMS 0x000000072ba00000| PB 0x000000072ba00000| Complete  |  0
|  288|0x000000072bc00000, 0x000000072be00000, 0x000000072be00000|100%| E|CS|TAMS 0x000000072bc00000| PB 0x000000072bc00000| Complete  |  0
|  289|0x000000072be00000, 0x000000072c000000, 0x000000072c000000|100%| E|CS|TAMS 0x000000072be00000| PB 0x000000072be00000| Complete  |  0
|  290|0x000000072c000000, 0x000000072c200000, 0x000000072c200000|100%| E|CS|TAMS 0x000000072c000000| PB 0x000000072c000000| Complete  |  0
|  291|0x000000072c200000, 0x000000072c400000, 0x000000072c400000|100%| E|CS|TAMS 0x000000072c200000| PB 0x000000072c200000| Complete  |  0
|  292|0x000000072c400000, 0x000000072c600000, 0x000000072c600000|100%| E|CS|TAMS 0x000000072c400000| PB 0x000000072c400000| Complete  |  0
|  293|0x000000072c600000, 0x000000072c800000, 0x000000072c800000|100%| E|CS|TAMS 0x000000072c600000| PB 0x000000072c600000| Complete  |  0
|  294|0x000000072c800000, 0x000000072ca00000, 0x000000072ca00000|100%| E|CS|TAMS 0x000000072c800000| PB 0x000000072c800000| Complete  |  0
|  295|0x000000072ca00000, 0x000000072cc00000, 0x000000072cc00000|100%| E|CS|TAMS 0x000000072ca00000| PB 0x000000072ca00000| Complete  |  0
|  296|0x000000072cc00000, 0x000000072ce00000, 0x000000072ce00000|100%| E|CS|TAMS 0x000000072cc00000| PB 0x000000072cc00000| Complete  |  0
|  297|0x000000072ce00000, 0x000000072d000000, 0x000000072d000000|100%| E|CS|TAMS 0x000000072ce00000| PB 0x000000072ce00000| Complete  |  0
|  298|0x000000072d000000, 0x000000072d200000, 0x000000072d200000|100%| E|CS|TAMS 0x000000072d000000| PB 0x000000072d000000| Complete  |  0
|  299|0x000000072d200000, 0x000000072d400000, 0x000000072d400000|100%| E|CS|TAMS 0x000000072d200000| PB 0x000000072d200000| Complete  |  0
|  300|0x000000072d400000, 0x000000072d600000, 0x000000072d600000|100%| E|CS|TAMS 0x000000072d400000| PB 0x000000072d400000| Complete  |  0
|  301|0x000000072d600000, 0x000000072d800000, 0x000000072d800000|100%| E|CS|TAMS 0x000000072d600000| PB 0x000000072d600000| Complete  |  0
|  302|0x000000072d800000, 0x000000072da00000, 0x000000072da00000|100%| E|CS|TAMS 0x000000072d800000| PB 0x000000072d800000| Complete  |  0
|  303|0x000000072da00000, 0x000000072dc00000, 0x000000072dc00000|100%| E|CS|TAMS 0x000000072da00000| PB 0x000000072da00000| Complete  |  0
|  304|0x000000072dc00000, 0x000000072de00000, 0x000000072de00000|100%| E|CS|TAMS 0x000000072dc00000| PB 0x000000072dc00000| Complete  |  0
|  305|0x000000072de00000, 0x000000072e000000, 0x000000072e000000|100%| E|CS|TAMS 0x000000072de00000| PB 0x000000072de00000| Complete  |  0
|  306|0x000000072e000000, 0x000000072e200000, 0x000000072e200000|100%| E|CS|TAMS 0x000000072e000000| PB 0x000000072e000000| Complete  |  0
|  307|0x000000072e200000, 0x000000072e400000, 0x000000072e400000|100%| E|CS|TAMS 0x000000072e200000| PB 0x000000072e200000| Complete  |  0
|  308|0x000000072e400000, 0x000000072e600000, 0x000000072e600000|100%| E|CS|TAMS 0x000000072e400000| PB 0x000000072e400000| Complete  |  0
|  309|0x000000072e600000, 0x000000072e800000, 0x000000072e800000|100%| E|CS|TAMS 0x000000072e600000| PB 0x000000072e600000| Complete  |  0
|  310|0x000000072e800000, 0x000000072ea00000, 0x000000072ea00000|100%| E|CS|TAMS 0x000000072e800000| PB 0x000000072e800000| Complete  |  0
|  311|0x000000072ea00000, 0x000000072ec00000, 0x000000072ec00000|100%| E|CS|TAMS 0x000000072ea00000| PB 0x000000072ea00000| Complete  |  0
|  312|0x000000072ec00000, 0x000000072ee00000, 0x000000072ee00000|100%| E|CS|TAMS 0x000000072ec00000| PB 0x000000072ec00000| Complete  |  0
|  313|0x000000072ee00000, 0x000000072f000000, 0x000000072f000000|100%| E|CS|TAMS 0x000000072ee00000| PB 0x000000072ee00000| Complete  |  0
|  314|0x000000072f000000, 0x000000072f200000, 0x000000072f200000|100%| E|CS|TAMS 0x000000072f000000| PB 0x000000072f000000| Complete  |  0
|  315|0x000000072f200000, 0x000000072f400000, 0x000000072f400000|100%| E|CS|TAMS 0x000000072f200000| PB 0x000000072f200000| Complete  |  0
|  316|0x000000072f400000, 0x000000072f600000, 0x000000072f600000|100%| E|CS|TAMS 0x000000072f400000| PB 0x000000072f400000| Complete  |  0
|  317|0x000000072f600000, 0x000000072f800000, 0x000000072f800000|100%| E|CS|TAMS 0x000000072f600000| PB 0x000000072f600000| Complete  |  0
|  318|0x000000072f800000, 0x000000072fa00000, 0x000000072fa00000|100%| E|CS|TAMS 0x000000072f800000| PB 0x000000072f800000| Complete  |  0
|  319|0x000000072fa00000, 0x000000072fc00000, 0x000000072fc00000|100%| E|CS|TAMS 0x000000072fa00000| PB 0x000000072fa00000| Complete  |  0
|  320|0x000000072fc00000, 0x000000072fe00000, 0x000000072fe00000|100%| E|CS|TAMS 0x000000072fc00000| PB 0x000000072fc00000| Complete  |  0
|  321|0x000000072fe00000, 0x0000000730000000, 0x0000000730000000|100%| E|CS|TAMS 0x000000072fe00000| PB 0x000000072fe00000| Complete  |  0
|  322|0x0000000730000000, 0x0000000730200000, 0x0000000730200000|100%| E|CS|TAMS 0x0000000730000000| PB 0x0000000730000000| Complete  |  0
|  323|0x0000000730200000, 0x0000000730400000, 0x0000000730400000|100%| E|CS|TAMS 0x0000000730200000| PB 0x0000000730200000| Complete  |  0
|  324|0x0000000730400000, 0x0000000730600000, 0x0000000730600000|100%| E|CS|TAMS 0x0000000730400000| PB 0x0000000730400000| Complete  |  0
|  325|0x0000000730600000, 0x0000000730800000, 0x0000000730800000|100%| E|CS|TAMS 0x0000000730600000| PB 0x0000000730600000| Complete  |  0
|  326|0x0000000730800000, 0x0000000730a00000, 0x0000000730a00000|100%| E|CS|TAMS 0x0000000730800000| PB 0x0000000730800000| Complete  |  0
|  327|0x0000000730a00000, 0x0000000730c00000, 0x0000000730c00000|100%| E|CS|TAMS 0x0000000730a00000| PB 0x0000000730a00000| Complete  |  0
|  328|0x0000000730c00000, 0x0000000730e00000, 0x0000000730e00000|100%| E|CS|TAMS 0x0000000730c00000| PB 0x0000000730c00000| Complete  |  0
|  329|0x0000000730e00000, 0x0000000731000000, 0x0000000731000000|100%| E|CS|TAMS 0x0000000730e00000| PB 0x0000000730e00000| Complete  |  0
|  330|0x0000000731000000, 0x0000000731200000, 0x0000000731200000|100%| E|CS|TAMS 0x0000000731000000| PB 0x0000000731000000| Complete  |  0
|  331|0x0000000731200000, 0x0000000731400000, 0x0000000731400000|100%| E|CS|TAMS 0x0000000731200000| PB 0x0000000731200000| Complete  |  0
|  332|0x0000000731400000, 0x0000000731600000, 0x0000000731600000|100%| E|CS|TAMS 0x0000000731400000| PB 0x0000000731400000| Complete  |  0
|  333|0x0000000731600000, 0x0000000731800000, 0x0000000731800000|100%| E|CS|TAMS 0x0000000731600000| PB 0x0000000731600000| Complete  |  0
|  334|0x0000000731800000, 0x0000000731a00000, 0x0000000731a00000|100%| E|CS|TAMS 0x0000000731800000| PB 0x0000000731800000| Complete  |  0
|  335|0x0000000731a00000, 0x0000000731c00000, 0x0000000731c00000|100%| E|CS|TAMS 0x0000000731a00000| PB 0x0000000731a00000| Complete  |  0
|  336|0x0000000731c00000, 0x0000000731e00000, 0x0000000731e00000|100%| E|CS|TAMS 0x0000000731c00000| PB 0x0000000731c00000| Complete  |  0
|  337|0x0000000731e00000, 0x0000000732000000, 0x0000000732000000|100%| E|CS|TAMS 0x0000000731e00000| PB 0x0000000731e00000| Complete  |  0
|  338|0x0000000732000000, 0x0000000732200000, 0x0000000732200000|100%| E|CS|TAMS 0x0000000732000000| PB 0x0000000732000000| Complete  |  0
|  339|0x0000000732200000, 0x0000000732400000, 0x0000000732400000|100%| E|CS|TAMS 0x0000000732200000| PB 0x0000000732200000| Complete  |  0
|  340|0x0000000732400000, 0x0000000732600000, 0x0000000732600000|100%| E|CS|TAMS 0x0000000732400000| PB 0x0000000732400000| Complete  |  0
|  341|0x0000000732600000, 0x0000000732800000, 0x0000000732800000|100%| E|CS|TAMS 0x0000000732600000| PB 0x0000000732600000| Complete  |  0
|  342|0x0000000732800000, 0x0000000732a00000, 0x0000000732a00000|100%| E|CS|TAMS 0x0000000732800000| PB 0x0000000732800000| Complete  |  0
|  343|0x0000000732a00000, 0x0000000732c00000, 0x0000000732c00000|100%| E|CS|TAMS 0x0000000732a00000| PB 0x0000000732a00000| Complete  |  0
|  344|0x0000000732c00000, 0x0000000732e00000, 0x0000000732e00000|100%| E|CS|TAMS 0x0000000732c00000| PB 0x0000000732c00000| Complete  |  0
|  345|0x0000000732e00000, 0x0000000733000000, 0x0000000733000000|100%| E|CS|TAMS 0x0000000732e00000| PB 0x0000000732e00000| Complete  |  0
|  346|0x0000000733000000, 0x0000000733200000, 0x0000000733200000|100%| E|CS|TAMS 0x0000000733000000| PB 0x0000000733000000| Complete  |  0
|  347|0x0000000733200000, 0x0000000733400000, 0x0000000733400000|100%| E|CS|TAMS 0x0000000733200000| PB 0x0000000733200000| Complete  |  0
|  348|0x0000000733400000, 0x0000000733600000, 0x0000000733600000|100%| E|CS|TAMS 0x0000000733400000| PB 0x0000000733400000| Complete  |  0
|  349|0x0000000733600000, 0x0000000733800000, 0x0000000733800000|100%| E|CS|TAMS 0x0000000733600000| PB 0x0000000733600000| Complete  |  0
|  350|0x0000000733800000, 0x0000000733a00000, 0x0000000733a00000|100%| E|CS|TAMS 0x0000000733800000| PB 0x0000000733800000| Complete  |  0
|  351|0x0000000733a00000, 0x0000000733c00000, 0x0000000733c00000|100%| E|CS|TAMS 0x0000000733a00000| PB 0x0000000733a00000| Complete  |  0
|  352|0x0000000733c00000, 0x0000000733e00000, 0x0000000733e00000|100%| E|CS|TAMS 0x0000000733c00000| PB 0x0000000733c00000| Complete  |  0
|  353|0x0000000733e00000, 0x0000000734000000, 0x0000000734000000|100%| E|CS|TAMS 0x0000000733e00000| PB 0x0000000733e00000| Complete  |  0
|  354|0x0000000734000000, 0x0000000734200000, 0x0000000734200000|100%| E|CS|TAMS 0x0000000734000000| PB 0x0000000734000000| Complete  |  0
|  355|0x0000000734200000, 0x0000000734400000, 0x0000000734400000|100%| E|CS|TAMS 0x0000000734200000| PB 0x0000000734200000| Complete  |  0
|  356|0x0000000734400000, 0x0000000734600000, 0x0000000734600000|100%| E|CS|TAMS 0x0000000734400000| PB 0x0000000734400000| Complete  |  0
|  357|0x0000000734600000, 0x0000000734800000, 0x0000000734800000|100%| E|CS|TAMS 0x0000000734600000| PB 0x0000000734600000| Complete  |  0
|  358|0x0000000734800000, 0x0000000734a00000, 0x0000000734a00000|100%| E|CS|TAMS 0x0000000734800000| PB 0x0000000734800000| Complete  |  0
|  359|0x0000000734a00000, 0x0000000734c00000, 0x0000000734c00000|100%| E|CS|TAMS 0x0000000734a00000| PB 0x0000000734a00000| Complete  |  0
|  360|0x0000000734c00000, 0x0000000734e00000, 0x0000000734e00000|100%| E|CS|TAMS 0x0000000734c00000| PB 0x0000000734c00000| Complete  |  0
|  361|0x0000000734e00000, 0x0000000735000000, 0x0000000735000000|100%| E|CS|TAMS 0x0000000734e00000| PB 0x0000000734e00000| Complete  |  0
|  362|0x0000000735000000, 0x0000000735200000, 0x0000000735200000|100%| E|CS|TAMS 0x0000000735000000| PB 0x0000000735000000| Complete  |  0
|  363|0x0000000735200000, 0x0000000735400000, 0x0000000735400000|100%| E|CS|TAMS 0x0000000735200000| PB 0x0000000735200000| Complete  |  0
|  364|0x0000000735400000, 0x0000000735600000, 0x0000000735600000|100%| E|CS|TAMS 0x0000000735400000| PB 0x0000000735400000| Complete  |  0
|  365|0x0000000735600000, 0x0000000735800000, 0x0000000735800000|100%| E|CS|TAMS 0x0000000735600000| PB 0x0000000735600000| Complete  |  0
|  366|0x0000000735800000, 0x0000000735a00000, 0x0000000735a00000|100%| E|CS|TAMS 0x0000000735800000| PB 0x0000000735800000| Complete  |  0
|  367|0x0000000735a00000, 0x0000000735c00000, 0x0000000735c00000|100%| E|CS|TAMS 0x0000000735a00000| PB 0x0000000735a00000| Complete  |  0
|  368|0x0000000735c00000, 0x0000000735e00000, 0x0000000735e00000|100%| E|CS|TAMS 0x0000000735c00000| PB 0x0000000735c00000| Complete  |  0
|  369|0x0000000735e00000, 0x0000000736000000, 0x0000000736000000|100%| E|CS|TAMS 0x0000000735e00000| PB 0x0000000735e00000| Complete  |  0
|  370|0x0000000736000000, 0x0000000736200000, 0x0000000736200000|100%| E|CS|TAMS 0x0000000736000000| PB 0x0000000736000000| Complete  |  0
|  371|0x0000000736200000, 0x0000000736400000, 0x0000000736400000|100%| E|CS|TAMS 0x0000000736200000| PB 0x0000000736200000| Complete  |  0
|  372|0x0000000736400000, 0x0000000736600000, 0x0000000736600000|100%| E|CS|TAMS 0x0000000736400000| PB 0x0000000736400000| Complete  |  0
|  373|0x0000000736600000, 0x0000000736800000, 0x0000000736800000|100%| E|CS|TAMS 0x0000000736600000| PB 0x0000000736600000| Complete  |  0
|  374|0x0000000736800000, 0x0000000736a00000, 0x0000000736a00000|100%| E|CS|TAMS 0x0000000736800000| PB 0x0000000736800000| Complete  |  0
|  375|0x0000000736a00000, 0x0000000736c00000, 0x0000000736c00000|100%| E|CS|TAMS 0x0000000736a00000| PB 0x0000000736a00000| Complete  |  0
|  376|0x0000000736c00000, 0x0000000736e00000, 0x0000000736e00000|100%| E|CS|TAMS 0x0000000736c00000| PB 0x0000000736c00000| Complete  |  0
|  377|0x0000000736e00000, 0x0000000737000000, 0x0000000737000000|100%| E|CS|TAMS 0x0000000736e00000| PB 0x0000000736e00000| Complete  |  0
|  378|0x0000000737000000, 0x0000000737200000, 0x0000000737200000|100%| E|CS|TAMS 0x0000000737000000| PB 0x0000000737000000| Complete  |  0
|  379|0x0000000737200000, 0x0000000737400000, 0x0000000737400000|100%| E|CS|TAMS 0x0000000737200000| PB 0x0000000737200000| Complete  |  0
|  380|0x0000000737400000, 0x0000000737600000, 0x0000000737600000|100%| E|CS|TAMS 0x0000000737400000| PB 0x0000000737400000| Complete  |  0
|  381|0x0000000737600000, 0x0000000737800000, 0x0000000737800000|100%| E|CS|TAMS 0x0000000737600000| PB 0x0000000737600000| Complete  |  0
|  382|0x0000000737800000, 0x0000000737a00000, 0x0000000737a00000|100%| E|CS|TAMS 0x0000000737800000| PB 0x0000000737800000| Complete  |  0
|  383|0x0000000737a00000, 0x0000000737c00000, 0x0000000737c00000|100%| E|CS|TAMS 0x0000000737a00000| PB 0x0000000737a00000| Complete  |  0
|  384|0x0000000737c00000, 0x0000000737e00000, 0x0000000737e00000|100%| E|CS|TAMS 0x0000000737c00000| PB 0x0000000737c00000| Complete  |  0
|  385|0x0000000737e00000, 0x0000000738000000, 0x0000000738000000|100%| E|CS|TAMS 0x0000000737e00000| PB 0x0000000737e00000| Complete  |  0
|  386|0x0000000738000000, 0x0000000738200000, 0x0000000738200000|100%| E|CS|TAMS 0x0000000738000000| PB 0x0000000738000000| Complete  |  0
|  387|0x0000000738200000, 0x0000000738400000, 0x0000000738400000|100%| E|CS|TAMS 0x0000000738200000| PB 0x0000000738200000| Complete  |  0
|  388|0x0000000738400000, 0x0000000738600000, 0x0000000738600000|100%| E|CS|TAMS 0x0000000738400000| PB 0x0000000738400000| Complete  |  0
|  389|0x0000000738600000, 0x0000000738800000, 0x0000000738800000|100%| E|CS|TAMS 0x0000000738600000| PB 0x0000000738600000| Complete  |  0
|  390|0x0000000738800000, 0x0000000738a00000, 0x0000000738a00000|100%| E|CS|TAMS 0x0000000738800000| PB 0x0000000738800000| Complete  |  0
|  391|0x0000000738a00000, 0x0000000738c00000, 0x0000000738c00000|100%| E|CS|TAMS 0x0000000738a00000| PB 0x0000000738a00000| Complete  |  0
|  392|0x0000000738c00000, 0x0000000738e00000, 0x0000000738e00000|100%| E|CS|TAMS 0x0000000738c00000| PB 0x0000000738c00000| Complete  |  0
|  393|0x0000000738e00000, 0x0000000739000000, 0x0000000739000000|100%| E|CS|TAMS 0x0000000738e00000| PB 0x0000000738e00000| Complete  |  0
|  394|0x0000000739000000, 0x0000000739200000, 0x0000000739200000|100%| E|CS|TAMS 0x0000000739000000| PB 0x0000000739000000| Complete  |  0
|  395|0x0000000739200000, 0x0000000739400000, 0x0000000739400000|100%| E|CS|TAMS 0x0000000739200000| PB 0x0000000739200000| Complete  |  0
|  396|0x0000000739400000, 0x0000000739600000, 0x0000000739600000|100%| E|CS|TAMS 0x0000000739400000| PB 0x0000000739400000| Complete  |  0
|  397|0x0000000739600000, 0x0000000739800000, 0x0000000739800000|100%| E|CS|TAMS 0x0000000739600000| PB 0x0000000739600000| Complete  |  0
|  398|0x0000000739800000, 0x0000000739a00000, 0x0000000739a00000|100%| E|CS|TAMS 0x0000000739800000| PB 0x0000000739800000| Complete  |  0
|  399|0x0000000739a00000, 0x0000000739c00000, 0x0000000739c00000|100%| E|CS|TAMS 0x0000000739a00000| PB 0x0000000739a00000| Complete  |  0
|  400|0x0000000739c00000, 0x0000000739e00000, 0x0000000739e00000|100%| E|CS|TAMS 0x0000000739c00000| PB 0x0000000739c00000| Complete  |  0
|  401|0x0000000739e00000, 0x000000073a000000, 0x000000073a000000|100%| E|CS|TAMS 0x0000000739e00000| PB 0x0000000739e00000| Complete  |  0
|  402|0x000000073a000000, 0x000000073a200000, 0x000000073a200000|100%| E|CS|TAMS 0x000000073a000000| PB 0x000000073a000000| Complete  |  0
|  403|0x000000073a200000, 0x000000073a400000, 0x000000073a400000|100%| E|CS|TAMS 0x000000073a200000| PB 0x000000073a200000| Complete  |  0
|  404|0x000000073a400000, 0x000000073a600000, 0x000000073a600000|100%| E|CS|TAMS 0x000000073a400000| PB 0x000000073a400000| Complete  |  0
|  405|0x000000073a600000, 0x000000073a800000, 0x000000073a800000|100%| E|CS|TAMS 0x000000073a600000| PB 0x000000073a600000| Complete  |  0
|  406|0x000000073a800000, 0x000000073aa00000, 0x000000073aa00000|100%| E|CS|TAMS 0x000000073a800000| PB 0x000000073a800000| Complete  |  0
|  407|0x000000073aa00000, 0x000000073ac00000, 0x000000073ac00000|100%| E|CS|TAMS 0x000000073aa00000| PB 0x000000073aa00000| Complete  |  0
|  408|0x000000073ac00000, 0x000000073ae00000, 0x000000073ae00000|100%| E|CS|TAMS 0x000000073ac00000| PB 0x000000073ac00000| Complete  |  0
|  409|0x000000073ae00000, 0x000000073b000000, 0x000000073b000000|100%| E|CS|TAMS 0x000000073ae00000| PB 0x000000073ae00000| Complete  |  0
|  410|0x000000073b000000, 0x000000073b200000, 0x000000073b200000|100%| E|CS|TAMS 0x000000073b000000| PB 0x000000073b000000| Complete  |  0
|  411|0x000000073b200000, 0x000000073b400000, 0x000000073b400000|100%| E|CS|TAMS 0x000000073b200000| PB 0x000000073b200000| Complete  |  0
|  412|0x000000073b400000, 0x000000073b600000, 0x000000073b600000|100%| E|CS|TAMS 0x000000073b400000| PB 0x000000073b400000| Complete  |  0
|  413|0x000000073b600000, 0x000000073b800000, 0x000000073b800000|100%| E|CS|TAMS 0x000000073b600000| PB 0x000000073b600000| Complete  |  0
|  414|0x000000073b800000, 0x000000073ba00000, 0x000000073ba00000|100%| E|CS|TAMS 0x000000073b800000| PB 0x000000073b800000| Complete  |  0
|  415|0x000000073ba00000, 0x000000073bc00000, 0x000000073bc00000|100%| E|CS|TAMS 0x000000073ba00000| PB 0x000000073ba00000| Complete  |  0
|  416|0x000000073bc00000, 0x000000073be00000, 0x000000073be00000|100%| E|CS|TAMS 0x000000073bc00000| PB 0x000000073bc00000| Complete  |  0
|  417|0x000000073be00000, 0x000000073c000000, 0x000000073c000000|100%| E|CS|TAMS 0x000000073be00000| PB 0x000000073be00000| Complete  |  0
|  418|0x000000073c000000, 0x000000073c200000, 0x000000073c200000|100%| E|CS|TAMS 0x000000073c000000| PB 0x000000073c000000| Complete  |  0
|  419|0x000000073c200000, 0x000000073c400000, 0x000000073c400000|100%| E|CS|TAMS 0x000000073c200000| PB 0x000000073c200000| Complete  |  0
|  420|0x000000073c400000, 0x000000073c600000, 0x000000073c600000|100%| E|CS|TAMS 0x000000073c400000| PB 0x000000073c400000| Complete  |  0
|  421|0x000000073c600000, 0x000000073c800000, 0x000000073c800000|100%| E|CS|TAMS 0x000000073c600000| PB 0x000000073c600000| Complete  |  0
|  422|0x000000073c800000, 0x000000073ca00000, 0x000000073ca00000|100%| E|CS|TAMS 0x000000073c800000| PB 0x000000073c800000| Complete  |  0
|  423|0x000000073ca00000, 0x000000073cc00000, 0x000000073cc00000|100%| E|CS|TAMS 0x000000073ca00000| PB 0x000000073ca00000| Complete  |  0
|  424|0x000000073cc00000, 0x000000073ce00000, 0x000000073ce00000|100%| E|CS|TAMS 0x000000073cc00000| PB 0x000000073cc00000| Complete  |  0
|  425|0x000000073ce00000, 0x000000073d000000, 0x000000073d000000|100%| E|CS|TAMS 0x000000073ce00000| PB 0x000000073ce00000| Complete  |  0
|  426|0x000000073d000000, 0x000000073d200000, 0x000000073d200000|100%| E|CS|TAMS 0x000000073d000000| PB 0x000000073d000000| Complete  |  0
|  427|0x000000073d200000, 0x000000073d400000, 0x000000073d400000|100%| E|CS|TAMS 0x000000073d200000| PB 0x000000073d200000| Complete  |  0
|  428|0x000000073d400000, 0x000000073d600000, 0x000000073d600000|100%| E|CS|TAMS 0x000000073d400000| PB 0x000000073d400000| Complete  |  0
|  429|0x000000073d600000, 0x000000073d800000, 0x000000073d800000|100%| E|CS|TAMS 0x000000073d600000| PB 0x000000073d600000| Complete  |  0
|  430|0x000000073d800000, 0x000000073da00000, 0x000000073da00000|100%| E|CS|TAMS 0x000000073d800000| PB 0x000000073d800000| Complete  |  0
|  431|0x000000073da00000, 0x000000073dc00000, 0x000000073dc00000|100%| E|CS|TAMS 0x000000073da00000| PB 0x000000073da00000| Complete  |  0
|  432|0x000000073dc00000, 0x000000073de00000, 0x000000073de00000|100%| E|CS|TAMS 0x000000073dc00000| PB 0x000000073dc00000| Complete  |  0
|  433|0x000000073de00000, 0x000000073e000000, 0x000000073e000000|100%| E|CS|TAMS 0x000000073de00000| PB 0x000000073de00000| Complete  |  0
|  434|0x000000073e000000, 0x000000073e200000, 0x000000073e200000|100%| E|CS|TAMS 0x000000073e000000| PB 0x000000073e000000| Complete  |  0
|  435|0x000000073e200000, 0x000000073e400000, 0x000000073e400000|100%| E|CS|TAMS 0x000000073e200000| PB 0x000000073e200000| Complete  |  0
|  436|0x000000073e400000, 0x000000073e600000, 0x000000073e600000|100%| E|CS|TAMS 0x000000073e400000| PB 0x000000073e400000| Complete  |  0
|  437|0x000000073e600000, 0x000000073e800000, 0x000000073e800000|100%| E|CS|TAMS 0x000000073e600000| PB 0x000000073e600000| Complete  |  0
|  438|0x000000073e800000, 0x000000073ea00000, 0x000000073ea00000|100%| E|CS|TAMS 0x000000073e800000| PB 0x000000073e800000| Complete  |  0
|  439|0x000000073ea00000, 0x000000073ec00000, 0x000000073ec00000|100%| E|CS|TAMS 0x000000073ea00000| PB 0x000000073ea00000| Complete  |  0
|  440|0x000000073ec00000, 0x000000073ee00000, 0x000000073ee00000|100%| E|CS|TAMS 0x000000073ec00000| PB 0x000000073ec00000| Complete  |  0
|  441|0x000000073ee00000, 0x000000073f000000, 0x000000073f000000|100%| E|CS|TAMS 0x000000073ee00000| PB 0x000000073ee00000| Complete  |  0
|  442|0x000000073f000000, 0x000000073f200000, 0x000000073f200000|100%| E|CS|TAMS 0x000000073f000000| PB 0x000000073f000000| Complete  |  0
|  443|0x000000073f200000, 0x000000073f400000, 0x000000073f400000|100%| E|CS|TAMS 0x000000073f200000| PB 0x000000073f200000| Complete  |  0
|  444|0x000000073f400000, 0x000000073f600000, 0x000000073f600000|100%| E|CS|TAMS 0x000000073f400000| PB 0x000000073f400000| Complete  |  0
|  445|0x000000073f600000, 0x000000073f800000, 0x000000073f800000|100%| E|CS|TAMS 0x000000073f600000| PB 0x000000073f600000| Complete  |  0
|  446|0x000000073f800000, 0x000000073fa00000, 0x000000073fa00000|100%| E|CS|TAMS 0x000000073f800000| PB 0x000000073f800000| Complete  |  0
|  447|0x000000073fa00000, 0x000000073fc00000, 0x000000073fc00000|100%| E|CS|TAMS 0x000000073fa00000| PB 0x000000073fa00000| Complete  |  0
|  448|0x000000073fc00000, 0x000000073fe00000, 0x000000073fe00000|100%| E|CS|TAMS 0x000000073fc00000| PB 0x000000073fc00000| Complete  |  0
|  449|0x000000073fe00000, 0x0000000740000000, 0x0000000740000000|100%| E|CS|TAMS 0x000000073fe00000| PB 0x000000073fe00000| Complete  |  0
|  450|0x0000000740000000, 0x0000000740200000, 0x0000000740200000|100%| E|CS|TAMS 0x0000000740000000| PB 0x0000000740000000| Complete  |  0
|  451|0x0000000740200000, 0x0000000740400000, 0x0000000740400000|100%| E|CS|TAMS 0x0000000740200000| PB 0x0000000740200000| Complete  |  0
|  452|0x0000000740400000, 0x0000000740600000, 0x0000000740600000|100%| E|CS|TAMS 0x0000000740400000| PB 0x0000000740400000| Complete  |  0
|  453|0x0000000740600000, 0x0000000740800000, 0x0000000740800000|100%| E|CS|TAMS 0x0000000740600000| PB 0x0000000740600000| Complete  |  0
|  454|0x0000000740800000, 0x0000000740a00000, 0x0000000740a00000|100%| E|CS|TAMS 0x0000000740800000| PB 0x0000000740800000| Complete  |  0
|  455|0x0000000740a00000, 0x0000000740c00000, 0x0000000740c00000|100%| E|CS|TAMS 0x0000000740a00000| PB 0x0000000740a00000| Complete  |  0
|  456|0x0000000740c00000, 0x0000000740e00000, 0x0000000740e00000|100%| E|CS|TAMS 0x0000000740c00000| PB 0x0000000740c00000| Complete  |  0
|  457|0x0000000740e00000, 0x0000000741000000, 0x0000000741000000|100%| E|CS|TAMS 0x0000000740e00000| PB 0x0000000740e00000| Complete  |  0
|  458|0x0000000741000000, 0x0000000741200000, 0x0000000741200000|100%| E|CS|TAMS 0x0000000741000000| PB 0x0000000741000000| Complete  |  0
|  459|0x0000000741200000, 0x0000000741400000, 0x0000000741400000|100%| E|CS|TAMS 0x0000000741200000| PB 0x0000000741200000| Complete  |  0
|  460|0x0000000741400000, 0x0000000741600000, 0x0000000741600000|100%| E|CS|TAMS 0x0000000741400000| PB 0x0000000741400000| Complete  |  0
|  461|0x0000000741600000, 0x0000000741800000, 0x0000000741800000|100%| E|CS|TAMS 0x0000000741600000| PB 0x0000000741600000| Complete  |  0
|  462|0x0000000741800000, 0x0000000741a00000, 0x0000000741a00000|100%| E|CS|TAMS 0x0000000741800000| PB 0x0000000741800000| Complete  |  0
|  463|0x0000000741a00000, 0x0000000741c00000, 0x0000000741c00000|100%| E|CS|TAMS 0x0000000741a00000| PB 0x0000000741a00000| Complete  |  0
|  464|0x0000000741c00000, 0x0000000741e00000, 0x0000000741e00000|100%| E|CS|TAMS 0x0000000741c00000| PB 0x0000000741c00000| Complete  |  0
|  465|0x0000000741e00000, 0x0000000742000000, 0x0000000742000000|100%| E|CS|TAMS 0x0000000741e00000| PB 0x0000000741e00000| Complete  |  0
|  466|0x0000000742000000, 0x0000000742200000, 0x0000000742200000|100%| E|CS|TAMS 0x0000000742000000| PB 0x0000000742000000| Complete  |  0
|  467|0x0000000742200000, 0x0000000742400000, 0x0000000742400000|100%| E|CS|TAMS 0x0000000742200000| PB 0x0000000742200000| Complete  |  0
|  468|0x0000000742400000, 0x00000007425f6d60, 0x0000000742600000| 98%| S|CS|TAMS 0x0000000742400000| PB 0x0000000742400000| Complete  |  0
|  469|0x0000000742600000, 0x0000000742800000, 0x0000000742800000|100%| S|CS|TAMS 0x0000000742600000| PB 0x0000000742600000| Complete  |  0
|  470|0x0000000742800000, 0x0000000742a00000, 0x0000000742a00000|100%| E|CS|TAMS 0x0000000742800000| PB 0x0000000742800000| Complete  |  0
|  471|0x0000000742a00000, 0x0000000742c00000, 0x0000000742c00000|100%| E|CS|TAMS 0x0000000742a00000| PB 0x0000000742a00000| Complete  |  0
|  472|0x0000000742c00000, 0x0000000742e00000, 0x0000000742e00000|100%| E|CS|TAMS 0x0000000742c00000| PB 0x0000000742c00000| Complete  |  0
|  473|0x0000000742e00000, 0x0000000743000000, 0x0000000743000000|100%| E|CS|TAMS 0x0000000742e00000| PB 0x0000000742e00000| Complete  |  0
| 1983|0x00000007ffa00000, 0x00000007ffc00000, 0x00000007ffc00000|100%| O|  |TAMS 0x00000007ffa00000| PB 0x00000007ffa00000| Untracked |  0
| 1984|0x00000007ffc00000, 0x00000007ffe00000, 0x00000007ffe00000|100%| O|  |TAMS 0x00000007ffc00000| PB 0x00000007ffc00000| Untracked |  0
| 1985|0x00000007ffe00000, 0x00000007fff325c8, 0x0000000800000000| 59%| O|  |TAMS 0x00000007ffe00000| PB 0x00000007ffe00000| Untracked |  0

Card table byte_map: [0x0000788c8663d000,0x0000788c86dff000] _byte_map_base: 0x0000788c82dff000
Refinement table byte_map: [0x0000788c85e7b000,0x0000788c8663d000] _byte_map_base: 0x0000788c8263d000

Marking Bits: (CMBitMap*) 0x0000788ca0080b60
 Bits: [0x0000788c8206b000, 0x0000788c85e7b000)

Polling page: 0x0000788ca6ff0000

Metaspace:
Metaspace        used 83198K, committed 85184K, reserved 1179648K
 class space     used 10269K, committed 11136K, reserved 1048576K

Usage:
  Non-class:     71.22 MB used.
      Class:     10.03 MB used.
       Both:     81.25 MB used.

Virtual space:
  Non-class space:      128.00 MB reserved,      72.31 MB ( 56%) committed,  2 nodes.
      Class space:        1.00 GB reserved,      10.88 MB (  1%) committed,  1 nodes.
             Both:        1.12 GB reserved,      83.19 MB (  7%) committed. 

Chunk freelists:
   Non-Class:  6.77 MB
       Class:  5.12 MB
        Both:  11.89 MB

MaxMetaspaceSize: unlimited
CompressedClassSpaceSize: 1.00 GB
Initial GC threshold: 21.00 MB
Current GC threshold: 105.44 MB
CDS: on
 - commit_granule_bytes: 65536.
 - commit_granule_words: 8192.
 - virtual_space_node_default_size: 8388608.
 - enlarge_chunks_in_place: 1.
UseCompressedClassPointers 1, UseCompactObjectHeaders 0
Narrow klass pointer bits 32, Max shift 3
Narrow klass base: 0x0000000025000000, Narrow klass shift: 0
Encoding Range: [0x0000000025000000 - 0x0000000125000000), (4294967296 bytes)
Klass Range:    [0x0000000025000000 - 0x0000000066000000), (1090519040 bytes)
Klass ID Range:  [8 - 1090519033) (1090519025)
Protection zone: [0x0000000025000000 - 0x0000000025001000), (4096 bytes)


Internal statistics:

num_allocs_failed_limit: 36.
num_arena_births: 1176.
num_arena_deaths: 10.
num_vsnodes_births: 3.
num_vsnodes_deaths: 0.
num_space_committed: 1331.
num_space_uncommitted: 0.
num_chunks_returned_to_freelist: 47.
num_chunks_taken_from_freelist: 4367.
num_chunk_merges: 28.
num_chunk_splits: 2510.
num_chunks_enlarged: 1198.
num_inconsistent_stats: 0.

CodeHeap 'non-profiled nmethods': size=120032Kb used=7075Kb max_used=7075Kb free=112956Kb
 bounds [0x0000788c8e8c8000, 0x0000788c8efb8000, 0x0000788c95e00000]
CodeHeap 'profiled nmethods': size=120032Kb used=25392Kb max_used=25392Kb free=94639Kb
 bounds [0x0000788c86dff000, 0x0000788c886cf000, 0x0000788c8e337000]
CodeHeap 'non-nmethods': size=5700Kb used=2266Kb max_used=2343Kb free=3433Kb
 bounds [0x0000788c8e337000, 0x0000788c8e5a7000, 0x0000788c8e8c8000]
CodeCache: size=245764Kb, used=34733Kb, max_used=34810Kb, free=211028Kb
 total_blobs=16113, nmethods=14905, adapters=1100, full_count=0
Compilation: enabled, stopped_count=0, restarted_count=0

Compilation events (20 events):
Event: 230.267 Thread 0x0000788ca00ea270 16164       3       java.beans.PropertyChangeSupport::firePropertyChange (81 bytes)
Event: 230.268 Thread 0x0000788ca00ea270 nmethod 16164 0x0000788c886c2b88 code [0x0000788c886c2c80, 0x0000788c886c3a88]
Event: 230.268 Thread 0x0000788ca00ea270 16165       3       java.lang.invoke.MethodHandles$Lookup::getDirectField (8 bytes)
Event: 230.268 Thread 0x0000788ca00ea270 nmethod 16165 0x0000788c886c3b08 code [0x0000788c886c3c00, 0x0000788c886c3d20]
Event: 230.268 Thread 0x0000788ca00ea270 16167       3       java.lang.invoke.BoundMethodHandle$Species_L::make (11 bytes)
Event: 230.268 Thread 0x0000788ca00e88b0 16168       4       org.openide.util.lookup.ArrayStorage$1JustPairs::findNext (94 bytes)
Event: 230.268 Thread 0x0000788ca00ea270 nmethod 16167 0x0000788c886c3e08 code [0x0000788c886c3f00, 0x0000788c886c4148]
Event: 230.268 Thread 0x0000788ca00ea270 16166       3       java.lang.invoke.MethodHandles$Lookup::getDirectFieldCommon (56 bytes)
Event: 230.268 Thread 0x0000788ca00ea270 nmethod 16166 0x0000788c886c4188 code [0x0000788c886c4280, 0x0000788c886c4738]
Event: 230.270 Thread 0x0000788ca00ea270 16169 %     3       java.util.Properties::saveConvert @ 43 (383 bytes)
Event: 230.271 Thread 0x0000788ca00e88b0 nmethod 16168 0x0000788c8efae888 code [0x0000788c8efae980, 0x0000788c8efaecb0]
Event: 230.271 Thread 0x0000788ca00ea270 nmethod 16169% 0x0000788c886c4788 code [0x0000788c886c4880, 0x0000788c886c72f0]
Event: 230.271 Thread 0x0000788ca00ea270 16170       3       java.util.Properties::saveConvert (383 bytes)
Event: 230.273 Thread 0x0000788ca00ea270 nmethod 16170 0x0000788c886c7308 code [0x0000788c886c7400, 0x0000788c886c9c38]
Event: 230.273 Thread 0x0000788ca00e88b0 16171       4       java.awt.EventQueue::dispatchEvent (48 bytes)
Event: 230.273 Thread 0x0000788ca00ea270 16173       3       java.lang.ClassLoader::findNative (35 bytes)
Event: 230.274 Thread 0x0000788ca00ea270 nmethod 16173 0x0000788c886c9c88 code [0x0000788c886c9d80, 0x0000788c886ca338]
Event: 230.288 Thread 0x0000788ca00e88b0 nmethod 16171 0x0000788c8efaed08 code [0x0000788c8efaee00, 0x0000788c8efafd88]
Event: 230.288 Thread 0x0000788ca00e88b0 16172       4       java.awt.EventQueue::dispatchEventImpl (139 bytes)
Event: 230.301 Thread 0x0000788ca00e88b0 nmethod 16172 0x0000788c8efafe08 code [0x0000788c8efaff00, 0x0000788c8efb0e60]

GC Heap Usage History (20 events):
Event: 1.677 {heap Before GC invocations=7 (full 0):
 garbage-first heap   total reserved 4067328K, committed 98304K, used 90744K [0x0000000707c00000, 0x0000000800000000)
  region size 2M, 27 eden (54M), 1 survivor (2M), 4 old (8M), 15 humongous (30M), 1 free (2M)
}
Event: 1.683 {heap After GC invocations=8 (full 0):
 garbage-first heap   total reserved 4067328K, committed 104448K, used 39672K [0x0000000707c00000, 0x0000000800000000)
  region size 2M, 0 eden (0M), 4 survivor (8M), 4 old (8M), 13 humongous (26M), 30 free (60M)
}
Event: 2.073 {heap Before GC invocations=8 (full 0):
 garbage-first heap   total reserved 4067328K, committed 104448K, used 88824K [0x0000000707c00000, 0x0000000800000000)
  region size 2M, 24 eden (48M), 4 survivor (8M), 4 old (8M), 14 humongous (28M), 5 free (10M)
}
Event: 2.083 {heap After GC invocations=9 (full 0):
 garbage-first heap   total reserved 4067328K, committed 108544K, used 43165K [0x0000000707c00000, 0x0000000800000000)
  region size 2M, 0 eden (0M), 4 survivor (8M), 7 old (14M), 11 humongous (22M), 31 free (62M)
}
Event: 2.548 {heap Before GC invocations=9 (full 0):
 garbage-first heap   total reserved 4067328K, committed 108544K, used 90269K [0x0000000707c00000, 0x0000000800000000)
  region size 2M, 23 eden (46M), 4 survivor (8M), 7 old (14M), 11 humongous (22M), 8 free (16M)
}
Event: 2.555 {heap After GC invocations=10 (full 0):
 garbage-first heap   total reserved 4067328K, committed 108544K, used 46135K [0x0000000707c00000, 0x0000000800000000)
  region size 2M, 0 eden (0M), 2 survivor (4M), 11 old (22M), 11 humongous (22M), 29 free (58M)
}
Event: 2.680 {heap Before GC invocations=10 (full 0):
 garbage-first heap   total reserved 4067328K, committed 108544K, used 62519K [0x0000000707c00000, 0x0000000800000000)
  region size 2M, 9 eden (18M), 2 survivor (4M), 11 old (22M), 11 humongous (22M), 20 free (40M)
}
Event: 2.683 {heap After GC invocations=11 (full 0):
 garbage-first heap   total reserved 4067328K, committed 108544K, used 46248K [0x0000000707c00000, 0x0000000800000000)
  region size 2M, 0 eden (0M), 2 survivor (4M), 11 old (22M), 11 humongous (22M), 29 free (58M)
}
Event: 3.504 {heap Before GC invocations=12 (full 0):
 garbage-first heap   total reserved 4067328K, committed 108544K, used 89256K [0x0000000707c00000, 0x0000000800000000)
  region size 2M, 23 eden (46M), 2 survivor (4M), 11 old (22M), 10 humongous (20M), 7 free (14M)
}
Event: 3.522 {heap After GC invocations=13 (full 0):
 garbage-first heap   total reserved 4067328K, committed 325632K, used 49986K [0x0000000707c00000, 0x0000000800000000)
  region size 2M, 0 eden (0M), 4 survivor (8M), 11 old (22M), 10 humongous (20M), 134 free (268M)
}
Event: 4.576 {heap Before GC invocations=13 (full 0):
 garbage-first heap   total reserved 4067328K, committed 325632K, used 125762K [0x0000000707c00000, 0x0000000800000000)
  region size 2M, 39 eden (78M), 4 survivor (8M), 11 old (22M), 10 humongous (20M), 95 free (190M)
}
Event: 4.594 {heap After GC invocations=14 (full 0):
 garbage-first heap   total reserved 4067328K, committed 325632K, used 56492K [0x0000000707c00000, 0x0000000800000000)
  region size 2M, 0 eden (0M), 8 survivor (16M), 11 old (22M), 10 humongous (20M), 130 free (260M)
}
Event: 4.670 {heap Before GC invocations=14 (full 0):
 garbage-first heap   total reserved 4067328K, committed 325632K, used 62636K [0x0000000707c00000, 0x0000000800000000)
  region size 2M, 4 eden (8M), 8 survivor (16M), 11 old (22M), 10 humongous (20M), 126 free (252M)
}
Event: 4.681 {heap After GC invocations=15 (full 0):
 garbage-first heap   total reserved 4067328K, committed 325632K, used 56315K [0x0000000707c00000, 0x0000000800000000)
  region size 2M, 0 eden (0M), 6 survivor (12M), 13 old (26M), 10 humongous (20M), 130 free (260M)
}
Event: 6.631 {heap Before GC invocations=16 (full 0):
 garbage-first heap   total reserved 4067328K, committed 325632K, used 230395K [0x0000000707c00000, 0x0000000800000000)
  region size 2M, 89 eden (178M), 6 survivor (12M), 13 old (26M), 7 humongous (14M), 44 free (88M)
}
Event: 6.671 {heap After GC invocations=17 (full 0):
 garbage-first heap   total reserved 4067328K, committed 325632K, used 72093K [0x0000000707c00000, 0x0000000800000000)
  region size 2M, 0 eden (0M), 12 survivor (24M), 17 old (34M), 7 humongous (14M), 123 free (246M)
}
Event: 6.936 {heap Before GC invocations=17 (full 0):
 garbage-first heap   total reserved 4067328K, committed 325632K, used 106909K [0x0000000707c00000, 0x0000000800000000)
  region size 2M, 18 eden (36M), 12 survivor (24M), 17 old (34M), 7 humongous (14M), 105 free (210M)
}
Event: 6.958 {heap After GC invocations=18 (full 0):
 garbage-first heap   total reserved 4067328K, committed 976896K, used 75908K [0x0000000707c00000, 0x0000000800000000)
  region size 2M, 0 eden (0M), 3 survivor (6M), 28 old (56M), 7 humongous (14M), 439 free (878M)
}
Event: 7.000 {heap Before GC invocations=18 (full 0):
 garbage-first heap   total reserved 4067328K, committed 976896K, used 80004K [0x0000000707c00000, 0x0000000800000000)
  region size 2M, 4 eden (8M), 3 survivor (6M), 28 old (56M), 7 humongous (14M), 435 free (870M)
}
Event: 7.009 {heap After GC invocations=19 (full 0):
 garbage-first heap   total reserved 4067328K, committed 976896K, used 74848K [0x0000000707c00000, 0x0000000800000000)
  region size 2M, 0 eden (0M), 2 survivor (4M), 28 old (56M), 7 humongous (14M), 440 free (880M)
}

Metaspace Usage History (20 events):
Event: 1.677 {metaspace Before GC invocations=7 (full 0):
 Metaspace       used 16288K, committed 16512K, reserved 1114112K
  class space    used 1620K, committed 1728K, reserved 1048576K
}
Event: 1.683 {metaspace After GC invocations=8 (full 0):
 Metaspace       used 16288K, committed 16512K, reserved 1114112K
  class space    used 1620K, committed 1728K, reserved 1048576K
}
Event: 2.073 {metaspace Before GC invocations=8 (full 0):
 Metaspace       used 18739K, committed 19072K, reserved 1114112K
  class space    used 1877K, committed 1984K, reserved 1048576K
}
Event: 2.083 {metaspace After GC invocations=9 (full 0):
 Metaspace       used 18739K, committed 19072K, reserved 1114112K
  class space    used 1877K, committed 1984K, reserved 1048576K
}
Event: 2.548 {metaspace Before GC invocations=9 (full 0):
 Metaspace       used 19465K, committed 19840K, reserved 1114112K
  class space    used 1922K, committed 2048K, reserved 1048576K
}
Event: 2.555 {metaspace After GC invocations=10 (full 0):
 Metaspace       used 19465K, committed 19840K, reserved 1114112K
  class space    used 1922K, committed 2048K, reserved 1048576K
}
Event: 2.680 {metaspace Before GC invocations=10 (full 0):
 Metaspace       used 21035K, committed 21504K, reserved 1114112K
  class space    used 2078K, committed 2304K, reserved 1048576K
}
Event: 2.683 {metaspace After GC invocations=11 (full 0):
 Metaspace       used 21035K, committed 21504K, reserved 1114112K
  class space    used 2078K, committed 2304K, reserved 1048576K
}
Event: 3.504 {metaspace Before GC invocations=12 (full 0):
 Metaspace       used 32026K, committed 32960K, reserved 1114112K
  class space    used 3595K, committed 3968K, reserved 1048576K
}
Event: 3.522 {metaspace After GC invocations=13 (full 0):
 Metaspace       used 32026K, committed 32960K, reserved 1114112K
  class space    used 3595K, committed 3968K, reserved 1048576K
}
Event: 4.576 {metaspace Before GC invocations=13 (full 0):
 Metaspace       used 36365K, committed 37248K, reserved 1114112K
  class space    used 4243K, committed 4608K, reserved 1048576K
}
Event: 4.594 {metaspace After GC invocations=14 (full 0):
 Metaspace       used 36365K, committed 37248K, reserved 1114112K
  class space    used 4243K, committed 4608K, reserved 1048576K
}
Event: 4.670 {metaspace Before GC invocations=14 (full 0):
 Metaspace       used 36713K, committed 37568K, reserved 1114112K
  class space    used 4274K, committed 4608K, reserved 1048576K
}
Event: 4.681 {metaspace After GC invocations=15 (full 0):
 Metaspace       used 36713K, committed 37568K, reserved 1114112K
  class space    used 4274K, committed 4608K, reserved 1048576K
}
Event: 6.631 {metaspace Before GC invocations=16 (full 0):
 Metaspace       used 60693K, committed 62144K, reserved 1114112K
  class space    used 7539K, committed 8128K, reserved 1048576K
}
Event: 6.672 {metaspace After GC invocations=17 (full 0):
 Metaspace       used 60693K, committed 62144K, reserved 1114112K
  class space    used 7539K, committed 8128K, reserved 1048576K
}
Event: 6.936 {metaspace Before GC invocations=17 (full 0):
 Metaspace       used 62075K, committed 63488K, reserved 1114112K
  class space    used 7772K, committed 8320K, reserved 1048576K
}
Event: 6.958 {metaspace After GC invocations=18 (full 0):
 Metaspace       used 62075K, committed 63488K, reserved 1114112K
  class space    used 7772K, committed 8320K, reserved 1048576K
}
Event: 7.000 {metaspace Before GC invocations=18 (full 0):
 Metaspace       used 62394K, committed 63808K, reserved 1114112K
  class space    used 7827K, committed 8384K, reserved 1048576K
}
Event: 7.009 {metaspace After GC invocations=19 (full 0):
 Metaspace       used 62394K, committed 63808K, reserved 1114112K
  class space    used 7827K, committed 8384K, reserved 1048576K
}

Dll operation events (20 events):
Event: 0.575 Attempting to load shared library /usr/lib/jvm/zulu-fx-26-amd64/lib/libsplashscreen.so
Event: 0.575 Loaded shared library /usr/lib/jvm/zulu-fx-26-amd64/lib/libsplashscreen.so
Event: 3.185 Attempting to load shared library /usr/lib/jvm/zulu-fx-26-amd64/lib/libjawt.so
Event: 3.185 Loaded shared library /usr/lib/jvm/zulu-fx-26-amd64/lib/libjawt.so
Event: 3.185 Attempting to load shared library /home/rok/NetBeansProjects/OpenPKM/build/testuserdir/jcef-bundle/libjcef.so
Event: 3.215 Loaded shared library /home/rok/NetBeansProjects/OpenPKM/build/testuserdir/jcef-bundle/libjcef.so
Event: 3.216 Attempting to load shared library /home/rok/NetBeansProjects/OpenPKM/build/testuserdir/jcef-bundle/libcef.so
Event: 3.216 Loaded shared library /home/rok/NetBeansProjects/OpenPKM/build/testuserdir/jcef-bundle/libcef.so
Event: 6.725 Attempting to load shared library /usr/lib/jvm/zulu-fx-26-amd64/lib/libjavajpeg.so
Event: 6.727 Loaded shared library /usr/lib/jvm/zulu-fx-26-amd64/lib/libjavajpeg.so
Event: 6.736 Attempting to load shared library /usr/lib/jvm/zulu-fx-26-amd64/lib/liblcms.so
Event: 6.736 Loaded shared library /usr/lib/jvm/zulu-fx-26-amd64/lib/liblcms.so
Event: 8.428 Attempting to load shared library /usr/lib/apache-netbeans/platform/modules/lib/amd64/linux/libjnidispatch-nb.so
Event: 8.428 Loaded shared library /usr/lib/apache-netbeans/platform/modules/lib/amd64/linux/libjnidispatch-nb.so
Event: 8.924 Attempting to load shared library /usr/lib/jvm/zulu-fx-26-amd64/lib/libsyslookup.so
Event: 8.924 Loaded shared library /usr/lib/jvm/zulu-fx-26-amd64/lib/libsyslookup.so
Event: 9.367 Attempting to load shared library /usr/lib/jvm/zulu-fx-26-amd64/lib/libmanagement.so
Event: 9.367 Loaded shared library /usr/lib/jvm/zulu-fx-26-amd64/lib/libmanagement.so
Event: 9.374 Attempting to load shared library /usr/lib/jvm/zulu-fx-26-amd64/lib/libmanagement_ext.so
Event: 9.374 Loaded shared library /usr/lib/jvm/zulu-fx-26-amd64/lib/libmanagement_ext.so

Deoptimization events (20 events):
Event: 224.340 Thread 0x0000788c1809fad0 DEOPT PACKING pc=0x0000788c8ee091a8 sp=0x0000788c71948360
Event: 224.340 Thread 0x0000788c1809fad0 DEOPT UNPACKING pc=0x0000788c8e3c8079 sp=0x0000788c71948330 mode 2
Event: 229.637 Thread 0x0000788c1809fad0 Uncommon trap: trap_request=0xffffff45 fr.pc=0x0000788c8eb93e50 relative=0x0000000000002b50
Event: 229.637 Thread 0x0000788c1809fad0 Uncommon trap: reason=unstable_if action=reinterpret pc=0x0000788c8eb93e50 method=org.openide.filesystems.MultiFileObject.getAttribute(Ljava/lang/String;Ljava/lang/String;)Ljava/lang/Object; @ 155 c2
Event: 229.637 Thread 0x0000788c1809fad0 DEOPT PACKING pc=0x0000788c8eb93e50 sp=0x0000788c71949420
Event: 229.637 Thread 0x0000788c1809fad0 DEOPT UNPACKING pc=0x0000788c8e3c8079 sp=0x0000788c71949408 mode 2
Event: 229.640 Thread 0x0000788c0d314360 Uncommon trap: trap_request=0xffffff45 fr.pc=0x0000788c8eda2128 relative=0x00000000000000a8
Event: 229.640 Thread 0x0000788c0d314360 Uncommon trap: reason=unstable_if action=reinterpret pc=0x0000788c8eda2128 method=java.awt.Component.getCursor_NoClientCode()Ljava/awt/Cursor; @ 17 c2
Event: 229.640 Thread 0x0000788c0d314360 DEOPT PACKING pc=0x0000788c8eda2128 sp=0x0000788bef9a6600
Event: 229.640 Thread 0x0000788c0d314360 DEOPT UNPACKING pc=0x0000788c8e3c8079 sp=0x0000788bef9a6598 mode 2
Event: 230.218 Thread 0x0000788c1809fad0 Uncommon trap: trap_request=0xffffff45 fr.pc=0x0000788c8ebffac8 relative=0x00000000000018c8
Event: 230.218 Thread 0x0000788c1809fad0 Uncommon trap: reason=unstable_if action=reinterpret pc=0x0000788c8ebffac8 method=org.netbeans.NetigsoHandle.getDefault(Lorg/openide/util/Lookup;)Lorg/netbeans/NetigsoFramework; @ 9 c2
Event: 230.218 Thread 0x0000788c1809fad0 DEOPT PACKING pc=0x0000788c8ebffac8 sp=0x0000788c719494a0
Event: 230.218 Thread 0x0000788c1809fad0 DEOPT UNPACKING pc=0x0000788c8e3c8079 sp=0x0000788c719493e0 mode 2
Event: 230.232 Thread 0x0000788c1809fad0 Uncommon trap: trap_request=0xfffffff4 fr.pc=0x0000788c8ef64cdc relative=0x000000000000025c
Event: 230.232 Thread 0x0000788c1809fad0 Uncommon trap: reason=null_check action=make_not_entrant pc=0x0000788c8ef64cdc method=org.openide.util.lookup.ArrayStorage$1JustPairs.findNext()Lorg/openide/util/lookup/AbstractLookup$Pair; @ 37 c2
Event: 230.232 Thread 0x0000788c1809fad0 DEOPT PACKING pc=0x0000788c8ef64cdc sp=0x0000788c71949660
Event: 230.232 Thread 0x0000788c1809fad0 DEOPT UNPACKING pc=0x0000788c8e3c8079 sp=0x0000788c71949608 mode 2
Event: 230.260 Thread 0x0000788c1809fad0 DEOPT PACKING pc=0x0000788c87914975 sp=0x0000788c71949310
Event: 230.260 Thread 0x0000788c1809fad0 DEOPT UNPACKING pc=0x0000788c8e3882ef sp=0x0000788c719487f0 mode 0

Classes loaded (20 events):
Event: 230.252 Loading class com/sun/org/apache/xerces/internal/dom/NamedNodeMapImpl done
Event: 230.252 Loading class com/sun/org/apache/xerces/internal/dom/AttributeMap done
Event: 230.252 Loading class com/sun/org/apache/xerces/internal/dom/DeferredAttrNSImpl
Event: 230.252 Loading class com/sun/org/apache/xerces/internal/dom/AttrNSImpl
Event: 230.252 Loading class com/sun/org/apache/xerces/internal/dom/AttrImpl
Event: 230.252 Loading class com/sun/org/apache/xerces/internal/dom/AttrImpl done
Event: 230.252 Loading class com/sun/org/apache/xerces/internal/dom/AttrNSImpl done
Event: 230.252 Loading class com/sun/org/apache/xerces/internal/dom/DeferredAttrNSImpl done
Event: 230.253 Loading class com/sun/org/apache/xerces/internal/dom/DeepNodeListImpl
Event: 230.253 Loading class com/sun/org/apache/xerces/internal/dom/DeepNodeListImpl done
Event: 230.254 Loading class com/sun/org/apache/xerces/internal/dom/DeferredTextImpl
Event: 230.254 Loading class com/sun/org/apache/xerces/internal/dom/TextImpl
Event: 230.254 Loading class com/sun/org/apache/xerces/internal/dom/CharacterDataImpl
Event: 230.254 Loading class com/sun/org/apache/xerces/internal/dom/CharacterDataImpl done
Event: 230.254 Loading class com/sun/org/apache/xerces/internal/dom/TextImpl done
Event: 230.254 Loading class com/sun/org/apache/xerces/internal/dom/DeferredTextImpl done
Event: 230.254 Loading class com/sun/org/apache/xerces/internal/dom/CharacterDataImpl$1
Event: 230.254 Loading class com/sun/org/apache/xerces/internal/dom/CharacterDataImpl$1 done
Event: 230.268 Loading class java/security/DomainCombiner
Event: 230.268 Loading class java/security/DomainCombiner done

Classes unloaded (5 events):
Event: 2.734 Thread 0x0000788ca00d72a0 Unloading class 0x00000000261dd400 'java/net/Accessor+0x00000000261dd400'
Event: 7.335 Thread 0x0000788ca00d72a0 Unloading class 0x0000000026682400 'java/lang/invoke/LambdaForm$MH+0x0000000026682400'
Event: 7.335 Thread 0x0000788ca00d72a0 Unloading class 0x0000000026682000 'java/lang/invoke/LambdaForm$MH+0x0000000026682000'
Event: 7.335 Thread 0x0000788ca00d72a0 Unloading class 0x0000000026681c00 'java/lang/invoke/LambdaForm$MH+0x0000000026681c00'
Event: 7.335 Thread 0x0000788ca00d72a0 Unloading class 0x0000000026680400 'java/lang/invoke/LambdaForm$MH+0x0000000026680400'

Classes redefined (0 events):
No events

Internal exceptions (20 events):
Event: 36.965 Thread 0x0000788c192c6f90 Exception <a 'sun/nio/fs/UnixException'{0x00000007429b7ed8}> (0x00000007429b7ed8) 
thrown [src/hotspot/share/prims/jni.cpp, line 514]
Event: 37.272 Thread 0x0000788c192c6f90 Exception <a 'sun/nio/fs/UnixException'{0x00000007429b8078}> (0x00000007429b8078) 
thrown [src/hotspot/share/prims/jni.cpp, line 514]
Event: 37.507 Thread 0x0000788c192c6f90 Exception <a 'sun/nio/fs/UnixException'{0x00000007429b8218}> (0x00000007429b8218) 
thrown [src/hotspot/share/prims/jni.cpp, line 514]
Event: 37.785 Thread 0x0000788c192c6f90 Exception <a 'sun/nio/fs/UnixException'{0x00000007429b83b8}> (0x00000007429b83b8) 
thrown [src/hotspot/share/prims/jni.cpp, line 514]
Event: 37.980 Thread 0x0000788c192c6f90 Exception <a 'sun/nio/fs/UnixException'{0x00000007429b8558}> (0x00000007429b8558) 
thrown [src/hotspot/share/prims/jni.cpp, line 514]
Event: 38.294 Thread 0x0000788c192c6f90 Exception <a 'sun/nio/fs/UnixException'{0x00000007429b86f8}> (0x00000007429b86f8) 
thrown [src/hotspot/share/prims/jni.cpp, line 514]
Event: 38.507 Thread 0x0000788c192c6f90 Exception <a 'sun/nio/fs/UnixException'{0x00000007429b8898}> (0x00000007429b8898) 
thrown [src/hotspot/share/prims/jni.cpp, line 514]
Event: 38.805 Thread 0x0000788c192c6f90 Exception <a 'sun/nio/fs/UnixException'{0x00000007429b8a38}> (0x00000007429b8a38) 
thrown [src/hotspot/share/prims/jni.cpp, line 514]
Event: 40.316 Thread 0x0000788c1926eab0 Exception <a 'java/lang/NoSuchMethodError'{0x0000000731d59730}: 'java.lang.Object java.lang.invoke.DirectMethodHandle$Holder.newInvokeSpecial(java.lang.Object, java.lang.Object, java.lang.Object, java.lang.Object, java.lang.Object, java.lang.Object, java.lang.Object)'> (0x0000000731d59730) 
thrown [src/hotspot/share/interpreter/linkResolver.cpp, line 803]
Event: 40.343 Thread 0x0000788c1926eab0 Exception <a 'java/lang/NoSuchMethodError'{0x0000000731822820}: 'int java.lang.invoke.DirectMethodHandle$Holder.invokeStaticInit(java.lang.Object, int)'> (0x0000000731822820) 
thrown [src/hotspot/share/interpreter/linkResolver.cpp, line 803]
Event: 40.349 Thread 0x0000788c1926eab0 Exception <a 'java/lang/NoSuchMethodError'{0x000000073193aac8}: 'int java.lang.invoke.DirectMethodHandle$Holder.invokeStatic(java.lang.Object, int, int, int, int)'> (0x000000073193aac8) 
thrown [src/hotspot/share/interpreter/linkResolver.cpp, line 803]
Event: 40.413 Thread 0x0000788c1926eab0 Exception <a 'java/lang/NoSuchMethodError'{0x00000007313bc848}: 'int java.lang.invoke.DirectMethodHandle$Holder.invokeSpecialIFC(java.lang.Object, java.lang.Object, int)'> (0x00000007313bc848) 
thrown [src/hotspot/share/interpreter/linkResolver.cpp, line 803]
Event: 40.430 Thread 0x0000788c1926eab0 Exception <a 'java/lang/NoSuchMethodError'{0x00000007310d4538}: 'java.lang.Object java.lang.invoke.DirectMethodHandle$Holder.invokeStaticInit(java.lang.Object, java.lang.Object, java.lang.Object, java.lang.Object, int, int)'> (0x00000007310d4538) 
thrown [src/hotspot/share/interpreter/linkResolver.cpp, line 803]
Event: 40.731 Thread 0x0000788c1809fad0 Exception <a 'java/lang/NoSuchMethodError'{0x0000000730f2d8b0}: 'void java.lang.invoke.DirectMethodHandle$Holder.invokeSpecial(java.lang.Object, java.lang.Object, java.lang.Object, java.lang.Object, int)'> (0x0000000730f2d8b0) 
thrown [src/hotspot/share/interpreter/linkResolver.cpp, line 803]
Event: 190.750 Thread 0x0000788c1809fad0 Implicit null exception at 0x0000788c8ee607b1 to 0x0000788c8ee607c6
Event: 214.844 Thread 0x0000788c1809fad0 Exception <a 'java/lang/NoSuchMethodError'{0x000000072b09dfe8}: 'int java.lang.invoke.DirectMethodHandle$Holder.invokeStatic(java.lang.Object, int, java.lang.Object, java.lang.Object)'> (0x000000072b09dfe8) 
thrown [src/hotspot/share/interpreter/linkResolver.cpp, line 803]
Event: 229.594 Thread 0x0000788c1809fad0 Exception <a 'java/lang/NoSuchMethodError'{0x000000072a4b3780}: static [Ljava/lang/String;.<clinit>()V> (0x000000072a4b3780) 
thrown [src/hotspot/share/prims/jni.cpp, line 1104]
Event: 229.640 Thread 0x0000788c0d314360 Implicit null exception at 0x0000788c8eda20b6 to 0x0000788c8eda211d
Event: 230.231 Thread 0x0000788c192c6f90 Exception <a 'sun/nio/fs/UnixException'{0x00000007429b9a58}> (0x00000007429b9a58) 
thrown [src/hotspot/share/prims/jni.cpp, line 514]
Event: 230.232 Thread 0x0000788c1809fad0 Implicit null exception at 0x0000788c8ef64b80 to 0x0000788c8ef64cd0

VM Operations (20 events):
Event: 230.209 Executing safepoint VM operation: ThreadDump
Event: 230.210 Executing safepoint VM operation: ThreadDump done
Event: 230.220 Executing safepoint VM operation: ThreadDump
Event: 230.220 Executing safepoint VM operation: ThreadDump done
Event: 230.235 Executing safepoint VM operation: ThreadDump
Event: 230.235 Executing safepoint VM operation: ThreadDump done
Event: 230.245 Executing safepoint VM operation: ThreadDump
Event: 230.247 Executing safepoint VM operation: ThreadDump done
Event: 230.247 Executing non-safepoint VM operation: HandshakeAllThreads (Deoptimize)
Event: 230.247 Executing non-safepoint VM operation: HandshakeAllThreads (Deoptimize) done
Event: 230.255 Executing safepoint VM operation: ThreadDump
Event: 230.255 Executing safepoint VM operation: ThreadDump done
Event: 230.265 Executing safepoint VM operation: ThreadDump
Event: 230.265 Executing safepoint VM operation: ThreadDump done
Event: 230.275 Executing safepoint VM operation: ThreadDump
Event: 230.276 Executing safepoint VM operation: ThreadDump done
Event: 230.286 Executing safepoint VM operation: ThreadDump
Event: 230.286 Executing safepoint VM operation: ThreadDump done
Event: 230.296 Executing safepoint VM operation: ThreadDump
Event: 230.296 Executing safepoint VM operation: ThreadDump done

Memory protections (20 events):
Event: 159.375 Protecting memory [0x0000788c70d20000,0x0000788c70d24000] with protection modes 0
Event: 201.877 Protecting memory [0x0000788c70d20000,0x0000788c70d24000] with protection modes 0
Event: 207.013 Protecting memory [0x0000788c70d20000,0x0000788c70d24000] with protection modes 0
Event: 207.034 Protecting memory [0x0000788bef8a8000,0x0000788bef8ac000] with protection modes 0
Event: 207.404 Protecting memory [0x0000788c70d20000,0x0000788c70d24000] with protection modes 0
Event: 207.481 Protecting memory [0x0000788c70b20000,0x0000788c70b24000] with protection modes 0
Event: 208.278 Protecting memory [0x0000788c70d20000,0x0000788c70d24000] with protection modes 0
Event: 208.482 Protecting memory [0x0000788c70d20000,0x0000788c70d24000] with protection modes 0
Event: 208.705 Protecting memory [0x0000788c70d20000,0x0000788c70d24000] with protection modes 0
Event: 209.529 Protecting memory [0x0000788c70d20000,0x0000788c70d24000] with protection modes 0
Event: 209.865 Protecting memory [0x0000788c70d20000,0x0000788c70d24000] with protection modes 0
Event: 224.390 Protecting memory [0x0000788c70d20000,0x0000788c70d24000] with protection modes 0
Event: 229.574 Protecting memory [0x0000788c70d20000,0x0000788c70d24000] with protection modes 0
Event: 229.640 Protecting memory [0x0000788bef6a8000,0x0000788bef6ac000] with protection modes 0
Event: 229.657 Protecting memory [0x0000788bef4a8000,0x0000788bef4ac000] with protection modes 0
Event: 230.161 Protecting memory [0x0000788bef4a8000,0x0000788bef4ac000] with protection modes 0
Event: 230.225 Protecting memory [0x0000788bef4a8000,0x0000788bef4ac000] with protection modes 0
Event: 230.226 Protecting memory [0x0000788c70f20000,0x0000788c70f24000] with protection modes 0
Event: 230.229 Protecting memory [0x0000788c7042f000,0x0000788c70433000] with protection modes 0
Event: 230.234 Protecting memory [0x0000788c71420000,0x0000788c71424000] with protection modes 0

Nmethod flushes (20 events):
Event: 7.369 Thread 0x0000788ca00d72a0 flushing  nmethod 0x0000788c8761c108
Event: 7.369 Thread 0x0000788ca00d72a0 flushing  nmethod 0x0000788c8761c588
Event: 7.369 Thread 0x0000788ca00d72a0 flushing  nmethod 0x0000788c87621c08
Event: 7.369 Thread 0x0000788ca00d72a0 flushing  nmethod 0x0000788c87622288
Event: 7.369 Thread 0x0000788ca00d72a0 flushing  nmethod 0x0000788c87622588
Event: 7.369 Thread 0x0000788ca00d72a0 flushing  nmethod 0x0000788c87622b88
Event: 7.369 Thread 0x0000788ca00d72a0 flushing  nmethod 0x0000788c87622e88
Event: 7.369 Thread 0x0000788ca00d72a0 flushing  nmethod 0x0000788c87623388
Event: 7.369 Thread 0x0000788ca00d72a0 flushing  nmethod 0x0000788c87624388
Event: 7.369 Thread 0x0000788ca00d72a0 flushing  nmethod 0x0000788c87625508
Event: 7.369 Thread 0x0000788ca00d72a0 flushing  nmethod 0x0000788c87625f88
Event: 7.369 Thread 0x0000788ca00d72a0 flushing  nmethod 0x0000788c87626e08
Event: 7.369 Thread 0x0000788ca00d72a0 flushing  nmethod 0x0000788c87630e08
Event: 7.369 Thread 0x0000788ca00d72a0 flushing  nmethod 0x0000788c87631108
Event: 7.369 Thread 0x0000788ca00d72a0 flushing  nmethod 0x0000788c87633d08
Event: 7.369 Thread 0x0000788ca00d72a0 flushing  nmethod 0x0000788c87647388
Event: 7.369 Thread 0x0000788ca00d72a0 flushing  nmethod 0x0000788c876ad508
Event: 7.369 Thread 0x0000788ca00d72a0 flushing  nmethod 0x0000788c876d0108
Event: 7.369 Thread 0x0000788ca00d72a0 flushing  nmethod 0x0000788c876d4388
Event: 7.369 Thread 0x0000788ca00d72a0 flushing osr nmethod 0x0000788c876e9a08

Events (20 events):
Event: 209.865 Thread 0x0000788ca00ea270 Thread added: 0x0000788c3aa5b040
Event: 210.180 Thread 0x0000788c3aa5b040 Thread exited: 0x0000788c3aa5b040
Event: 224.390 Thread 0x0000788ca00ea270 Thread added: 0x0000788c3ab38b40
Event: 224.963 Thread 0x0000788c3ab38b40 Thread exited: 0x0000788c3ab38b40
Event: 229.574 Thread 0x0000788ca00ea270 Thread added: 0x0000788c3a79cc40
Event: 229.640 Thread 0x0000788c0d314360 Thread added: 0x000058c5b785c760
Event: 229.657 Thread 0x0000788c1809fad0 Thread added: 0x0000788c0d11a6e0
Event: 230.157 Thread 0x0000788c0d11a6e0 Thread exited: 0x0000788c0d11a6e0
Event: 230.160 Thread 0x0000788c1809fad0 Thread added: 0x0000788c0d11a6e0
Event: 230.164 Thread 0x0000788c3a79cc40 Thread exited: 0x0000788c3a79cc40
Event: 230.173 Thread 0x0000788c18a3c5c0 Thread exited: 0x0000788c18a3c5c0
Event: 230.173 Thread 0x0000788c193b45a0 Thread exited: 0x0000788c193b45a0
Event: 230.178 Thread 0x0000788c18723060 Thread exited: 0x0000788c18723060
Event: 230.216 Thread 0x0000788c0d11a6e0 Thread exited: 0x0000788c0d11a6e0
Event: 230.225 Thread 0x0000788c1809fad0 Thread added: 0x0000788c0d7c6330
Event: 230.226 Thread 0x0000788c1809fad0 Thread added: 0x0000788c0d4a1d10
Event: 230.226 Thread 0x0000788c1809fad0 Thread added: 0x0000788c0d26ea50
Event: 230.226 Thread 0x0000788c1b9bd0f0 Thread added: 0x0000788c00133560
Event: 230.233 Thread 0x0000788c192c6f90 Thread exited: 0x0000788c192c6f90
Event: 230.234 Thread 0x0000788c192d6d80 Thread exited: 0x0000788c192d6d80


Dynamic libraries:
25000000-25001000 ---p 00000000 00:00 0 
25001000-25db4000 rw-p 00001000 08:17 1888824                            /usr/lib/jvm/zulu-fx-26-amd64/lib/server/classes.jsa
25db4000-26000000 ---p 00000000 00:00 0 
26000000-26040000 rw-p 00000000 00:00 0 
26040000-260c0000 rw-p 00000000 00:00 0 
260c0000-26120000 rw-p 00000000 00:00 0 
26120000-26140000 rw-p 00000000 00:00 0 
26140000-261c0000 rw-p 00000000 00:00 0 
261c0000-26260000 rw-p 00000000 00:00 0 
26260000-26280000 rw-p 00000000 00:00 0 
26280000-262c0000 rw-p 00000000 00:00 0 
262c0000-26300000 rw-p 00000000 00:00 0 
26300000-263c0000 rw-p 00000000 00:00 0 
263c0000-26400000 rw-p 00000000 00:00 0 
26400000-264c0000 rw-p 00000000 00:00 0 
264c0000-26580000 rw-p 00000000 00:00 0 
26580000-26640000 rw-p 00000000 00:00 0 
26640000-266c0000 rw-p 00000000 00:00 0 
266c0000-26700000 rw-p 00000000 00:00 0 
26700000-26860000 rw-p 00000000 00:00 0 
26860000-26880000 rw-p 00000000 00:00 0 
26880000-26940000 rw-p 00000000 00:00 0 
26940000-26980000 rw-p 00000000 00:00 0 
26980000-26a00000 rw-p 00000000 00:00 0 
26a00000-26ae0000 rw-p 00000000 00:00 0 
26ae0000-66000000 ---p 00000000 00:00 0 
707c00000-743000000 rw-p 00000000 00:00 0 
743000000-7ffa00000 ---p 00000000 00:00 0 
7ffa00000-7ffe00000 rw-p 00000000 00:00 0 
7ffe00000-7fff33000 rw-p 00dea000 08:17 1888824                          /usr/lib/jvm/zulu-fx-26-amd64/lib/server/classes.jsa
7fff33000-800000000 rw-p 00000000 00:00 0 
58c59873f000-58c598740000 r-xp 00000000 08:17 1888839                    /usr/lib/jvm/zulu-fx-26-amd64/bin/java
58c598741000-58c598742000 r--p 00001000 08:17 1888839                    /usr/lib/jvm/zulu-fx-26-amd64/bin/java
58c598742000-58c598743000 rw-p 00002000 08:17 1888839                    /usr/lib/jvm/zulu-fx-26-amd64/bin/java
58c5b7829000-58c5b7873000 rw-p 00000000 00:00 0                          [heap]
788bd4000000-788bd41d8000 rw-p 00000000 00:00 0 
788bd41d8000-788bd8000000 ---p 00000000 00:00 0 
788bda000000-788bda100000 rw-p 00000000 00:00 0 
788bda100000-788bda300000 rw-p 00000000 00:00 0 
788bda300000-788bda400000 rw-p 00000000 00:00 0 
788bda400000-788bda700000 rw-p 00000000 00:00 0 
788bda700000-788bda800000 rw-p 00000000 00:00 0 
788bda800000-788bda840000 rw-p 00000000 00:00 0 
788bda840000-788bda900000 ---p 00000000 00:00 0 
788bda900000-788bda910000 rw-p 00000000 00:00 0 
788bda910000-788bde000000 ---p 00000000 00:00 0 
788bde0c1000-788bde19a000 r--s 00000000 08:17 131267                     /home/rok/NetBeansProjects/OpenPKM/build/testuserdir/cef_cache/ZxcvbnData/3/ranked_dicts
788bde1d5000-788bde1e6000 r--s 00000000 08:17 798301                     /home/rok/NetBeansProjects/OpenPKM/build/testuserdir/cef_cache/first_party_sets.db
788bde1e6000-788bde200000 r--s 00000000 08:17 797955                     /home/rok/NetBeansProjects/OpenPKM/build/testuserdir/cef_cache/segmentation_platform/ukm_db
788bde200000-788bde21e000 r-xp 00000000 08:17 2257183                    /usr/lib/apache-netbeans/platform/modules/lib/amd64/linux/libjnidispatch-nb.so
788bde21e000-788bde41d000 ---p 0001e000 08:17 2257183                    /usr/lib/apache-netbeans/platform/modules/lib/amd64/linux/libjnidispatch-nb.so
788bde41d000-788bde41e000 rw-p 0001d000 08:17 2257183                    /usr/lib/apache-netbeans/platform/modules/lib/amd64/linux/libjnidispatch-nb.so
788bde41e000-788bde41f000 rw-p 00000000 00:00 0 
788bde431000-788bde435000 ---p 00000000 00:00 0 
788bde435000-788bde531000 rw-p 00000000 00:00 0 
788bde5d5000-788bde5f6000 r--p 00000000 08:17 1048893                    /usr/lib/x86_64-linux-gnu/libnssckbi.so
788bde5f6000-788bde605000 r-xp 00021000 08:17 1048893                    /usr/lib/x86_64-linux-gnu/libnssckbi.so
788bde605000-788bde647000 r--p 00030000 08:17 1048893                    /usr/lib/x86_64-linux-gnu/libnssckbi.so
788bde647000-788bde65b000 r--p 00071000 08:17 1048893                    /usr/lib/x86_64-linux-gnu/libnssckbi.so
788bde65b000-788bde666000 rw-p 00085000 08:17 1048893                    /usr/lib/x86_64-linux-gnu/libnssckbi.so
788bde666000-788bde66a000 r--p 00000000 08:17 1048891                    /usr/lib/x86_64-linux-gnu/libfreeblpriv3.so
788bde66a000-788bde6fd000 r-xp 00004000 08:17 1048891                    /usr/lib/x86_64-linux-gnu/libfreeblpriv3.so
788bde6fd000-788bde72f000 r--p 00097000 08:17 1048891                    /usr/lib/x86_64-linux-gnu/libfreeblpriv3.so
788bde72f000-788bde731000 r--p 000c9000 08:17 1048891                    /usr/lib/x86_64-linux-gnu/libfreeblpriv3.so
788bde731000-788bde732000 rw-p 000cb000 08:17 1048891                    /usr/lib/x86_64-linux-gnu/libfreeblpriv3.so
788bde732000-788bde736000 rw-p 00000000 00:00 0 
788bde736000-788bde756000 r--p 00000000 08:17 1083270                    /usr/lib/x86_64-linux-gnu/libsqlite3.so.0.8.6
788bde756000-788bde861000 r-xp 00020000 08:17 1083270                    /usr/lib/x86_64-linux-gnu/libsqlite3.so.0.8.6
788bde861000-788bde895000 r--p 0012b000 08:17 1083270                    /usr/lib/x86_64-linux-gnu/libsqlite3.so.0.8.6
788bde895000-788bde899000 r--p 0015e000 08:17 1083270                    /usr/lib/x86_64-linux-gnu/libsqlite3.so.0.8.6
788bde899000-788bde89d000 rw-p 00162000 08:17 1083270                    /usr/lib/x86_64-linux-gnu/libsqlite3.so.0.8.6
788bde89d000-788bde89e000 rw-p 00000000 00:00 0 
788bde8a0000-788bde8a6000 r-xp 00000000 08:17 1757858                    /usr/lib/jvm/zulu-fx-26-amd64/lib/libmanagement_ext.so
788bde8a6000-788bde8a7000 r--p 00005000 08:17 1757858                    /usr/lib/jvm/zulu-fx-26-amd64/lib/libmanagement_ext.so
788bde8a7000-788bde8a8000 rw-p 00006000 08:17 1757858                    /usr/lib/jvm/zulu-fx-26-amd64/lib/libmanagement_ext.so
788bde8a8000-788bde8ac000 r-xp 00000000 08:17 1757883                    /usr/lib/jvm/zulu-fx-26-amd64/lib/libmanagement.so
788bde8ac000-788bde8ad000 r--p 00003000 08:17 1757883                    /usr/lib/jvm/zulu-fx-26-amd64/lib/libmanagement.so
788bde8ad000-788bde8ae000 rw-p 00004000 08:17 1757883                    /usr/lib/jvm/zulu-fx-26-amd64/lib/libmanagement.so
788bde8ae000-788bde8af000 r-xp 00000000 08:17 1757877                    /usr/lib/jvm/zulu-fx-26-amd64/lib/libsyslookup.so
788bde8af000-788bde8b0000 r--p 00000000 08:17 1757877                    /usr/lib/jvm/zulu-fx-26-amd64/lib/libsyslookup.so
788bde8b0000-788bde8b1000 rw-p 00001000 08:17 1757877                    /usr/lib/jvm/zulu-fx-26-amd64/lib/libsyslookup.so
788bde8b1000-788bde8b7000 r--p 00000000 08:17 1048902                    /usr/lib/x86_64-linux-gnu/libsoftokn3.so
788bde8b7000-788bde8f6000 r-xp 00006000 08:17 1048902                    /usr/lib/x86_64-linux-gnu/libsoftokn3.so
788bde8f6000-788bde906000 r--p 00045000 08:17 1048902                    /usr/lib/x86_64-linux-gnu/libsoftokn3.so
788bde906000-788bde907000 r--p 00055000 08:17 1048902                    /usr/lib/x86_64-linux-gnu/libsoftokn3.so
788bde907000-788bde908000 rw-p 00056000 08:17 1048902                    /usr/lib/x86_64-linux-gnu/libsoftokn3.so
788bde908000-788bde90a000 rw-p 00000000 00:00 0 
788bde963000-788bde964000 ---p 00000000 00:00 0 
788bde964000-788bdf164000 rw-p 00000000 00:00 0 
788bdf164000-788bdf165000 ---p 00000000 00:00 0 
788bdf165000-788bdf965000 rw-p 00000000 00:00 0 
788bdfa35000-788bdfa36000 ---p 00000000 00:00 0 
788bdfa36000-788be0236000 rw-p 00000000 00:00 0 
788be0236000-788be0237000 ---p 00000000 00:00 0 
788be0237000-788be0a37000 rw-p 00000000 00:00 0 
788be0a37000-788be0a38000 ---p 00000000 00:00 0 
788be0a38000-788be1238000 rw-p 00000000 00:00 0 
788be12f8000-788be12f9000 ---p 00000000 00:00 0 
788be12f9000-788be1af9000 rw-p 00000000 00:00 0 
788be1af9000-788be1afa000 ---p 00000000 00:00 0 
788be1afa000-788be22fa000 rw-p 00000000 00:00 0 
788be22fa000-788be22fb000 ---p 00000000 00:00 0 
788be22fb000-788be2afb000 rw-p 00000000 00:00 0 
788be2afb000-788be2afc000 ---p 00000000 00:00 0 
788be2afc000-788be32fc000 rw-p 00000000 00:00 0 
788be32fc000-788be330f000 r--p 00000000 08:17 1083195                    /usr/lib/x86_64-linux-gnu/libsecret-1.so.0.0.0
788be330f000-788be3342000 r-xp 00013000 08:17 1083195                    /usr/lib/x86_64-linux-gnu/libsecret-1.so.0.0.0
788be3342000-788be3356000 r--p 00046000 08:17 1083195                    /usr/lib/x86_64-linux-gnu/libsecret-1.so.0.0.0
788be3356000-788be335a000 r--p 00059000 08:17 1083195                    /usr/lib/x86_64-linux-gnu/libsecret-1.so.0.0.0
788be335a000-788be335b000 rw-p 0005d000 08:17 1083195                    /usr/lib/x86_64-linux-gnu/libsecret-1.so.0.0.0
788be335c000-788be335d000 r--p 00000000 08:17 1081696                    /usr/lib/x86_64-linux-gnu/libX11-xcb.so.1.0.0
788be335d000-788be335e000 r-xp 00001000 08:17 1081696                    /usr/lib/x86_64-linux-gnu/libX11-xcb.so.1.0.0
788be335e000-788be335f000 r--p 00002000 08:17 1081696                    /usr/lib/x86_64-linux-gnu/libX11-xcb.so.1.0.0
788be335f000-788be3360000 r--p 00002000 08:17 1081696                    /usr/lib/x86_64-linux-gnu/libX11-xcb.so.1.0.0
788be3360000-788be3361000 rw-p 00003000 08:17 1081696                    /usr/lib/x86_64-linux-gnu/libX11-xcb.so.1.0.0
788be33ee000-788be33ef000 ---p 00000000 00:00 0 
788be33ef000-788be3bef000 rw-p 00000000 00:00 0 
788be43f0000-788be43f1000 ---p 00000000 00:00 0 
788be43f1000-788be4bf1000 rw-p 00000000 00:00 0 
788be4bf1000-788be4bf2000 ---p 00000000 00:00 0 
788be4bf2000-788be53f2000 rw-p 00000000 00:00 0 
788be53f2000-788be53f3000 ---p 00000000 00:00 0 
788be53f3000-788be5bf3000 rw-p 00000000 00:00 0 
788be5bf3000-788be5bf4000 ---p 00000000 00:00 0 
788be5bf4000-788be63f4000 rw-p 00000000 00:00 0 
788be63f4000-788be63f5000 ---p 00000000 00:00 0 
788be63f5000-788be6bf5000 rw-p 00000000 00:00 0 
788be6bf5000-788be6bf6000 ---p 00000000 00:00 0 
788be6bf6000-788be73f6000 rw-p 00000000 00:00 0 
788be73f6000-788be73f7000 ---p 00000000 00:00 0 
788be73f7000-788be7bf7000 rw-p 00000000 00:00 0 
788be7bf7000-788be7bf8000 ---p 00000000 00:00 0 
788be7bf8000-788be83f8000 rw-p 00000000 00:00 0 
788be83f8000-788be83f9000 ---p 00000000 00:00 0 
788be83f9000-788be8bf9000 rw-p 00000000 00:00 0 
788be8bf9000-788be8bfa000 ---p 00000000 00:00 0 
788be8bfa000-788be93fa000 rw-p 00000000 00:00 0 
788be93fa000-788be93fb000 ---p 00000000 00:00 0 
788be93fb000-788be9bfb000 rw-p 00000000 00:00 0 
788bea3fc000-788bea3fd000 ---p 00000000 00:00 0 
788bea3fd000-788beabfd000 rw-p 00000000 00:00 0 
788beabfd000-788beabfe000 ---p 00000000 00:00 0 
788beabfe000-788beb3fe000 rw-p 00000000 00:00 0 
788beb3fe000-788beb3ff000 ---p 00000000 00:00 0 
788beb3ff000-788bebbff000 rw-p 00000000 00:00 0 
788bebbff000-788bebc00000 ---p 00000000 00:00 0 
788bebc00000-788bec400000 rw-p 00000000 00:00 0 
788bec400000-788becffe000 r--s 00000000 08:17 797841                     /home/rok/NetBeansProjects/OpenPKM/build/testuserdir/jcef-bundle/resources.pak
788bed023000-788bed084000 r--s 00000000 08:17 789961                     /home/rok/.cache/fontconfig/2300eef321c393bfd76478a5c0e95b23-le64.cache-11
788bed084000-788bed0fd000 r--s 00000000 08:17 789960                     /home/rok/.cache/fontconfig/0bd3dc0958fa2205aaaa8ebb13e2872b-le64.cache-11
788bed0fd000-788bed102000 r--s 00000000 08:17 789959                     /home/rok/.cache/fontconfig/c57959a16110560c8d0fcea73374aeeb-le64.cache-11
788bed102000-788bed112000 r--s 00000000 08:17 789954                     /home/rok/.cache/fontconfig/6cc790b63b123a6a96ee260fcdad32a9-le64.cache-11
788bed112000-788bed124000 r--s 00000000 08:17 789953                     /home/rok/.cache/fontconfig/9b89f8e3dae116d678bbf48e5f21f69b-le64.cache-11
788bed124000-788bed144000 rw-s 00000000 00:1d 1557                       /dev/shm/.org.chromium.Chromium.q3oicL (deleted)
788bed185000-788bed231000 r--s 00000000 08:17 797823                     /home/rok/NetBeansProjects/OpenPKM/build/testuserdir/jcef-bundle/locales/sl.pak
788bed231000-788bed351000 r--s 00000000 08:17 797601                     /home/rok/NetBeansProjects/OpenPKM/build/testuserdir/jcef-bundle/chrome_200_percent.pak
788bed351000-788bed3fe000 r--s 00000000 08:17 797600                     /home/rok/NetBeansProjects/OpenPKM/build/testuserdir/jcef-bundle/chrome_100_percent.pak
788bed3fe000-788bed3ff000 ---p 00000000 00:00 0 
788bed3ff000-788bed403000 ---p 00000000 00:00 0 
788bed403000-788bedbff000 rw-p 00000000 00:00 0 
788bedbff000-788bedc00000 ---p 00000000 00:00 0 
788bedc00000-788bee400000 rw-p 00000000 00:00 0 
788bee400000-788bee800000 rw-s 00000000 08:17 924301                     /home/rok/NetBeansProjects/OpenPKM/build/testuserdir/cef_cache/BrowserMetrics/BrowserMetrics-6A5582FD-6BAC.pma (deleted)
788bee800000-788bef253000 r--s 00000000 08:17 797603                     /home/rok/NetBeansProjects/OpenPKM/build/testuserdir/jcef-bundle/icudtl.dat
788bef255000-788bef25b000 r--s 00000000 08:17 789957                     /home/rok/.cache/fontconfig/3047814df9a2f067bd2d96a2b9c36e5a-le64.cache-11
788bef25b000-788bef266000 r--s 00000000 08:17 789952                     /home/rok/.cache/fontconfig/d0972c3d32f097851eb916381fc38920-le64.cache-11
788bef266000-788bef2a6000 rw-s 00000000 00:1d 1556                       /dev/shm/.org.chromium.Chromium.2hGDYa (deleted)
788bef2e6000-788bef369000 r-xp 00000000 08:17 1757862                    /usr/lib/jvm/zulu-fx-26-amd64/lib/liblcms.so
788bef369000-788bef36a000 ---p 00083000 08:17 1757862                    /usr/lib/jvm/zulu-fx-26-amd64/lib/liblcms.so
788bef36a000-788bef36c000 r--p 00083000 08:17 1757862                    /usr/lib/jvm/zulu-fx-26-amd64/lib/liblcms.so
788bef36c000-788bef36f000 rw-p 00085000 08:17 1757862                    /usr/lib/jvm/zulu-fx-26-amd64/lib/liblcms.so
788bef36f000-788bef370000 rw-p 00000000 00:00 0 
788bef370000-788bef3a5000 r-xp 00000000 08:17 1757827                    /usr/lib/jvm/zulu-fx-26-amd64/lib/libjavajpeg.so
788bef3a5000-788bef3a6000 ---p 00035000 08:17 1757827                    /usr/lib/jvm/zulu-fx-26-amd64/lib/libjavajpeg.so
788bef3a6000-788bef3a7000 r--p 00035000 08:17 1757827                    /usr/lib/jvm/zulu-fx-26-amd64/lib/libjavajpeg.so
788bef3a7000-788bef3a8000 rw-p 00036000 08:17 1757827                    /usr/lib/jvm/zulu-fx-26-amd64/lib/libjavajpeg.so
788bef4a8000-788bef4ac000 ---p 00000000 00:00 0 
788bef4ac000-788bef5a8000 rw-p 00000000 00:00 0 
788bef5a8000-788bef5ac000 ---p 00000000 00:00 0 
788bef5ac000-788bef6a8000 rw-p 00000000 00:00 0 
788bef6a8000-788bef6ac000 ---p 00000000 00:00 0 
788bef6ac000-788bef7a8000 rw-p 00000000 00:00 0 
788bef8a8000-788bef8ac000 ---p 00000000 00:00 0 
788bef8ac000-788bef9a8000 rw-p 00000000 00:00 0 
788bef9a8000-788bef9ac000 ---p 00000000 00:00 0 
788bef9ac000-788befaa8000 rw-p 00000000 00:00 0 
788befaa8000-788befaa9000 r--p 00000000 08:17 1082936                    /usr/lib/x86_64-linux-gnu/libnss_mdns4_minimal.so.2
788befaa9000-788befaab000 r-xp 00001000 08:17 1082936                    /usr/lib/x86_64-linux-gnu/libnss_mdns4_minimal.so.2
788befaab000-788befaac000 r--p 00003000 08:17 1082936                    /usr/lib/x86_64-linux-gnu/libnss_mdns4_minimal.so.2
788befaac000-788befaad000 r--p 00003000 08:17 1082936                    /usr/lib/x86_64-linux-gnu/libnss_mdns4_minimal.so.2
788befaad000-788befaae000 rw-p 00004000 08:17 1082936                    /usr/lib/x86_64-linux-gnu/libnss_mdns4_minimal.so.2
788befcae000-788befcb2000 ---p 00000000 00:00 0 
788befcb2000-788befdae000 rw-p 00000000 00:00 0 
788befdae000-788befdaf000 r--p 00000000 08:17 1082023                    /usr/lib/x86_64-linux-gnu/libbrotlicommon.so.1.1.0
788befdaf000-788befdb0000 r-xp 00001000 08:17 1082023                    /usr/lib/x86_64-linux-gnu/libbrotlicommon.so.1.1.0
788befdb0000-788befdcf000 r--p 00002000 08:17 1082023                    /usr/lib/x86_64-linux-gnu/libbrotlicommon.so.1.1.0
788befdcf000-788befdd0000 r--p 00021000 08:17 1082023                    /usr/lib/x86_64-linux-gnu/libbrotlicommon.so.1.1.0
788befdd0000-788befdd1000 rw-p 00022000 08:17 1082023                    /usr/lib/x86_64-linux-gnu/libbrotlicommon.so.1.1.0
788befdd1000-788befdd4000 r--p 00000000 08:17 1051381                    /usr/lib/x86_64-linux-gnu/libresolv.so.2
788befdd4000-788befdde000 r-xp 00003000 08:17 1051381                    /usr/lib/x86_64-linux-gnu/libresolv.so.2
788befdde000-788befde0000 r--p 0000d000 08:17 1051381                    /usr/lib/x86_64-linux-gnu/libresolv.so.2
788befde0000-788befde1000 r--p 0000f000 08:17 1051381                    /usr/lib/x86_64-linux-gnu/libresolv.so.2
788befde1000-788befde2000 rw-p 00010000 08:17 1051381                    /usr/lib/x86_64-linux-gnu/libresolv.so.2
788befde2000-788befde4000 rw-p 00000000 00:00 0 
788befde4000-788befde6000 r--p 00000000 08:17 1082740                    /usr/lib/x86_64-linux-gnu/libkeyutils.so.1.10
788befde6000-788befde8000 r-xp 00002000 08:17 1082740                    /usr/lib/x86_64-linux-gnu/libkeyutils.so.1.10
788befde8000-788befde9000 r--p 00004000 08:17 1082740                    /usr/lib/x86_64-linux-gnu/libkeyutils.so.1.10
788befde9000-788befdea000 r--p 00004000 08:17 1082740                    /usr/lib/x86_64-linux-gnu/libkeyutils.so.1.10
788befdea000-788befdeb000 rw-p 00005000 08:17 1082740                    /usr/lib/x86_64-linux-gnu/libkeyutils.so.1.10
788befdeb000-788befdef000 r--p 00000000 08:17 1082504                    /usr/lib/x86_64-linux-gnu/libgpg-error.so.0.34.0
788befdef000-788befe05000 r-xp 00004000 08:17 1082504                    /usr/lib/x86_64-linux-gnu/libgpg-error.so.0.34.0
788befe05000-788befe0e000 r--p 0001a000 08:17 1082504                    /usr/lib/x86_64-linux-gnu/libgpg-error.so.0.34.0
788befe0e000-788befe0f000 r--p 00023000 08:17 1082504                    /usr/lib/x86_64-linux-gnu/libgpg-error.so.0.34.0
788befe0f000-788befe10000 rw-p 00024000 08:17 1082504                    /usr/lib/x86_64-linux-gnu/libgpg-error.so.0.34.0
788befe10000-788befe13000 r--p 00000000 08:17 1082523                    /usr/lib/x86_64-linux-gnu/libgraphite2.so.3.2.1
788befe13000-788befe30000 r-xp 00003000 08:17 1082523                    /usr/lib/x86_64-linux-gnu/libgraphite2.so.3.2.1
788befe30000-788befe33000 r--p 00020000 08:17 1082523                    /usr/lib/x86_64-linux-gnu/libgraphite2.so.3.2.1
788befe33000-788befe35000 r--p 00022000 08:17 1082523                    /usr/lib/x86_64-linux-gnu/libgraphite2.so.3.2.1
788befe35000-788befe36000 rw-p 00024000 08:17 1082523                    /usr/lib/x86_64-linux-gnu/libgraphite2.so.3.2.1
788befe36000-788befe38000 r--p 00000000 08:17 1082162                    /usr/lib/x86_64-linux-gnu/libdatrie.so.1.4.0
788befe38000-788befe3c000 r-xp 00002000 08:17 1082162                    /usr/lib/x86_64-linux-gnu/libdatrie.so.1.4.0
788befe3c000-788befe3d000 r--p 00006000 08:17 1082162                    /usr/lib/x86_64-linux-gnu/libdatrie.so.1.4.0
788befe3d000-788befe3e000 r--p 00006000 08:17 1082162                    /usr/lib/x86_64-linux-gnu/libdatrie.so.1.4.0
788befe3e000-788befe3f000 rw-p 00007000 08:17 1082162                    /usr/lib/x86_64-linux-gnu/libdatrie.so.1.4.0
788befe3f000-788befe40000 r--p 00000000 08:17 1082025                    /usr/lib/x86_64-linux-gnu/libbrotlidec.so.1.1.0
788befe40000-788befe48000 r-xp 00001000 08:17 1082025                    /usr/lib/x86_64-linux-gnu/libbrotlidec.so.1.1.0
788befe48000-788befe4b000 r--p 00009000 08:17 1082025                    /usr/lib/x86_64-linux-gnu/libbrotlidec.so.1.1.0
788befe4b000-788befe4c000 r--p 0000b000 08:17 1082025                    /usr/lib/x86_64-linux-gnu/libbrotlidec.so.1.1.0
788befe4c000-788befe4d000 rw-p 0000c000 08:17 1082025                    /usr/lib/x86_64-linux-gnu/libbrotlidec.so.1.1.0
788befe4d000-788befe4f000 r--p 00000000 08:17 1082038                    /usr/lib/x86_64-linux-gnu/libbz2.so.1.0.4
788befe4f000-788befe5d000 r-xp 00002000 08:17 1082038                    /usr/lib/x86_64-linux-gnu/libbz2.so.1.0.4
788befe5d000-788befe5f000 r--p 00010000 08:17 1082038                    /usr/lib/x86_64-linux-gnu/libbz2.so.1.0.4
788befe5f000-788befe60000 r--p 00011000 08:17 1082038                    /usr/lib/x86_64-linux-gnu/libbz2.so.1.0.4
788befe60000-788befe61000 rw-p 00012000 08:17 1082038                    /usr/lib/x86_64-linux-gnu/libbz2.so.1.0.4
788befe61000-788befe6b000 r--p 00000000 08:17 1082486                    /usr/lib/x86_64-linux-gnu/libgmp.so.10.5.0
788befe6b000-788befece000 r-xp 0000a000 08:17 1082486                    /usr/lib/x86_64-linux-gnu/libgmp.so.10.5.0
788befece000-788befee3000 r--p 0006d000 08:17 1082486                    /usr/lib/x86_64-linux-gnu/libgmp.so.10.5.0
788befee3000-788befee4000 r--p 00081000 08:17 1082486                    /usr/lib/x86_64-linux-gnu/libgmp.so.10.5.0
788befee4000-788befee5000 rw-p 00082000 08:17 1082486                    /usr/lib/x86_64-linux-gnu/libgmp.so.10.5.0
788befee5000-788befeed000 r--p 00000000 08:17 1082622                    /usr/lib/x86_64-linux-gnu/libhogweed.so.6.8
788befeed000-788beff01000 r-xp 00008000 08:17 1082622                    /usr/lib/x86_64-linux-gnu/libhogweed.so.6.8
788beff01000-788beff2a000 r--p 0001c000 08:17 1082622                    /usr/lib/x86_64-linux-gnu/libhogweed.so.6.8
788beff2a000-788beff2c000 r--p 00044000 08:17 1082622                    /usr/lib/x86_64-linux-gnu/libhogweed.so.6.8
788beff2c000-788beff2d000 rw-p 00046000 08:17 1082622                    /usr/lib/x86_64-linux-gnu/libhogweed.so.6.8
788beff2d000-788beff39000 r--p 00000000 08:17 1082894                    /usr/lib/x86_64-linux-gnu/libnettle.so.8.8
788beff39000-788beff68000 r-xp 0000c000 08:17 1082894                    /usr/lib/x86_64-linux-gnu/libnettle.so.8.8
788beff68000-788beff7f000 r--p 0003b000 08:17 1082894                    /usr/lib/x86_64-linux-gnu/libnettle.so.8.8
788beff7f000-788beff81000 r--p 00051000 08:17 1082894                    /usr/lib/x86_64-linux-gnu/libnettle.so.8.8
788beff81000-788beff82000 rw-p 00053000 08:17 1082894                    /usr/lib/x86_64-linux-gnu/libnettle.so.8.8
788beff82000-788beff85000 r--p 00000000 08:17 1065161                    /usr/lib/x86_64-linux-gnu/libtasn1.so.6.6.3
788beff85000-788beff93000 r-xp 00003000 08:17 1065161                    /usr/lib/x86_64-linux-gnu/libtasn1.so.6.6.3
788beff93000-788beff96000 r--p 00011000 08:17 1065161                    /usr/lib/x86_64-linux-gnu/libtasn1.so.6.6.3
788beff96000-788beff97000 r--p 00014000 08:17 1065161                    /usr/lib/x86_64-linux-gnu/libtasn1.so.6.6.3
788beff97000-788beff98000 rw-p 00015000 08:17 1065161                    /usr/lib/x86_64-linux-gnu/libtasn1.so.6.6.3
788beff98000-788beffa9000 r--p 00000000 08:17 1083386                    /usr/lib/x86_64-linux-gnu/libunistring.so.5.0.0
788beffa9000-788beffe0000 r-xp 00011000 08:17 1083386                    /usr/lib/x86_64-linux-gnu/libunistring.so.5.0.0
788beffe0000-788bf0140000 r--p 00048000 08:17 1083386                    /usr/lib/x86_64-linux-gnu/libunistring.so.5.0.0
788bf0140000-788bf0144000 r--p 001a8000 08:17 1083386                    /usr/lib/x86_64-linux-gnu/libunistring.so.5.0.0
788bf0144000-788bf0145000 rw-p 001ac000 08:17 1083386                    /usr/lib/x86_64-linux-gnu/libunistring.so.5.0.0
788bf0145000-788bf0147000 r--p 00000000 08:17 1082674                    /usr/lib/x86_64-linux-gnu/libidn2.so.0.4.0
788bf0147000-788bf014b000 r-xp 00002000 08:17 1082674                    /usr/lib/x86_64-linux-gnu/libidn2.so.0.4.0
788bf014b000-788bf0165000 r--p 00006000 08:17 1082674                    /usr/lib/x86_64-linux-gnu/libidn2.so.0.4.0
788bf0165000-788bf0166000 r--p 0001f000 08:17 1082674                    /usr/lib/x86_64-linux-gnu/libidn2.so.0.4.0
788bf0166000-788bf0167000 rw-p 00020000 08:17 1082674                    /usr/lib/x86_64-linux-gnu/libidn2.so.0.4.0
788bf0167000-788bf019f000 r--p 00000000 08:17 1082980                    /usr/lib/x86_64-linux-gnu/libp11-kit.so.0.3.1
788bf019f000-788bf0271000 r-xp 00038000 08:17 1082980                    /usr/lib/x86_64-linux-gnu/libp11-kit.so.0.3.1
788bf0271000-788bf02f0000 r--p 0010a000 08:17 1082980                    /usr/lib/x86_64-linux-gnu/libp11-kit.so.0.3.1
788bf02f0000-788bf02fd000 r--p 00188000 08:17 1082980                    /usr/lib/x86_64-linux-gnu/libp11-kit.so.0.3.1
788bf02fd000-788bf030a000 rw-p 00195000 08:17 1082980                    /usr/lib/x86_64-linux-gnu/libp11-kit.so.0.3.1
788bf030a000-788bf030b000 rw-p 00000000 00:00 0 
788bf030b000-788bf030e000 r--p 00000000 08:17 1082748                    /usr/lib/x86_64-linux-gnu/libkrb5support.so.0.1
788bf030e000-788bf0314000 r-xp 00003000 08:17 1082748                    /usr/lib/x86_64-linux-gnu/libkrb5support.so.0.1
788bf0314000-788bf0316000 r--p 00009000 08:17 1082748                    /usr/lib/x86_64-linux-gnu/libkrb5support.so.0.1
788bf0316000-788bf0317000 r--p 0000a000 08:17 1082748                    /usr/lib/x86_64-linux-gnu/libkrb5support.so.0.1
788bf0317000-788bf0318000 rw-p 0000b000 08:17 1082748                    /usr/lib/x86_64-linux-gnu/libkrb5support.so.0.1
788bf0318000-788bf031a000 r--p 00000000 08:17 1082125                    /usr/lib/x86_64-linux-gnu/libcom_err.so.2.1
788bf031a000-788bf031b000 r-xp 00002000 08:17 1082125                    /usr/lib/x86_64-linux-gnu/libcom_err.so.2.1
788bf031b000-788bf031c000 r--p 00003000 08:17 1082125                    /usr/lib/x86_64-linux-gnu/libcom_err.so.2.1
788bf031c000-788bf031d000 r--p 00003000 08:17 1082125                    /usr/lib/x86_64-linux-gnu/libcom_err.so.2.1
788bf031d000-788bf031e000 rw-p 00004000 08:17 1082125                    /usr/lib/x86_64-linux-gnu/libcom_err.so.2.1
788bf031e000-788bf0322000 r--p 00000000 08:17 1082736                    /usr/lib/x86_64-linux-gnu/libk5crypto.so.3.1
788bf0322000-788bf033d000 r-xp 00004000 08:17 1082736                    /usr/lib/x86_64-linux-gnu/libk5crypto.so.3.1
788bf033d000-788bf0348000 r--p 0001f000 08:17 1082736                    /usr/lib/x86_64-linux-gnu/libk5crypto.so.3.1
788bf0348000-788bf0349000 r--p 0002a000 08:17 1082736                    /usr/lib/x86_64-linux-gnu/libk5crypto.so.3.1
788bf0349000-788bf034a000 rw-p 0002b000 08:17 1082736                    /usr/lib/x86_64-linux-gnu/libk5crypto.so.3.1
788bf034a000-788bf036a000 r--p 00000000 08:17 1082746                    /usr/lib/x86_64-linux-gnu/libkrb5.so.3.3
788bf036a000-788bf03cb000 r-xp 00020000 08:17 1082746                    /usr/lib/x86_64-linux-gnu/libkrb5.so.3.3
788bf03cb000-788bf0404000 r--p 00081000 08:17 1082746                    /usr/lib/x86_64-linux-gnu/libkrb5.so.3.3
788bf0404000-788bf0411000 r--p 000ba000 08:17 1082746                    /usr/lib/x86_64-linux-gnu/libkrb5.so.3.3
788bf0411000-788bf0413000 rw-p 000c7000 08:17 1082746                    /usr/lib/x86_64-linux-gnu/libkrb5.so.3.3
788bf0413000-788bf041a000 r--p 00000000 08:17 1049161                    /usr/lib/x86_64-linux-gnu/libblkid.so.1.1.0
788bf041a000-788bf043e000 r-xp 00007000 08:17 1049161                    /usr/lib/x86_64-linux-gnu/libblkid.so.1.1.0
788bf043e000-788bf0447000 r--p 0002b000 08:17 1049161                    /usr/lib/x86_64-linux-gnu/libblkid.so.1.1.0
788bf0447000-788bf044d000 r--p 00033000 08:17 1049161                    /usr/lib/x86_64-linux-gnu/libblkid.so.1.1.0
788bf044d000-788bf044e000 rw-p 00039000 08:17 1049161                    /usr/lib/x86_64-linux-gnu/libblkid.so.1.1.0
788bf044e000-788bf0452000 r--p 00000000 08:17 1083635                    /usr/lib/x86_64-linux-gnu/libzstd.so.1.5.5
788bf0452000-788bf04f9000 r-xp 00004000 08:17 1083635                    /usr/lib/x86_64-linux-gnu/libzstd.so.1.5.5
788bf04f9000-788bf0506000 r--p 000ab000 08:17 1083635                    /usr/lib/x86_64-linux-gnu/libzstd.so.1.5.5
788bf0506000-788bf0507000 r--p 000b7000 08:17 1083635                    /usr/lib/x86_64-linux-gnu/libzstd.so.1.5.5
788bf0507000-788bf0508000 rw-p 000b8000 08:17 1083635                    /usr/lib/x86_64-linux-gnu/libzstd.so.1.5.5
788bf0508000-788bf050b000 r--p 00000000 08:17 1082795                    /usr/lib/x86_64-linux-gnu/liblzma.so.5.4.5
788bf050b000-788bf052d000 r-xp 00003000 08:17 1082795                    /usr/lib/x86_64-linux-gnu/liblzma.so.5.4.5
788bf052d000-788bf0538000 r--p 00025000 08:17 1082795                    /usr/lib/x86_64-linux-gnu/liblzma.so.5.4.5
788bf0538000-788bf0539000 r--p 00030000 08:17 1082795                    /usr/lib/x86_64-linux-gnu/liblzma.so.5.4.5
788bf0539000-788bf053a000 rw-p 00031000 08:17 1082795                    /usr/lib/x86_64-linux-gnu/liblzma.so.5.4.5
788bf053a000-788bf053d000 r--p 00000000 08:17 1082793                    /usr/lib/x86_64-linux-gnu/liblz4.so.1.9.4
788bf053d000-788bf0558000 r-xp 00003000 08:17 1082793                    /usr/lib/x86_64-linux-gnu/liblz4.so.1.9.4
788bf0558000-788bf055a000 r--p 0001e000 08:17 1082793                    /usr/lib/x86_64-linux-gnu/liblz4.so.1.9.4
788bf055a000-788bf055b000 r--p 00020000 08:17 1082793                    /usr/lib/x86_64-linux-gnu/liblz4.so.1.9.4
788bf055b000-788bf055c000 rw-p 00021000 08:17 1082793                    /usr/lib/x86_64-linux-gnu/liblz4.so.1.9.4
788bf055c000-788bf056b000 r--p 00000000 08:17 1065158                    /usr/lib/x86_64-linux-gnu/libgcrypt.so.20.4.3
788bf056b000-788bf065f000 r-xp 0000f000 08:17 1065158                    /usr/lib/x86_64-linux-gnu/libgcrypt.so.20.4.3
788bf065f000-788bf069a000 r--p 00103000 08:17 1065158                    /usr/lib/x86_64-linux-gnu/libgcrypt.so.20.4.3
788bf069a000-788bf069f000 r--p 0013e000 08:17 1065158                    /usr/lib/x86_64-linux-gnu/libgcrypt.so.20.4.3
788bf069f000-788bf06a3000 rw-p 00143000 08:17 1065158                    /usr/lib/x86_64-linux-gnu/libgcrypt.so.20.4.3
788bf06a3000-788bf06a4000 rw-p 00000000 00:00 0 
788bf06a4000-788bf06a7000 r--p 00000000 08:17 1049856                    /usr/lib/x86_64-linux-gnu/libcap.so.2.66
788bf06a7000-788bf06ad000 r-xp 00003000 08:17 1049856                    /usr/lib/x86_64-linux-gnu/libcap.so.2.66
788bf06ad000-788bf06af000 r--p 00009000 08:17 1049856                    /usr/lib/x86_64-linux-gnu/libcap.so.2.66
788bf06af000-788bf06b0000 r--p 0000b000 08:17 1049856                    /usr/lib/x86_64-linux-gnu/libcap.so.2.66
788bf06b0000-788bf06b1000 rw-p 0000c000 08:17 1049856                    /usr/lib/x86_64-linux-gnu/libcap.so.2.66
788bf06b1000-788bf06bc000 r--p 00000000 08:17 1082616                    /usr/lib/x86_64-linux-gnu/libharfbuzz.so.0.60830.0
788bf06bc000-788bf078a000 r-xp 0000b000 08:17 1082616                    /usr/lib/x86_64-linux-gnu/libharfbuzz.so.0.60830.0
788bf078a000-788bf07bc000 r--p 000d9000 08:17 1082616                    /usr/lib/x86_64-linux-gnu/libharfbuzz.so.0.60830.0
788bf07bc000-788bf07bd000 r--p 0010b000 08:17 1082616                    /usr/lib/x86_64-linux-gnu/libharfbuzz.so.0.60830.0
788bf07bd000-788bf07be000 rw-p 0010c000 08:17 1082616                    /usr/lib/x86_64-linux-gnu/libharfbuzz.so.0.60830.0
788bf07be000-788bf07c0000 r--p 00000000 08:17 1083320                    /usr/lib/x86_64-linux-gnu/libthai.so.0.3.1
788bf07c0000-788bf07c4000 r-xp 00002000 08:17 1083320                    /usr/lib/x86_64-linux-gnu/libthai.so.0.3.1
788bf07c4000-788bf07c7000 r--p 00006000 08:17 1083320                    /usr/lib/x86_64-linux-gnu/libthai.so.0.3.1
788bf07c7000-788bf07c8000 r--p 00008000 08:17 1083320                    /usr/lib/x86_64-linux-gnu/libthai.so.0.3.1
788bf07c8000-788bf07c9000 rw-p 00009000 08:17 1083320                    /usr/lib/x86_64-linux-gnu/libthai.so.0.3.1
788bf07c9000-788bf07cb000 r--p 00000000 08:17 1082392                    /usr/lib/x86_64-linux-gnu/libfribidi.so.0.4.0
788bf07cb000-788bf07cf000 r-xp 00002000 08:17 1082392                    /usr/lib/x86_64-linux-gnu/libfribidi.so.0.4.0
788bf07cf000-788bf07e5000 r--p 00006000 08:17 1082392                    /usr/lib/x86_64-linux-gnu/libfribidi.so.0.4.0
788bf07e5000-788bf07e6000 r--p 0001c000 08:17 1082392                    /usr/lib/x86_64-linux-gnu/libfribidi.so.0.4.0
788bf07e6000-788bf07e7000 rw-p 0001d000 08:17 1082392                    /usr/lib/x86_64-linux-gnu/libfribidi.so.0.4.0
788bf07e7000-788bf07f1000 r--p 00000000 08:17 1083043                    /usr/lib/x86_64-linux-gnu/libpixman-1.so.0.42.2
788bf07f1000-788bf087e000 r-xp 0000a000 08:17 1083043                    /usr/lib/x86_64-linux-gnu/libpixman-1.so.0.42.2
788bf087e000-788bf088d000 r--p 00097000 08:17 1083043                    /usr/lib/x86_64-linux-gnu/libpixman-1.so.0.42.2
788bf088d000-788bf0895000 r--p 000a5000 08:17 1083043                    /usr/lib/x86_64-linux-gnu/libpixman-1.so.0.42.2
788bf0895000-788bf0896000 rw-p 000ad000 08:17 1083043                    /usr/lib/x86_64-linux-gnu/libpixman-1.so.0.42.2
788bf0896000-788bf089b000 r--p 00000000 08:17 1083555                    /usr/lib/x86_64-linux-gnu/libxcb-render.so.0.0.0
788bf089b000-788bf08a0000 r-xp 00005000 08:17 1083555                    /usr/lib/x86_64-linux-gnu/libxcb-render.so.0.0.0
788bf08a0000-788bf08a3000 r--p 0000a000 08:17 1083555                    /usr/lib/x86_64-linux-gnu/libxcb-render.so.0.0.0
788bf08a3000-788bf08a4000 r--p 0000c000 08:17 1083555                    /usr/lib/x86_64-linux-gnu/libxcb-render.so.0.0.0
788bf08a4000-788bf08a5000 rw-p 0000d000 08:17 1083555                    /usr/lib/x86_64-linux-gnu/libxcb-render.so.0.0.0
788bf08a5000-788bf08b2000 r--p 00000000 08:17 1050305                    /usr/lib/x86_64-linux-gnu/libfreetype.so.6.20.1
788bf08b2000-788bf0943000 r-xp 0000d000 08:17 1050305                    /usr/lib/x86_64-linux-gnu/libfreetype.so.6.20.1
788bf0943000-788bf0969000 r--p 0009e000 08:17 1050305                    /usr/lib/x86_64-linux-gnu/libfreetype.so.6.20.1
788bf0969000-788bf0970000 r--p 000c4000 08:17 1050305                    /usr/lib/x86_64-linux-gnu/libfreetype.so.6.20.1
788bf0970000-788bf0971000 rw-p 000cb000 08:17 1050305                    /usr/lib/x86_64-linux-gnu/libfreetype.so.6.20.1
788bf0971000-788bf0979000 r--p 00000000 08:17 1082371                    /usr/lib/x86_64-linux-gnu/libfontconfig.so.1.12.1
788bf0979000-788bf09a8000 r-xp 00008000 08:17 1082371                    /usr/lib/x86_64-linux-gnu/libfontconfig.so.1.12.1
788bf09a8000-788bf09bf000 r--p 00037000 08:17 1082371                    /usr/lib/x86_64-linux-gnu/libfontconfig.so.1.12.1
788bf09bf000-788bf09c1000 r--p 0004d000 08:17 1082371                    /usr/lib/x86_64-linux-gnu/libfontconfig.so.1.12.1
788bf09c1000-788bf09c2000 rw-p 0004f000 08:17 1082371                    /usr/lib/x86_64-linux-gnu/libfontconfig.so.1.12.1
788bf09c2000-788bf09c7000 r--p 00000000 08:17 1049404                    /usr/lib/x86_64-linux-gnu/libpng16.so.16.43.0
788bf09c7000-788bf09ef000 r-xp 00005000 08:17 1049404                    /usr/lib/x86_64-linux-gnu/libpng16.so.16.43.0
788bf09ef000-788bf09f8000 r--p 0002d000 08:17 1049404                    /usr/lib/x86_64-linux-gnu/libpng16.so.16.43.0
788bf09f8000-788bf09f9000 r--p 00035000 08:17 1049404                    /usr/lib/x86_64-linux-gnu/libpng16.so.16.43.0
788bf09f9000-788bf09fa000 rw-p 00036000 08:17 1049404                    /usr/lib/x86_64-linux-gnu/libpng16.so.16.43.0
788bf09fa000-788bf09ff000 r--p 00000000 08:17 1049021                    /usr/lib/x86_64-linux-gnu/libdrm.so.2.125.0
788bf09ff000-788bf0a0b000 r-xp 00005000 08:17 1049021                    /usr/lib/x86_64-linux-gnu/libdrm.so.2.125.0
788bf0a0b000-788bf0a0f000 r--p 00011000 08:17 1049021                    /usr/lib/x86_64-linux-gnu/libdrm.so.2.125.0
788bf0a0f000-788bf0a10000 r--p 00015000 08:17 1049021                    /usr/lib/x86_64-linux-gnu/libdrm.so.2.125.0
788bf0a10000-788bf0a11000 rw-p 00016000 08:17 1049021                    /usr/lib/x86_64-linux-gnu/libdrm.so.2.125.0
788bf0a11000-788bf0a44000 r--p 00000000 08:17 1065163                    /usr/lib/x86_64-linux-gnu/libgnutls.so.30.37.1
788bf0a44000-788bf0b7e000 r-xp 00033000 08:17 1065163                    /usr/lib/x86_64-linux-gnu/libgnutls.so.30.37.1
788bf0b7e000-788bf0bf7000 r--p 0016d000 08:17 1065163                    /usr/lib/x86_64-linux-gnu/libgnutls.so.30.37.1
788bf0bf7000-788bf0c07000 r--p 001e6000 08:17 1065163                    /usr/lib/x86_64-linux-gnu/libgnutls.so.30.37.1
788bf0c07000-788bf0c09000 rw-p 001f6000 08:17 1065163                    /usr/lib/x86_64-linux-gnu/libgnutls.so.30.37.1
788bf0c09000-788bf0c0c000 rw-p 00000000 00:00 0 
788bf0c0c000-788bf0c10000 r--p 00000000 08:17 1048669                    /usr/lib/x86_64-linux-gnu/libavahi-client.so.3.2.9
788bf0c10000-788bf0c19000 r-xp 00004000 08:17 1048669                    /usr/lib/x86_64-linux-gnu/libavahi-client.so.3.2.9
788bf0c19000-788bf0c1d000 r--p 0000d000 08:17 1048669                    /usr/lib/x86_64-linux-gnu/libavahi-client.so.3.2.9
788bf0c1d000-788bf0c1e000 r--p 00010000 08:17 1048669                    /usr/lib/x86_64-linux-gnu/libavahi-client.so.3.2.9
788bf0c1e000-788bf0c1f000 rw-p 00011000 08:17 1048669                    /usr/lib/x86_64-linux-gnu/libavahi-client.so.3.2.9
788bf0c1f000-788bf0c2b000 r--p 00000000 08:17 1082539                    /usr/lib/x86_64-linux-gnu/libgssapi_krb5.so.2.2
788bf0c2b000-788bf0c65000 r-xp 0000c000 08:17 1082539                    /usr/lib/x86_64-linux-gnu/libgssapi_krb5.so.2.2
788bf0c65000-788bf0c6f000 r--p 00046000 08:17 1082539                    /usr/lib/x86_64-linux-gnu/libgssapi_krb5.so.2.2
788bf0c6f000-788bf0c71000 r--p 0004f000 08:17 1082539                    /usr/lib/x86_64-linux-gnu/libgssapi_krb5.so.2.2
788bf0c71000-788bf0c73000 rw-p 00051000 08:17 1082539                    /usr/lib/x86_64-linux-gnu/libgssapi_krb5.so.2.2
788bf0c73000-788bf0c79000 r--p 00000000 08:17 1083196                    /usr/lib/x86_64-linux-gnu/libselinux.so.1
788bf0c79000-788bf0c96000 r-xp 00006000 08:17 1083196                    /usr/lib/x86_64-linux-gnu/libselinux.so.1
788bf0c96000-788bf0c9c000 r--p 00023000 08:17 1083196                    /usr/lib/x86_64-linux-gnu/libselinux.so.1
788bf0c9c000-788bf0c9d000 r--p 00029000 08:17 1083196                    /usr/lib/x86_64-linux-gnu/libselinux.so.1
788bf0c9d000-788bf0c9e000 rw-p 0002a000 08:17 1083196                    /usr/lib/x86_64-linux-gnu/libselinux.so.1
788bf0c9e000-788bf0ca0000 rw-p 00000000 00:00 0 
788bf0ca0000-788bf0ca9000 r--p 00000000 08:17 1065207                    /usr/lib/x86_64-linux-gnu/libmount.so.1.1.0
788bf0ca9000-788bf0cdd000 r-xp 00009000 08:17 1065207                    /usr/lib/x86_64-linux-gnu/libmount.so.1.1.0
788bf0cdd000-788bf0cea000 r--p 0003d000 08:17 1065207                    /usr/lib/x86_64-linux-gnu/libmount.so.1.1.0
788bf0cea000-788bf0cec000 r--p 00049000 08:17 1065207                    /usr/lib/x86_64-linux-gnu/libmount.so.1.1.0
788bf0cec000-788bf0ced000 rw-p 0004b000 08:17 1065207                    /usr/lib/x86_64-linux-gnu/libmount.so.1.1.0
788bf0ced000-788bf0d03000 r--p 00000000 08:17 1061796                    /usr/lib/x86_64-linux-gnu/libsystemd.so.0.38.0
788bf0d03000-788bf0d92000 r-xp 00016000 08:17 1061796                    /usr/lib/x86_64-linux-gnu/libsystemd.so.0.38.0
788bf0d92000-788bf0dc0000 r--p 000a5000 08:17 1061796                    /usr/lib/x86_64-linux-gnu/libsystemd.so.0.38.0
788bf0dc0000-788bf0dcb000 r--p 000d2000 08:17 1061796                    /usr/lib/x86_64-linux-gnu/libsystemd.so.0.38.0
788bf0dcb000-788bf0dcc000 rw-p 000dd000 08:17 1061796                    /usr/lib/x86_64-linux-gnu/libsystemd.so.0.38.0
788bf0dcc000-788bf0dcd000 rw-p 00000000 00:00 0 
788bf0dcd000-788bf0dcf000 r--p 00000000 08:17 1083025                    /usr/lib/x86_64-linux-gnu/libpcre2-8.so.0.11.2
788bf0dcf000-788bf0e3d000 r-xp 00002000 08:17 1083025                    /usr/lib/x86_64-linux-gnu/libpcre2-8.so.0.11.2
788bf0e3d000-788bf0e65000 r--p 00070000 08:17 1083025                    /usr/lib/x86_64-linux-gnu/libpcre2-8.so.0.11.2
788bf0e65000-788bf0e66000 r--p 00097000 08:17 1083025                    /usr/lib/x86_64-linux-gnu/libpcre2-8.so.0.11.2
788bf0e66000-788bf0e67000 rw-p 00098000 08:17 1083025                    /usr/lib/x86_64-linux-gnu/libpcre2-8.so.0.11.2
788bf0e67000-788bf0e6b000 r--p 00000000 08:17 1050955                    /usr/lib/x86_64-linux-gnu/libgcc_s.so.1
788bf0e6b000-788bf0e8f000 r-xp 00004000 08:17 1050955                    /usr/lib/x86_64-linux-gnu/libgcc_s.so.1
788bf0e8f000-788bf0e93000 r--p 00028000 08:17 1050955                    /usr/lib/x86_64-linux-gnu/libgcc_s.so.1
788bf0e93000-788bf0e94000 r--p 0002b000 08:17 1050955                    /usr/lib/x86_64-linux-gnu/libgcc_s.so.1
788bf0e94000-788bf0e95000 rw-p 0002c000 08:17 1050955                    /usr/lib/x86_64-linux-gnu/libgcc_s.so.1
788bf0e95000-788bf0ea5000 r--p 00000000 08:17 1081939                    /usr/lib/x86_64-linux-gnu/libatspi.so.0.0.1
788bf0ea5000-788bf0ebe000 r-xp 00010000 08:17 1081939                    /usr/lib/x86_64-linux-gnu/libatspi.so.0.0.1
788bf0ebe000-788bf0ecb000 r--p 00029000 08:17 1081939                    /usr/lib/x86_64-linux-gnu/libatspi.so.0.0.1
788bf0ecb000-788bf0ece000 r--p 00036000 08:17 1081939                    /usr/lib/x86_64-linux-gnu/libatspi.so.0.0.1
788bf0ece000-788bf0ecf000 rw-p 00039000 08:17 1081939                    /usr/lib/x86_64-linux-gnu/libatspi.so.0.0.1
788bf0ecf000-788bf0efa000 r--p 00000000 08:17 1049979                    /usr/lib/x86_64-linux-gnu/libasound.so.2.0.0
788bf0efa000-788bf0f99000 r-xp 0002b000 08:17 1049979                    /usr/lib/x86_64-linux-gnu/libasound.so.2.0.0
788bf0f99000-788bf0fd1000 r--p 000ca000 08:17 1049979                    /usr/lib/x86_64-linux-gnu/libasound.so.2.0.0
788bf0fd1000-788bf0fd8000 r--p 00101000 08:17 1049979                    /usr/lib/x86_64-linux-gnu/libasound.so.2.0.0
788bf0fd8000-788bf0fd9000 rw-p 00108000 08:17 1049979                    /usr/lib/x86_64-linux-gnu/libasound.so.2.0.0
788bf0fd9000-788bf0fde000 r--p 00000000 08:17 1050066                    /usr/lib/x86_64-linux-gnu/libudev.so.1.7.8
788bf0fde000-788bf1000000 r-xp 00005000 08:17 1050066                    /usr/lib/x86_64-linux-gnu/libudev.so.1.7.8
788bf1000000-788bf100a000 r--p 00027000 08:17 1050066                    /usr/lib/x86_64-linux-gnu/libudev.so.1.7.8
788bf100a000-788bf100b000 r--p 00031000 08:17 1050066                    /usr/lib/x86_64-linux-gnu/libudev.so.1.7.8
788bf100b000-788bf100c000 rw-p 00032000 08:17 1050066                    /usr/lib/x86_64-linux-gnu/libudev.so.1.7.8
788bf100c000-788bf101f000 r--p 00000000 08:17 1082996                    /usr/lib/x86_64-linux-gnu/libpango-1.0.so.0.5200.1
788bf101f000-788bf1058000 r-xp 00013000 08:17 1082996                    /usr/lib/x86_64-linux-gnu/libpango-1.0.so.0.5200.1
788bf1058000-788bf1072000 r--p 0004c000 08:17 1082996                    /usr/lib/x86_64-linux-gnu/libpango-1.0.so.0.5200.1
788bf1072000-788bf1076000 r--p 00065000 08:17 1082996                    /usr/lib/x86_64-linux-gnu/libpango-1.0.so.0.5200.1
788bf1076000-788bf1077000 rw-p 00069000 08:17 1082996                    /usr/lib/x86_64-linux-gnu/libpango-1.0.so.0.5200.1
788bf1077000-788bf108b000 r--p 00000000 08:17 1082054                    /usr/lib/x86_64-linux-gnu/libcairo.so.2.11800.0
788bf108b000-788bf117c000 r-xp 00014000 08:17 1082054                    /usr/lib/x86_64-linux-gnu/libcairo.so.2.11800.0
788bf117c000-788bf11b4000 r--p 00105000 08:17 1082054                    /usr/lib/x86_64-linux-gnu/libcairo.so.2.11800.0
788bf11b4000-788bf11b8000 r--p 0013d000 08:17 1082054                    /usr/lib/x86_64-linux-gnu/libcairo.so.2.11800.0
788bf11b8000-788bf11ba000 rw-p 00141000 08:17 1082054                    /usr/lib/x86_64-linux-gnu/libcairo.so.2.11800.0
788bf11ba000-788bf11bb000 rw-p 00000000 00:00 0 
788bf11bb000-788bf11c0000 r--p 00000000 08:17 1083591                    /usr/lib/x86_64-linux-gnu/libxkbcommon.so.0.0.0
788bf11c0000-788bf11e0000 r-xp 00005000 08:17 1083591                    /usr/lib/x86_64-linux-gnu/libxkbcommon.so.0.0.0
788bf11e0000-788bf1201000 r--p 00025000 08:17 1083591                    /usr/lib/x86_64-linux-gnu/libxkbcommon.so.0.0.0
788bf1201000-788bf1203000 r--p 00045000 08:17 1083591                    /usr/lib/x86_64-linux-gnu/libxkbcommon.so.0.0.0
788bf1203000-788bf1204000 rw-p 00047000 08:17 1083591                    /usr/lib/x86_64-linux-gnu/libxkbcommon.so.0.0.0
788bf1204000-788bf1208000 r--p 00000000 08:17 1049390                    /usr/lib/x86_64-linux-gnu/libexpat.so.1.9.1
788bf1208000-788bf1225000 r-xp 00004000 08:17 1049390                    /usr/lib/x86_64-linux-gnu/libexpat.so.1.9.1
788bf1225000-788bf122d000 r--p 00021000 08:17 1049390                    /usr/lib/x86_64-linux-gnu/libexpat.so.1.9.1
788bf122d000-788bf122f000 r--p 00028000 08:17 1049390                    /usr/lib/x86_64-linux-gnu/libexpat.so.1.9.1
788bf122f000-788bf1230000 rw-p 0002a000 08:17 1049390                    /usr/lib/x86_64-linux-gnu/libexpat.so.1.9.1
788bf1230000-788bf1269000 r--p 00000000 08:17 1074476                    /usr/lib/x86_64-linux-gnu/libgio-2.0.so.0.8000.0
788bf1269000-788bf1380000 r-xp 00039000 08:17 1074476                    /usr/lib/x86_64-linux-gnu/libgio-2.0.so.0.8000.0
788bf1380000-788bf13f5000 r--p 00150000 08:17 1074476                    /usr/lib/x86_64-linux-gnu/libgio-2.0.so.0.8000.0
788bf13f5000-788bf13fd000 r--p 001c4000 08:17 1074476                    /usr/lib/x86_64-linux-gnu/libgio-2.0.so.0.8000.0
788bf13fd000-788bf13fe000 rw-p 001cc000 08:17 1074476                    /usr/lib/x86_64-linux-gnu/libgio-2.0.so.0.8000.0
788bf13fe000-788bf1400000 rw-p 00000000 00:00 0 
788bf1400000-788bf149d000 r--p 00000000 08:17 1050960                    /usr/lib/x86_64-linux-gnu/libstdc++.so.6.0.33
788bf149d000-788bf15e5000 r-xp 0009d000 08:17 1050960                    /usr/lib/x86_64-linux-gnu/libstdc++.so.6.0.33
788bf15e5000-788bf166c000 r--p 001e5000 08:17 1050960                    /usr/lib/x86_64-linux-gnu/libstdc++.so.6.0.33
788bf166c000-788bf1677000 r--p 0026b000 08:17 1050960                    /usr/lib/x86_64-linux-gnu/libstdc++.so.6.0.33
788bf1677000-788bf167a000 rw-p 00276000 08:17 1050960                    /usr/lib/x86_64-linux-gnu/libstdc++.so.6.0.33
788bf167a000-788bf167e000 rw-p 00000000 00:00 0 
788bf167e000-788bf1682000 rw-p 00000000 00:00 0 
788bf1682000-788bf169f000 r--p 00000000 08:17 1082148                    /usr/lib/x86_64-linux-gnu/libcups.so.2
788bf169f000-788bf16fd000 r-xp 0001d000 08:17 1082148                    /usr/lib/x86_64-linux-gnu/libcups.so.2
788bf16fd000-788bf1718000 r--p 0007b000 08:17 1082148                    /usr/lib/x86_64-linux-gnu/libcups.so.2
788bf1718000-788bf1721000 r--p 00096000 08:17 1082148                    /usr/lib/x86_64-linux-gnu/libcups.so.2
788bf1721000-788bf1722000 rw-p 0009f000 08:17 1082148                    /usr/lib/x86_64-linux-gnu/libcups.so.2
788bf1722000-788bf172e000 r--p 00000000 08:17 1081929                    /usr/lib/x86_64-linux-gnu/libatk-bridge-2.0.so.0.0.0
788bf172e000-788bf1748000 r-xp 0000c000 08:17 1081929                    /usr/lib/x86_64-linux-gnu/libatk-bridge-2.0.so.0.0.0
788bf1748000-788bf175b000 r--p 00026000 08:17 1081929                    /usr/lib/x86_64-linux-gnu/libatk-bridge-2.0.so.0.0.0
788bf175b000-788bf175c000 r--p 00039000 08:17 1081929                    /usr/lib/x86_64-linux-gnu/libatk-bridge-2.0.so.0.0.0
788bf175c000-788bf175e000 rw-p 0003a000 08:17 1081929                    /usr/lib/x86_64-linux-gnu/libatk-bridge-2.0.so.0.0.0
788bf175e000-788bf1769000 r--p 00000000 08:17 1081927                    /usr/lib/x86_64-linux-gnu/libatk-1.0.so.0.25209.1
788bf1769000-788bf1779000 r-xp 0000b000 08:17 1081927                    /usr/lib/x86_64-linux-gnu/libatk-1.0.so.0.25209.1
788bf1779000-788bf1784000 r--p 0001b000 08:17 1081927                    /usr/lib/x86_64-linux-gnu/libatk-1.0.so.0.25209.1
788bf1784000-788bf1787000 r--p 00026000 08:17 1081927                    /usr/lib/x86_64-linux-gnu/libatk-1.0.so.0.25209.1
788bf1787000-788bf1788000 rw-p 00029000 08:17 1081927                    /usr/lib/x86_64-linux-gnu/libatk-1.0.so.0.25209.1
788bf1788000-788bf1794000 r--p 00000000 08:17 1082167                    /usr/lib/x86_64-linux-gnu/libdbus-1.so.3.32.4
788bf1794000-788bf17c4000 r-xp 0000c000 08:17 1082167                    /usr/lib/x86_64-linux-gnu/libdbus-1.so.3.32.4
788bf17c4000-788bf17d5000 r--p 0003c000 08:17 1082167                    /usr/lib/x86_64-linux-gnu/libdbus-1.so.3.32.4
788bf17d5000-788bf17d6000 r--p 0004c000 08:17 1082167                    /usr/lib/x86_64-linux-gnu/libdbus-1.so.3.32.4
788bf17d6000-788bf17d7000 rw-p 0004d000 08:17 1082167                    /usr/lib/x86_64-linux-gnu/libdbus-1.so.3.32.4
788bf17d7000-788bf17df000 r--p 00000000 08:17 1048899                    /usr/lib/x86_64-linux-gnu/libsmime3.so
788bf17df000-788bf17f7000 r-xp 00008000 08:17 1048899                    /usr/lib/x86_64-linux-gnu/libsmime3.so
788bf17f7000-788bf17fc000 r--p 00020000 08:17 1048899                    /usr/lib/x86_64-linux-gnu/libsmime3.so
788bf17fc000-788bf17ff000 r--p 00024000 08:17 1048899                    /usr/lib/x86_64-linux-gnu/libsmime3.so
788bf17ff000-788bf1800000 rw-p 00027000 08:17 1048899                    /usr/lib/x86_64-linux-gnu/libsmime3.so
788bf1800000-788bf403b000 r--p 00000000 08:17 797610                     /home/rok/NetBeansProjects/OpenPKM/build/testuserdir/jcef-bundle/libcef.so
788bf403b000-788bff277000 r-xp 0283a000 08:17 797610                     /home/rok/NetBeansProjects/OpenPKM/build/testuserdir/jcef-bundle/libcef.so
788bff277000-788bffca5000 r--p 0da75000 08:17 797610                     /home/rok/NetBeansProjects/OpenPKM/build/testuserdir/jcef-bundle/libcef.so
788bffca5000-788bffdf9000 rw-p 0e4a2000 08:17 797610                     /home/rok/NetBeansProjects/OpenPKM/build/testuserdir/jcef-bundle/libcef.so
788bffdf9000-788bfffe4000 rw-p 00000000 00:00 0 
788bfffe6000-788bfffe7000 r--p 00000000 08:17 1083559                    /usr/lib/x86_64-linux-gnu/libxcb-shm.so.0.0.0
788bfffe7000-788bfffe8000 r-xp 00001000 08:17 1083559                    /usr/lib/x86_64-linux-gnu/libxcb-shm.so.0.0.0
788bfffe8000-788bfffe9000 r--p 00002000 08:17 1083559                    /usr/lib/x86_64-linux-gnu/libxcb-shm.so.0.0.0
788bfffe9000-788bfffea000 r--p 00002000 08:17 1083559                    /usr/lib/x86_64-linux-gnu/libxcb-shm.so.0.0.0
788bfffea000-788bfffeb000 rw-p 00003000 08:17 1083559                    /usr/lib/x86_64-linux-gnu/libxcb-shm.so.0.0.0
788bfffeb000-788bfffee000 r--p 00000000 08:17 1048671                    /usr/lib/x86_64-linux-gnu/libavahi-common.so.3.5.4
788bfffee000-788bffff4000 r-xp 00003000 08:17 1048671                    /usr/lib/x86_64-linux-gnu/libavahi-common.so.3.5.4
788bffff4000-788bffff7000 r--p 00009000 08:17 1048671                    /usr/lib/x86_64-linux-gnu/libavahi-common.so.3.5.4
788bffff7000-788bffff8000 r--p 0000b000 08:17 1048671                    /usr/lib/x86_64-linux-gnu/libavahi-common.so.3.5.4
788bffff8000-788bffff9000 rw-p 0000c000 08:17 1048671                    /usr/lib/x86_64-linux-gnu/libavahi-common.so.3.5.4
788bffff9000-788bffffb000 r--p 00000000 08:17 1074478                    /usr/lib/x86_64-linux-gnu/libgmodule-2.0.so.0.8000.0
788bffffb000-788bffffd000 r-xp 00002000 08:17 1074478                    /usr/lib/x86_64-linux-gnu/libgmodule-2.0.so.0.8000.0
788bffffd000-788bffffe000 r--p 00004000 08:17 1074478                    /usr/lib/x86_64-linux-gnu/libgmodule-2.0.so.0.8000.0
788bffffe000-788bfffff000 r--p 00004000 08:17 1074478                    /usr/lib/x86_64-linux-gnu/libgmodule-2.0.so.0.8000.0
788bfffff000-788c00000000 rw-p 00005000 08:17 1074478                    /usr/lib/x86_64-linux-gnu/libgmodule-2.0.so.0.8000.0
788c00000000-788c003e3000 rw-p 00000000 00:00 0 
788c003e3000-788c04000000 ---p 00000000 00:00 0 
788c04000000-788c04627000 rw-p 00000000 00:00 0 
788c04627000-788c08000000 ---p 00000000 00:00 0 
788c08000000-788c08b27000 rw-p 00000000 00:00 0 
788c08b27000-788c0c000000 ---p 00000000 00:00 0 
788c0c000000-788c0eab4000 rw-p 00000000 00:00 0 
788c0eab4000-788c10000000 ---p 00000000 00:00 0 
788c10000000-788c112dc000 rw-p 00000000 00:00 0 
788c112dc000-788c14000000 ---p 00000000 00:00 0 
788c14000000-788c14651000 rw-p 00000000 00:00 0 
788c14651000-788c18000000 ---p 00000000 00:00 0 
788c18000000-788c1c000000 rw-p 00000000 00:00 0 
788c1c000000-788c1d0db000 rw-p 00000000 00:00 0 
788c1d0db000-788c20000000 ---p 00000000 00:00 0 
788c20000000-788c20344000 rw-p 00000000 00:00 0 
788c20344000-788c24000000 ---p 00000000 00:00 0 
788c24000000-788c24cbf000 rw-p 00000000 00:00 0 
788c24cbf000-788c28000000 ---p 00000000 00:00 0 
788c28000000-788c28b81000 rw-p 00000000 00:00 0 
788c28b81000-788c2c000000 ---p 00000000 00:00 0 
788c2c000000-788c2c105000 rw-p 00000000 00:00 0 
788c2c105000-788c30000000 ---p 00000000 00:00 0 
788c30000000-788c3228c000 rw-p 00000000 00:00 0 
788c3228c000-788c34000000 ---p 00000000 00:00 0 
788c34000000-788c34021000 rw-p 00000000 00:00 0 
788c34021000-788c38000000 ---p 00000000 00:00 0 
788c38000000-788c3ac4f000 rw-p 00000000 00:00 0 
788c3ac4f000-788c3c000000 ---p 00000000 00:00 0 
788c3c000000-788c3e83b000 rw-p 00000000 00:00 0 
788c3e83b000-788c40000000 ---p 00000000 00:00 0 
788c40000000-788c4018b000 rw-p 00000000 00:00 0 
788c4018b000-788c44000000 ---p 00000000 00:00 0 
788c44000000-788c47aa4000 rw-p 00000000 00:00 0 
788c47aa4000-788c48000000 ---p 00000000 00:00 0 
788c48000000-788c490fb000 rw-p 00000000 00:00 0 
788c490fb000-788c4c000000 ---p 00000000 00:00 0 
788c4c000000-788c4c023000 rw-p 00000000 00:00 0 
788c4c023000-788c50000000 ---p 00000000 00:00 0 
788c50000000-788c50021000 rw-p 00000000 00:00 0 
788c50021000-788c54000000 ---p 00000000 00:00 0 
788c54000000-788c541c2000 rw-p 00000000 00:00 0 
788c541c2000-788c58000000 ---p 00000000 00:00 0 
788c58000000-788c58400000 rw-p 00000000 00:00 0 
788c58400000-788c585a0000 rw-p 00000000 00:00 0 
788c585a0000-788c585c0000 rw-p 00000000 00:00 0 
788c585c0000-788c586c0000 rw-p 00000000 00:00 0 
788c586c0000-788c58700000 rw-p 00000000 00:00 0 
788c58700000-788c588c0000 rw-p 00000000 00:00 0 
788c588c0000-788c58900000 rw-p 00000000 00:00 0 
788c58900000-788c58b00000 rw-p 00000000 00:00 0 
788c58b00000-788c58b20000 rw-p 00000000 00:00 0 
788c58b20000-788c58b40000 rw-p 00000000 00:00 0 
788c58b40000-788c58b80000 rw-p 00000000 00:00 0 
788c58b80000-788c58d00000 rw-p 00000000 00:00 0 
788c58d00000-788c58d40000 rw-p 00000000 00:00 0 
788c58d40000-788c58d80000 rw-p 00000000 00:00 0 
788c58d80000-788c58f00000 rw-p 00000000 00:00 0 
788c58f00000-788c59000000 rw-p 00000000 00:00 0 
788c59000000-788c59100000 rw-p 00000000 00:00 0 
788c59100000-788c59200000 rw-p 00000000 00:00 0 
788c59200000-788c59500000 rw-p 00000000 00:00 0 
788c59500000-788c59600000 rw-p 00000000 00:00 0 
788c59600000-788c59900000 rw-p 00000000 00:00 0 
788c59900000-788c59a00000 rw-p 00000000 00:00 0 
788c59a00000-788c59b00000 rw-p 00000000 00:00 0 
788c59b00000-788c59c00000 rw-p 00000000 00:00 0 
788c59c00000-788c59d00000 rw-p 00000000 00:00 0 
788c59d00000-788c59e00000 rw-p 00000000 00:00 0 
788c59e00000-788c59f00000 rw-p 00000000 00:00 0 
788c59f00000-788c5a000000 rw-p 00000000 00:00 0 
788c5a000000-788c5a180000 rw-p 00000000 00:00 0 
788c5a180000-788c5a2e0000 rw-p 00000000 00:00 0 
788c5a2e0000-788c5a300000 rw-p 00000000 00:00 0 
788c5a300000-788c5a500000 rw-p 00000000 00:00 0 
788c5a500000-788c5a600000 rw-p 00000000 00:00 0 
788c5a600000-788c5a900000 rw-p 00000000 00:00 0 
788c5a900000-788c5aa00000 rw-p 00000000 00:00 0 
788c5aa00000-788c5ab00000 rw-p 00000000 00:00 0 
788c5ab00000-788c5ac00000 rw-p 00000000 00:00 0 
788c5ac00000-788c5ad00000 rw-p 00000000 00:00 0 
788c5ad00000-788c5af00000 rw-p 00000000 00:00 0 
788c5af00000-788c5b000000 rw-p 00000000 00:00 0 
788c5b000000-788c5b3c0000 rw-p 00000000 00:00 0 
788c5b3c0000-788c5b400000 rw-p 00000000 00:00 0 
788c5b400000-788c5b500000 rw-p 00000000 00:00 0 
788c5b500000-788c5b600000 rw-p 00000000 00:00 0 
788c5b600000-788c5b800000 rw-p 00000000 00:00 0 
788c5b800000-788c5bb00000 rw-p 00000000 00:00 0 
788c5bb00000-788c5bc00000 rw-p 00000000 00:00 0 
788c5bc00000-788c5bd00000 rw-p 00000000 00:00 0 
788c5bd00000-788c5be00000 rw-p 00000000 00:00 0 
788c5be00000-788c5bf80000 rw-p 00000000 00:00 0 
788c5bf80000-788c5c000000 rw-p 00000000 00:00 0 
788c5c000000-788c5c5bb000 rw-p 00000000 00:00 0 
788c5c5bb000-788c60000000 ---p 00000000 00:00 0 
788c60000000-788c601a5000 rw-p 00000000 00:00 0 
788c601a5000-788c64000000 ---p 00000000 00:00 0 
788c64000000-788c64021000 rw-p 00000000 00:00 0 
788c64021000-788c68000000 ---p 00000000 00:00 0 
788c68000000-788c68053000 rw-p 00000000 00:00 0 
788c68053000-788c6c000000 ---p 00000000 00:00 0 
788c6c000000-788c6c021000 rw-p 00000000 00:00 0 
788c6c021000-788c70000000 ---p 00000000 00:00 0 
788c70001000-788c70002000 r--p 00000000 08:17 1083050                    /usr/lib/x86_64-linux-gnu/libplds4.so
788c70002000-788c70003000 r-xp 00001000 08:17 1083050                    /usr/lib/x86_64-linux-gnu/libplds4.so
788c70003000-788c70004000 r--p 00002000 08:17 1083050                    /usr/lib/x86_64-linux-gnu/libplds4.so
788c70004000-788c70005000 r--p 00002000 08:17 1083050                    /usr/lib/x86_64-linux-gnu/libplds4.so
788c70005000-788c70006000 rw-p 00003000 08:17 1083050                    /usr/lib/x86_64-linux-gnu/libplds4.so
788c70006000-788c70008000 r--p 00000000 08:17 1083049                    /usr/lib/x86_64-linux-gnu/libplc4.so
788c70008000-788c7000a000 r-xp 00002000 08:17 1083049                    /usr/lib/x86_64-linux-gnu/libplc4.so
788c7000a000-788c7000b000 r--p 00004000 08:17 1083049                    /usr/lib/x86_64-linux-gnu/libplc4.so
788c7000b000-788c7000c000 r--p 00004000 08:17 1083049                    /usr/lib/x86_64-linux-gnu/libplc4.so
788c7000c000-788c7000d000 rw-p 00005000 08:17 1083049                    /usr/lib/x86_64-linux-gnu/libplc4.so
788c7000d000-788c7000f000 r--p 00000000 08:17 1082323                    /usr/lib/x86_64-linux-gnu/libffi.so.8.1.4
788c7000f000-788c70016000 r-xp 00002000 08:17 1082323                    /usr/lib/x86_64-linux-gnu/libffi.so.8.1.4
788c70016000-788c70017000 r--p 00009000 08:17 1082323                    /usr/lib/x86_64-linux-gnu/libffi.so.8.1.4
788c70017000-788c70018000 r--p 0000a000 08:17 1082323                    /usr/lib/x86_64-linux-gnu/libffi.so.8.1.4
788c70018000-788c70019000 rw-p 0000b000 08:17 1082323                    /usr/lib/x86_64-linux-gnu/libffi.so.8.1.4
788c70019000-788c7001b000 r--p 00000000 08:17 1081735                    /usr/lib/x86_64-linux-gnu/libXrandr.so.2.2.0
788c7001b000-788c70022000 r-xp 00002000 08:17 1081735                    /usr/lib/x86_64-linux-gnu/libXrandr.so.2.2.0
788c70022000-788c70024000 r--p 00009000 08:17 1081735                    /usr/lib/x86_64-linux-gnu/libXrandr.so.2.2.0
788c70024000-788c70025000 r--p 0000a000 08:17 1081735                    /usr/lib/x86_64-linux-gnu/libXrandr.so.2.2.0
788c70025000-788c70026000 rw-p 0000b000 08:17 1081735                    /usr/lib/x86_64-linux-gnu/libXrandr.so.2.2.0
788c70026000-788c70032000 r--p 00000000 08:17 1048898                    /usr/lib/x86_64-linux-gnu/libnssutil3.so
788c70032000-788c70044000 r-xp 0000c000 08:17 1048898                    /usr/lib/x86_64-linux-gnu/libnssutil3.so
788c70044000-788c70050000 r--p 0001e000 08:17 1048898                    /usr/lib/x86_64-linux-gnu/libnssutil3.so
788c70050000-788c70057000 r--p 00029000 08:17 1048898                    /usr/lib/x86_64-linux-gnu/libnssutil3.so
788c70057000-788c70058000 rw-p 00030000 08:17 1048898                    /usr/lib/x86_64-linux-gnu/libnssutil3.so
788c70058000-788c70070000 r--p 00000000 08:17 1048892                    /usr/lib/x86_64-linux-gnu/libnss3.so
788c70070000-788c70151000 r-xp 00018000 08:17 1048892                    /usr/lib/x86_64-linux-gnu/libnss3.so
788c70151000-788c7017e000 r--p 000f9000 08:17 1048892                    /usr/lib/x86_64-linux-gnu/libnss3.so
788c7017e000-788c70184000 r--p 00125000 08:17 1048892                    /usr/lib/x86_64-linux-gnu/libnss3.so
788c70184000-788c70185000 rw-p 0012b000 08:17 1048892                    /usr/lib/x86_64-linux-gnu/libnss3.so
788c70185000-788c70187000 rw-p 00000000 00:00 0 
788c70187000-788c701a5000 r--p 00000000 08:17 1074477                    /usr/lib/x86_64-linux-gnu/libglib-2.0.so.0.8000.0
788c701a5000-788c70245000 r-xp 0001e000 08:17 1074477                    /usr/lib/x86_64-linux-gnu/libglib-2.0.so.0.8000.0
788c70245000-788c702cd000 r--p 000be000 08:17 1074477                    /usr/lib/x86_64-linux-gnu/libglib-2.0.so.0.8000.0
788c702cd000-788c702ce000 r--p 00146000 08:17 1074477                    /usr/lib/x86_64-linux-gnu/libglib-2.0.so.0.8000.0
788c702ce000-788c702cf000 rw-p 00147000 08:17 1074477                    /usr/lib/x86_64-linux-gnu/libglib-2.0.so.0.8000.0
788c702cf000-788c702d0000 rw-p 00000000 00:00 0 
788c702d0000-788c702f6000 r--p 00000000 08:17 797617                     /home/rok/NetBeansProjects/OpenPKM/build/testuserdir/jcef-bundle/libjcef.so
788c702f6000-788c703dc000 r-xp 00026000 08:17 797617                     /home/rok/NetBeansProjects/OpenPKM/build/testuserdir/jcef-bundle/libjcef.so
788c703dc000-788c7041e000 r--p 0010c000 08:17 797617                     /home/rok/NetBeansProjects/OpenPKM/build/testuserdir/jcef-bundle/libjcef.so
788c7041e000-788c7041f000 ---p 0014e000 08:17 797617                     /home/rok/NetBeansProjects/OpenPKM/build/testuserdir/jcef-bundle/libjcef.so
788c7041f000-788c7042e000 r--p 0014e000 08:17 797617                     /home/rok/NetBeansProjects/OpenPKM/build/testuserdir/jcef-bundle/libjcef.so
788c7042e000-788c7042f000 rw-p 0015d000 08:17 797617                     /home/rok/NetBeansProjects/OpenPKM/build/testuserdir/jcef-bundle/libjcef.so
788c7042f000-788c70433000 ---p 00000000 00:00 0 
788c70433000-788c7052f000 rw-p 00000000 00:00 0 
788c7052f000-788c7053d000 r--s 00000000 08:17 533588                     /var/cache/fontconfig/a4e60e8d1e10d2fdff3fe3037a1845fb-le64.cache-9
788c7053d000-788c7059b000 r--s 00000000 08:17 533587                     /var/cache/fontconfig/2300eef321c393bfd76478a5c0e95b23-le64.cache-9
788c7059b000-788c70610000 r--s 00000000 08:17 533586                     /var/cache/fontconfig/0bd3dc0958fa2205aaaa8ebb13e2872b-le64.cache-9
788c70610000-788c70615000 r--s 00000000 08:17 529529                     /var/cache/fontconfig/c57959a16110560c8d0fcea73374aeeb-le64.cache-9
788c70615000-788c7061b000 r--s 00000000 08:17 533582                     /var/cache/fontconfig/3047814df9a2f067bd2d96a2b9c36e5a-le64.cache-9
788c7061b000-788c7062b000 r--s 00000000 08:17 533578                     /var/cache/fontconfig/6cc790b63b123a6a96ee260fcdad32a9-le64.cache-9
788c7062b000-788c7063c000 r--s 00000000 08:17 533577                     /var/cache/fontconfig/9b89f8e3dae116d678bbf48e5f21f69b-le64.cache-9
788c7063c000-788c70647000 r--s 00000000 08:17 533574                     /var/cache/fontconfig/d0972c3d32f097851eb916381fc38920-le64.cache-9
788c70649000-788c7064b000 r--p 00000000 08:17 1054832                    /usr/lib/x86_64-linux-gnu/libgbm.so.1.0.0
788c7064b000-788c7064d000 r-xp 00002000 08:17 1054832                    /usr/lib/x86_64-linux-gnu/libgbm.so.1.0.0
788c7064d000-788c7064e000 r--p 00004000 08:17 1054832                    /usr/lib/x86_64-linux-gnu/libgbm.so.1.0.0
788c7064e000-788c7064f000 r--p 00004000 08:17 1054832                    /usr/lib/x86_64-linux-gnu/libgbm.so.1.0.0
788c7064f000-788c70650000 rw-p 00005000 08:17 1054832                    /usr/lib/x86_64-linux-gnu/libgbm.so.1.0.0
788c70650000-788c70651000 r--p 00000000 08:17 1081711                    /usr/lib/x86_64-linux-gnu/libXdamage.so.1.1.0
788c70651000-788c70652000 r-xp 00001000 08:17 1081711                    /usr/lib/x86_64-linux-gnu/libXdamage.so.1.1.0
788c70652000-788c70653000 r--p 00002000 08:17 1081711                    /usr/lib/x86_64-linux-gnu/libXdamage.so.1.1.0
788c70653000-788c70654000 r--p 00002000 08:17 1081711                    /usr/lib/x86_64-linux-gnu/libXdamage.so.1.1.0
788c70654000-788c70655000 rw-p 00003000 08:17 1081711                    /usr/lib/x86_64-linux-gnu/libXdamage.so.1.1.0
788c70655000-788c70656000 r--p 00000000 08:17 1081707                    /usr/lib/x86_64-linux-gnu/libXcomposite.so.1.0.0
788c70656000-788c70657000 r-xp 00001000 08:17 1081707                    /usr/lib/x86_64-linux-gnu/libXcomposite.so.1.0.0
788c70657000-788c70658000 r--p 00002000 08:17 1081707                    /usr/lib/x86_64-linux-gnu/libXcomposite.so.1.0.0
788c70658000-788c70659000 r--p 00002000 08:17 1081707                    /usr/lib/x86_64-linux-gnu/libXcomposite.so.1.0.0
788c70659000-788c7065a000 rw-p 00003000 08:17 1081707                    /usr/lib/x86_64-linux-gnu/libXcomposite.so.1.0.0
788c7065a000-788c70665000 r--p 00000000 08:17 1082926                    /usr/lib/x86_64-linux-gnu/libnspr4.so
788c70665000-788c70687000 r-xp 0000b000 08:17 1082926                    /usr/lib/x86_64-linux-gnu/libnspr4.so
788c70687000-788c70694000 r--p 0002d000 08:17 1082926                    /usr/lib/x86_64-linux-gnu/libnspr4.so
788c70694000-788c70695000 r--p 0003a000 08:17 1082926                    /usr/lib/x86_64-linux-gnu/libnspr4.so
788c70695000-788c70696000 rw-p 0003b000 08:17 1082926                    /usr/lib/x86_64-linux-gnu/libnspr4.so
788c70696000-788c70699000 rw-p 00000000 00:00 0 
788c70699000-788c706a8000 r--p 00000000 08:17 1074479                    /usr/lib/x86_64-linux-gnu/libgobject-2.0.so.0.8000.0
788c706a8000-788c706df000 r-xp 0000f000 08:17 1074479                    /usr/lib/x86_64-linux-gnu/libgobject-2.0.so.0.8000.0
788c706df000-788c706f8000 r--p 00046000 08:17 1074479                    /usr/lib/x86_64-linux-gnu/libgobject-2.0.so.0.8000.0
788c706f8000-788c706fb000 r--p 0005e000 08:17 1074479                    /usr/lib/x86_64-linux-gnu/libgobject-2.0.so.0.8000.0
788c706fb000-788c706fc000 rw-p 00061000 08:17 1074479                    /usr/lib/x86_64-linux-gnu/libgobject-2.0.so.0.8000.0
788c706fd000-788c706ff000 rw-p 00000000 00:00 0 
788c706ff000-788c70705000 r--s 00000000 08:17 789955                     /home/rok/.cache/fontconfig/d589a48862398ed80a3d6066f4f56f4c-le64.cache-11
788c70707000-788c7070f000 rw-p 00000000 00:00 0                          [anon:tls-mmap-allocator]
788c7070f000-788c70713000 ---p 00000000 00:00 0 
788c70713000-788c7080f000 rw-p 00000000 00:00 0 
788c7080f000-788c70820000 r--s 00000000 08:17 533561                     /var/cache/fontconfig/e13b20fdb08344e0e664864cc2ede53d-le64.cache-9
788c70a20000-788c70a24000 ---p 00000000 00:00 0 
788c70a24000-788c70b20000 rw-p 00000000 00:00 0 
788c70b20000-788c70b24000 ---p 00000000 00:00 0 
788c70b24000-788c70c20000 rw-p 00000000 00:00 0 
788c70c20000-788c70c24000 ---p 00000000 00:00 0 
788c70c24000-788c70d20000 rw-p 00000000 00:00 0 
788c70e20000-788c70e24000 ---p 00000000 00:00 0 
788c70e24000-788c70f20000 rw-p 00000000 00:00 0 
788c70f20000-788c70f24000 ---p 00000000 00:00 0 
788c70f24000-788c71020000 rw-p 00000000 00:00 0 
788c71420000-788c71424000 ---p 00000000 00:00 0 
788c71424000-788c71520000 rw-p 00000000 00:00 0 
788c71520000-788c71620000 rw-s 00000000 00:01 65547                      /SYSV00000000 (deleted)
788c71620000-788c71621000 ---p 00000000 00:00 0 
788c71621000-788c71721000 rw-p 00000000 00:00 0 
788c71721000-788c71722000 ---p 00000000 00:00 0 
788c71722000-788c71822000 rw-p 00000000 00:00 0 
788c71822000-788c71847000 r-xp 00000000 08:17 1757832                    /usr/lib/jvm/zulu-fx-26-amd64/lib/libsplashscreen.so
788c71847000-788c71848000 ---p 00025000 08:17 1757832                    /usr/lib/jvm/zulu-fx-26-amd64/lib/libsplashscreen.so
788c71848000-788c71849000 r--p 00025000 08:17 1757832                    /usr/lib/jvm/zulu-fx-26-amd64/lib/libsplashscreen.so
788c71849000-788c7184a000 rw-p 00026000 08:17 1757832                    /usr/lib/jvm/zulu-fx-26-amd64/lib/libsplashscreen.so
788c7184a000-788c7184c000 rw-p 00000000 00:00 0 
788c7184c000-788c71850000 ---p 00000000 00:00 0 
788c71850000-788c7194c000 rw-p 00000000 00:00 0 
788c7194c000-788c71950000 ---p 00000000 00:00 0 
788c71950000-788c71a4c000 rw-p 00000000 00:00 0 
788c71a4c000-788c71a50000 ---p 00000000 00:00 0 
788c71a50000-788c71b4c000 rw-p 00000000 00:00 0 
788c71b4c000-788c71b50000 ---p 00000000 00:00 0 
788c71b50000-788c71c4c000 rw-p 00000000 00:00 0 
788c71c4c000-788c71cec000 r-xp 00000000 08:17 1757831                    /usr/lib/jvm/zulu-fx-26-amd64/lib/libfreetype.so
788c71cec000-788c71cf2000 r--p 0009f000 08:17 1757831                    /usr/lib/jvm/zulu-fx-26-amd64/lib/libfreetype.so
788c71cf2000-788c71cf3000 rw-p 000a5000 08:17 1757831                    /usr/lib/jvm/zulu-fx-26-amd64/lib/libfreetype.so
788c71cf3000-788c71eaf000 r-xp 00000000 08:17 1757873                    /usr/lib/jvm/zulu-fx-26-amd64/lib/libfontmanager.so
788c71eaf000-788c71eb0000 ---p 001bc000 08:17 1757873                    /usr/lib/jvm/zulu-fx-26-amd64/lib/libfontmanager.so
788c71eb0000-788c71eb2000 r--p 001bc000 08:17 1757873                    /usr/lib/jvm/zulu-fx-26-amd64/lib/libfontmanager.so
788c71eb2000-788c71eb3000 rw-p 001be000 08:17 1757873                    /usr/lib/jvm/zulu-fx-26-amd64/lib/libfontmanager.so
788c71eb3000-788c71eb4000 rw-p 00000000 00:00 0 
788c71eb4000-788c71eb6000 r--p 00000000 08:17 1082815                    /usr/lib/x86_64-linux-gnu/libmd.so.0.1.0
788c71eb6000-788c71ebf000 r-xp 00002000 08:17 1082815                    /usr/lib/x86_64-linux-gnu/libmd.so.0.1.0
788c71ebf000-788c71ec1000 r--p 0000b000 08:17 1082815                    /usr/lib/x86_64-linux-gnu/libmd.so.0.1.0
788c71ec1000-788c71ec2000 r--p 0000c000 08:17 1082815                    /usr/lib/x86_64-linux-gnu/libmd.so.0.1.0
788c71ec2000-788c71ec3000 rw-p 0000d000 08:17 1082815                    /usr/lib/x86_64-linux-gnu/libmd.so.0.1.0
788c71ec3000-788c71edc000 r--p 00000000 08:17 1081698                    /usr/lib/x86_64-linux-gnu/libX11.so.6.4.0
788c71edc000-788c71f6c000 r-xp 00019000 08:17 1081698                    /usr/lib/x86_64-linux-gnu/libX11.so.6.4.0
788c71f6c000-788c71ffb000 r--p 000a9000 08:17 1081698                    /usr/lib/x86_64-linux-gnu/libX11.so.6.4.0
788c71ffb000-788c71ffc000 r--p 00138000 08:17 1081698                    /usr/lib/x86_64-linux-gnu/libX11.so.6.4.0
788c71ffc000-788c72000000 rw-p 00139000 08:17 1081698                    /usr/lib/x86_64-linux-gnu/libX11.so.6.4.0
788c72000000-788c74021000 rw-p 00000000 00:00 0 
788c74021000-788c78000000 ---p 00000000 00:00 0 
788c78000000-788c78537000 rw-p 00000000 00:00 0 
788c78537000-788c7c000000 ---p 00000000 00:00 0 
788c7c000000-788c7c4ee000 rw-p 00000000 00:00 0 
788c7c4ee000-788c80000000 ---p 00000000 00:00 0 
788c80002000-788c80004000 r--p 00000000 08:17 1081717                    /usr/lib/x86_64-linux-gnu/libXfixes.so.3.1.0
788c80004000-788c80007000 r-xp 00002000 08:17 1081717                    /usr/lib/x86_64-linux-gnu/libXfixes.so.3.1.0
788c80007000-788c80008000 r--p 00005000 08:17 1081717                    /usr/lib/x86_64-linux-gnu/libXfixes.so.3.1.0
788c80008000-788c80009000 r--p 00005000 08:17 1081717                    /usr/lib/x86_64-linux-gnu/libXfixes.so.3.1.0
788c80009000-788c8000a000 rw-p 00006000 08:17 1081717                    /usr/lib/x86_64-linux-gnu/libXfixes.so.3.1.0
788c8000a000-788c8000e000 r--p 00000000 08:17 1082031                    /usr/lib/x86_64-linux-gnu/libbsd.so.0.12.1
788c8000e000-788c8001a000 r-xp 00004000 08:17 1082031                    /usr/lib/x86_64-linux-gnu/libbsd.so.0.12.1
788c8001a000-788c8001d000 r--p 00010000 08:17 1082031                    /usr/lib/x86_64-linux-gnu/libbsd.so.0.12.1
788c8001d000-788c8001e000 r--p 00012000 08:17 1082031                    /usr/lib/x86_64-linux-gnu/libbsd.so.0.12.1
788c8001e000-788c8001f000 rw-p 00013000 08:17 1082031                    /usr/lib/x86_64-linux-gnu/libbsd.so.0.12.1
788c8001f000-788c80020000 rw-p 00000000 00:00 0 
788c80020000-788c800cd000 r-xp 00000000 08:17 1757815                    /usr/lib/jvm/zulu-fx-26-amd64/lib/libawt.so
788c800cd000-788c800ce000 ---p 000ad000 08:17 1757815                    /usr/lib/jvm/zulu-fx-26-amd64/lib/libawt.so
788c800ce000-788c800cf000 r--p 000ad000 08:17 1757815                    /usr/lib/jvm/zulu-fx-26-amd64/lib/libawt.so
788c800cf000-788c800da000 rw-p 000ae000 08:17 1757815                    /usr/lib/jvm/zulu-fx-26-amd64/lib/libawt.so
788c800da000-788c800ff000 rw-p 00000000 00:00 0 
788c800ff000-788c80103000 ---p 00000000 00:00 0 
788c80103000-788c801ff000 rw-p 00000000 00:00 0 
788c803ff000-788c80403000 ---p 00000000 00:00 0 
788c80403000-788c804ff000 rw-p 00000000 00:00 0 
788c804ff000-788c80503000 ---p 00000000 00:00 0 
788c80503000-788c805ff000 rw-p 00000000 00:00 0 
788c805ff000-788c80600000 ---p 00000000 00:00 0 
788c80600000-788c80700000 rw-p 00000000 00:00 0 
788c80700000-788c80704000 ---p 00000000 00:00 0 
788c80704000-788c80800000 rw-p 00000000 00:00 0 
788c80800000-788c80804000 ---p 00000000 00:00 0 
788c80804000-788c80900000 rw-p 00000000 00:00 0 
788c80a00000-788c80a04000 ---p 00000000 00:00 0 
788c80a04000-788c80b00000 rw-p 00000000 00:00 0 
788c80b00000-788c80b04000 ---p 00000000 00:00 0 
788c80b04000-788c80c00000 rw-p 00000000 00:00 0 
788c80c00000-788c80c04000 ---p 00000000 00:00 0 
788c80c04000-788c80d00000 rw-p 00000000 00:00 0 
788c80d00000-788c80d04000 ---p 00000000 00:00 0 
788c80d04000-788c80e00000 rw-p 00000000 00:00 0 
788c80e00000-788c80e04000 ---p 00000000 00:00 0 
788c80e04000-788c80f00000 rw-p 00000000 00:00 0 
788c80f00000-788c80f04000 ---p 00000000 00:00 0 
788c80f04000-788c81000000 rw-p 00000000 00:00 0 
788c81000000-788c817ed000 r--p 00000000 08:17 1064631                    /usr/lib/locale/locale-archive
788c817ee000-788c817f0000 r--p 00000000 08:17 1081709                    /usr/lib/x86_64-linux-gnu/libXcursor.so.1.0.2
788c817f0000-788c817f6000 r-xp 00002000 08:17 1081709                    /usr/lib/x86_64-linux-gnu/libXcursor.so.1.0.2
788c817f6000-788c817f8000 r--p 00008000 08:17 1081709                    /usr/lib/x86_64-linux-gnu/libXcursor.so.1.0.2
788c817f8000-788c817f9000 r--p 00009000 08:17 1081709                    /usr/lib/x86_64-linux-gnu/libXcursor.so.1.0.2
788c817f9000-788c817fa000 rw-p 0000a000 08:17 1081709                    /usr/lib/x86_64-linux-gnu/libXcursor.so.1.0.2
788c817fa000-788c817fc000 r--p 00000000 08:17 1081713                    /usr/lib/x86_64-linux-gnu/libXdmcp.so.6.0.0
788c817fc000-788c817fe000 r-xp 00002000 08:17 1081713                    /usr/lib/x86_64-linux-gnu/libXdmcp.so.6.0.0
788c817fe000-788c81800000 r--p 00004000 08:17 1081713                    /usr/lib/x86_64-linux-gnu/libXdmcp.so.6.0.0
788c81800000-788c81801000 r--p 00005000 08:17 1081713                    /usr/lib/x86_64-linux-gnu/libXdmcp.so.6.0.0
788c81801000-788c81802000 rw-p 00006000 08:17 1081713                    /usr/lib/x86_64-linux-gnu/libXdmcp.so.6.0.0
788c81802000-788c8180d000 r--p 00000000 08:17 1083575                    /usr/lib/x86_64-linux-gnu/libxcb.so.1.1.0
788c8180d000-788c81820000 r-xp 0000b000 08:17 1083575                    /usr/lib/x86_64-linux-gnu/libxcb.so.1.1.0
788c81820000-788c81829000 r--p 0001e000 08:17 1083575                    /usr/lib/x86_64-linux-gnu/libxcb.so.1.1.0
788c81829000-788c8182a000 r--p 00026000 08:17 1083575                    /usr/lib/x86_64-linux-gnu/libxcb.so.1.1.0
788c8182a000-788c8182b000 rw-p 00027000 08:17 1083575                    /usr/lib/x86_64-linux-gnu/libxcb.so.1.1.0
788c8182b000-788c8182d000 r--p 00000000 08:17 1081743                    /usr/lib/x86_64-linux-gnu/libXtst.so.6.1.0
788c8182d000-788c81830000 r-xp 00002000 08:17 1081743                    /usr/lib/x86_64-linux-gnu/libXtst.so.6.1.0
788c81830000-788c81831000 r--p 00005000 08:17 1081743                    /usr/lib/x86_64-linux-gnu/libXtst.so.6.1.0
788c81831000-788c81832000 r--p 00005000 08:17 1081743                    /usr/lib/x86_64-linux-gnu/libXtst.so.6.1.0
788c81832000-788c81833000 rw-p 00006000 08:17 1081743                    /usr/lib/x86_64-linux-gnu/libXtst.so.6.1.0
788c81833000-788c81835000 r--p 00000000 08:17 1081737                    /usr/lib/x86_64-linux-gnu/libXrender.so.1.3.0
788c81835000-788c8183c000 r-xp 00002000 08:17 1081737                    /usr/lib/x86_64-linux-gnu/libXrender.so.1.3.0
788c8183c000-788c8183d000 r--p 00009000 08:17 1081737                    /usr/lib/x86_64-linux-gnu/libXrender.so.1.3.0
788c8183d000-788c8183e000 r--p 00009000 08:17 1081737                    /usr/lib/x86_64-linux-gnu/libXrender.so.1.3.0
788c8183e000-788c8183f000 rw-p 0000a000 08:17 1081737                    /usr/lib/x86_64-linux-gnu/libXrender.so.1.3.0
788c8183f000-788c81842000 r--p 00000000 08:17 1081723                    /usr/lib/x86_64-linux-gnu/libXi.so.6.1.0
788c81842000-788c8184e000 r-xp 00003000 08:17 1081723                    /usr/lib/x86_64-linux-gnu/libXi.so.6.1.0
788c8184e000-788c81850000 r--p 0000f000 08:17 1081723                    /usr/lib/x86_64-linux-gnu/libXi.so.6.1.0
788c81850000-788c81851000 r--p 00011000 08:17 1081723                    /usr/lib/x86_64-linux-gnu/libXi.so.6.1.0
788c81851000-788c81852000 rw-p 00012000 08:17 1081723                    /usr/lib/x86_64-linux-gnu/libXi.so.6.1.0
788c81852000-788c818bf000 r-xp 00000000 08:17 1757874                    /usr/lib/jvm/zulu-fx-26-amd64/lib/libawt_xawt.so
788c818bf000-788c818c5000 r--p 0006c000 08:17 1757874                    /usr/lib/jvm/zulu-fx-26-amd64/lib/libawt_xawt.so
788c818c5000-788c818c7000 rw-p 00072000 08:17 1757874                    /usr/lib/jvm/zulu-fx-26-amd64/lib/libawt_xawt.so
788c818c7000-788c818c9000 rw-p 00000000 00:00 0 
788c818c9000-788c818cd000 ---p 00000000 00:00 0 
788c818cd000-788c819c9000 rw-p 00000000 00:00 0 
788c819c9000-788c81a65000 rw-p 00000000 00:00 0 
788c81a65000-788c81a66000 ---p 00000000 00:00 0 
788c81a66000-788c81b66000 rw-p 00000000 00:00 0 
788c81b66000-788c81b67000 ---p 00000000 00:00 0 
788c81b67000-788c81c67000 rw-p 00000000 00:00 0 
788c81c67000-788c81c68000 ---p 00000000 00:00 0 
788c81c68000-788c81d68000 rw-p 00000000 00:00 0 
788c81d68000-788c81d69000 ---p 00000000 00:00 0 
788c81d69000-788c81e69000 rw-p 00000000 00:00 0 
788c81e69000-788c81e6a000 ---p 00000000 00:00 0 
788c81e6a000-788c81f6a000 rw-p 00000000 00:00 0 
788c81f6a000-788c82f3b000 rw-p 00000000 00:00 0 
788c82f3b000-788c85e63000 ---p 00000000 00:00 0 
788c85e63000-788c86055000 rw-p 00000000 00:00 0 
788c86055000-788c8663a000 ---p 00000000 00:00 0 
788c8663a000-788c86817000 rw-p 00000000 00:00 0 
788c86817000-788c86dfc000 ---p 00000000 00:00 0 
788c86dfc000-788c86dff000 rw-p 00000000 00:00 0 
788c86dff000-788c886cf000 rwxp 00000000 00:00 0 
788c886cf000-788c8e337000 ---p 00000000 00:00 0 
788c8e337000-788c8e5a7000 rwxp 00000000 00:00 0 
788c8e5a7000-788c8e8c8000 ---p 00000000 00:00 0 
788c8e8c8000-788c8efb8000 rwxp 00000000 00:00 0 
788c8efb8000-788c95e00000 ---p 00000000 00:00 0 
788c95e00000-788c9ff44000 r--s 00000000 08:17 1757846                    /usr/lib/jvm/zulu-fx-26-amd64/lib/modules
788c9ff47000-788c9ff4b000 r--p 00000000 08:17 1081715                    /usr/lib/x86_64-linux-gnu/libXext.so.6.4.0
788c9ff4b000-788c9ff56000 r-xp 00004000 08:17 1081715                    /usr/lib/x86_64-linux-gnu/libXext.so.6.4.0
788c9ff56000-788c9ff59000 r--p 0000f000 08:17 1081715                    /usr/lib/x86_64-linux-gnu/libXext.so.6.4.0
788c9ff59000-788c9ff5a000 r--p 00011000 08:17 1081715                    /usr/lib/x86_64-linux-gnu/libXext.so.6.4.0
788c9ff5a000-788c9ff5b000 rw-p 00012000 08:17 1081715                    /usr/lib/x86_64-linux-gnu/libXext.so.6.4.0
788c9ff5b000-788c9ff5c000 rw-p 00000000 00:00 0 
788c9ff5c000-788c9ff62000 r--s 00000000 08:17 533579                     /var/cache/fontconfig/d589a48862398ed80a3d6066f4f56f4c-le64.cache-9
788c9ff62000-788c9ff63000 r--p 00000000 08:17 1081725                    /usr/lib/x86_64-linux-gnu/libXinerama.so.1.0.0
788c9ff63000-788c9ff64000 r-xp 00001000 08:17 1081725                    /usr/lib/x86_64-linux-gnu/libXinerama.so.1.0.0
788c9ff64000-788c9ff65000 r--p 00002000 08:17 1081725                    /usr/lib/x86_64-linux-gnu/libXinerama.so.1.0.0
788c9ff65000-788c9ff66000 r--p 00002000 08:17 1081725                    /usr/lib/x86_64-linux-gnu/libXinerama.so.1.0.0
788c9ff66000-788c9ff67000 rw-p 00003000 08:17 1081725                    /usr/lib/x86_64-linux-gnu/libXinerama.so.1.0.0
788c9ff67000-788c9ff6e000 r--s 00000000 08:17 1051358                    /usr/lib/x86_64-linux-gnu/gconv/gconv-modules.cache
788c9ff6e000-788c9ff7c000 r-xp 00000000 08:17 1757856                    /usr/lib/jvm/zulu-fx-26-amd64/lib/libverify.so
788c9ff7c000-788c9ff7e000 r--p 0000d000 08:17 1757856                    /usr/lib/jvm/zulu-fx-26-amd64/lib/libverify.so
788c9ff7e000-788c9ff7f000 rw-p 0000f000 08:17 1757856                    /usr/lib/jvm/zulu-fx-26-amd64/lib/libverify.so
788c9ff7f000-788ca21bb000 rw-p 00000000 00:00 0 
788ca21bb000-788ca4000000 ---p 00000000 00:00 0 
788ca4000000-788ca4001000 r--s 00000000 08:17 789958                     /home/rok/.cache/fontconfig/da43223dd54fb3bb4243ae19d4b583b2-le64.cache-11
788ca4001000-788ca4002000 r--p 00000000 08:17 1081702                    /usr/lib/x86_64-linux-gnu/libXau.so.6.0.0
788ca4002000-788ca4004000 r-xp 00001000 08:17 1081702                    /usr/lib/x86_64-linux-gnu/libXau.so.6.0.0
788ca4004000-788ca4005000 r--p 00003000 08:17 1081702                    /usr/lib/x86_64-linux-gnu/libXau.so.6.0.0
788ca4005000-788ca4006000 r--p 00003000 08:17 1081702                    /usr/lib/x86_64-linux-gnu/libXau.so.6.0.0
788ca4006000-788ca4007000 rw-p 00004000 08:17 1081702                    /usr/lib/x86_64-linux-gnu/libXau.so.6.0.0
788ca4007000-788ca400e000 r-xp 00000000 08:17 1757821                    /usr/lib/jvm/zulu-fx-26-amd64/lib/libzip.so
788ca400e000-788ca400f000 ---p 00007000 08:17 1757821                    /usr/lib/jvm/zulu-fx-26-amd64/lib/libzip.so
788ca400f000-788ca4010000 r--p 00007000 08:17 1757821                    /usr/lib/jvm/zulu-fx-26-amd64/lib/libzip.so
788ca4010000-788ca4011000 rw-p 00008000 08:17 1757821                    /usr/lib/jvm/zulu-fx-26-amd64/lib/libzip.so
788ca4011000-788ca401c000 r-xp 00000000 08:17 1757824                    /usr/lib/jvm/zulu-fx-26-amd64/lib/libnet.so
788ca401c000-788ca401d000 ---p 0000b000 08:17 1757824                    /usr/lib/jvm/zulu-fx-26-amd64/lib/libnet.so
788ca401d000-788ca401e000 r--p 0000b000 08:17 1757824                    /usr/lib/jvm/zulu-fx-26-amd64/lib/libnet.so
788ca401e000-788ca401f000 rw-p 0000c000 08:17 1757824                    /usr/lib/jvm/zulu-fx-26-amd64/lib/libnet.so
788ca401f000-788ca405c000 r-xp 00000000 08:17 1757855                    /usr/lib/jvm/zulu-fx-26-amd64/lib/libsimdsort.so
788ca405c000-788ca405d000 r--p 0003d000 08:17 1757855                    /usr/lib/jvm/zulu-fx-26-amd64/lib/libsimdsort.so
788ca405d000-788ca405e000 rw-p 0003e000 08:17 1757855                    /usr/lib/jvm/zulu-fx-26-amd64/lib/libsimdsort.so
788ca405e000-788ca4361000 rw-p 00000000 00:00 0 
788ca4361000-788ca4362000 ---p 00000000 00:00 0 
788ca4362000-788ca4462000 rw-p 00000000 00:00 0 
788ca4462000-788ca4463000 ---p 00000000 00:00 0 
788ca4463000-788ca4563000 rw-p 00000000 00:00 0 
788ca4563000-788ca4564000 ---p 00000000 00:00 0 
788ca4564000-788ca4664000 rw-p 00000000 00:00 0 
788ca4664000-788ca483e000 rw-p 00000000 00:00 0 
788ca483e000-788ca4e23000 ---p 00000000 00:00 0 
788ca4e23000-788ca5238000 rw-p 00000000 00:00 0 
788ca5238000-788ca5315000 ---p 00000000 00:00 0 
788ca5315000-788ca5347000 rw-p 00000000 00:00 0 
788ca5347000-788ca5400000 ---p 00000000 00:00 0 
788ca5400000-788ca695c000 r-xp 00000000 08:17 1888825                    /usr/lib/jvm/zulu-fx-26-amd64/lib/server/libjvm.so
788ca695c000-788ca695d000 ---p 0155c000 08:17 1888825                    /usr/lib/jvm/zulu-fx-26-amd64/lib/server/libjvm.so
788ca695d000-788ca6a4e000 r--p 0155c000 08:17 1888825                    /usr/lib/jvm/zulu-fx-26-amd64/lib/server/libjvm.so
788ca6a4e000-788ca6a79000 rw-p 0164d000 08:17 1888825                    /usr/lib/jvm/zulu-fx-26-amd64/lib/server/libjvm.so
788ca6a79000-788ca6afd000 rw-p 00000000 00:00 0 
788ca6afd000-788ca6afe000 r--s 00000000 08:17 789956                     /home/rok/.cache/fontconfig/3f7329c5293ffd510edef78f73874cfd-le64.cache-11
788ca6b00000-788ca6b04000 ---p 00000000 00:00 0 
788ca6b04000-788ca6c00000 rw-p 00000000 00:00 0 
788ca6c00000-788ca6c28000 r--p 00000000 08:17 1051368                    /usr/lib/x86_64-linux-gnu/libc.so.6
788ca6c28000-788ca6db0000 r-xp 00028000 08:17 1051368                    /usr/lib/x86_64-linux-gnu/libc.so.6
788ca6db0000-788ca6dff000 r--p 001b0000 08:17 1051368                    /usr/lib/x86_64-linux-gnu/libc.so.6
788ca6dff000-788ca6e03000 r--p 001fe000 08:17 1051368                    /usr/lib/x86_64-linux-gnu/libc.so.6
788ca6e03000-788ca6e05000 rw-p 00202000 08:17 1051368                    /usr/lib/x86_64-linux-gnu/libc.so.6
788ca6e05000-788ca6e12000 rw-p 00000000 00:00 0 
788ca6e13000-788ca6e14000 r-xp 00000000 08:17 1757872                    /usr/lib/jvm/zulu-fx-26-amd64/lib/libjawt.so
788ca6e14000-788ca6e15000 r--p 00000000 08:17 1757872                    /usr/lib/jvm/zulu-fx-26-amd64/lib/libjawt.so
788ca6e15000-788ca6e16000 rw-p 00001000 08:17 1757872                    /usr/lib/jvm/zulu-fx-26-amd64/lib/libjawt.so
788ca6e16000-788ca6e2a000 r-xp 00000000 08:17 1757868                    /usr/lib/jvm/zulu-fx-26-amd64/lib/libnio.so
788ca6e2a000-788ca6e2b000 r--p 00013000 08:17 1757868                    /usr/lib/jvm/zulu-fx-26-amd64/lib/libnio.so
788ca6e2b000-788ca6e2c000 rw-p 00014000 08:17 1757868                    /usr/lib/jvm/zulu-fx-26-amd64/lib/libnio.so
788ca6e2c000-788ca6e38000 r--p 00000000 08:17 1754920                    /usr/share/locale-langpack/sl/LC_MESSAGES/libc.mo
788ca6e38000-788ca6e7f000 rw-p 00000000 00:00 0 
788ca6e7f000-788ca6e86000 ---p 00000000 00:00 0 
788ca6e86000-788ca6ea6000 r-xp 00000000 08:17 1757863                    /usr/lib/jvm/zulu-fx-26-amd64/lib/libjava.so
788ca6ea6000-788ca6ea7000 ---p 00020000 08:17 1757863                    /usr/lib/jvm/zulu-fx-26-amd64/lib/libjava.so
788ca6ea7000-788ca6ea8000 r--p 00020000 08:17 1757863                    /usr/lib/jvm/zulu-fx-26-amd64/lib/libjava.so
788ca6ea8000-788ca6ea9000 rw-p 00021000 08:17 1757863                    /usr/lib/jvm/zulu-fx-26-amd64/lib/libjava.so
788ca6ea9000-788ca6eaa000 rw-p 00000000 00:00 0 
788ca6eaa000-788ca6ec5000 r-xp 00000000 08:17 1757870                    /usr/lib/jvm/zulu-fx-26-amd64/lib/libjimage.so
788ca6ec5000-788ca6ec7000 r--p 0001a000 08:17 1757870                    /usr/lib/jvm/zulu-fx-26-amd64/lib/libjimage.so
788ca6ec7000-788ca6ec8000 rw-p 0001c000 08:17 1757870                    /usr/lib/jvm/zulu-fx-26-amd64/lib/libjimage.so
788ca6ec8000-788ca6ed8000 r--p 00000000 08:17 1051371                    /usr/lib/x86_64-linux-gnu/libm.so.6
788ca6ed8000-788ca6f57000 r-xp 00010000 08:17 1051371                    /usr/lib/x86_64-linux-gnu/libm.so.6
788ca6f57000-788ca6faf000 r--p 0008f000 08:17 1051371                    /usr/lib/x86_64-linux-gnu/libm.so.6
788ca6faf000-788ca6fb0000 r--p 000e7000 08:17 1051371                    /usr/lib/x86_64-linux-gnu/libm.so.6
788ca6fb0000-788ca6fb1000 rw-p 000e8000 08:17 1051371                    /usr/lib/x86_64-linux-gnu/libm.so.6
788ca6fb1000-788ca6fb2000 r--p 00000000 08:17 1051382                    /usr/lib/x86_64-linux-gnu/librt.so.1
788ca6fb2000-788ca6fb3000 r-xp 00001000 08:17 1051382                    /usr/lib/x86_64-linux-gnu/librt.so.1
788ca6fb3000-788ca6fb4000 r--p 00002000 08:17 1051382                    /usr/lib/x86_64-linux-gnu/librt.so.1
788ca6fb4000-788ca6fb5000 r--p 00002000 08:17 1051382                    /usr/lib/x86_64-linux-gnu/librt.so.1
788ca6fb5000-788ca6fb6000 rw-p 00003000 08:17 1051382                    /usr/lib/x86_64-linux-gnu/librt.so.1
788ca6fb6000-788ca6fba000 rw-p 00000000 00:00 0 
788ca6fba000-788ca6fbb000 r--p 00000000 08:17 1051380                    /usr/lib/x86_64-linux-gnu/libpthread.so.0
788ca6fbb000-788ca6fbc000 r-xp 00001000 08:17 1051380                    /usr/lib/x86_64-linux-gnu/libpthread.so.0
788ca6fbc000-788ca6fbd000 r--p 00002000 08:17 1051380                    /usr/lib/x86_64-linux-gnu/libpthread.so.0
788ca6fbd000-788ca6fbe000 r--p 00002000 08:17 1051380                    /usr/lib/x86_64-linux-gnu/libpthread.so.0
788ca6fbe000-788ca6fbf000 rw-p 00003000 08:17 1051380                    /usr/lib/x86_64-linux-gnu/libpthread.so.0
788ca6fbf000-788ca6fc0000 r--p 00000000 08:17 1051370                    /usr/lib/x86_64-linux-gnu/libdl.so.2
788ca6fc0000-788ca6fc1000 r-xp 00001000 08:17 1051370                    /usr/lib/x86_64-linux-gnu/libdl.so.2
788ca6fc1000-788ca6fc2000 r--p 00002000 08:17 1051370                    /usr/lib/x86_64-linux-gnu/libdl.so.2
788ca6fc2000-788ca6fc3000 r--p 00002000 08:17 1051370                    /usr/lib/x86_64-linux-gnu/libdl.so.2
788ca6fc3000-788ca6fc4000 rw-p 00003000 08:17 1051370                    /usr/lib/x86_64-linux-gnu/libdl.so.2
788ca6fc4000-788ca6fc6000 r--p 00000000 08:17 1083625                    /usr/lib/x86_64-linux-gnu/libz.so.1.3
788ca6fc6000-788ca6fd8000 r-xp 00002000 08:17 1083625                    /usr/lib/x86_64-linux-gnu/libz.so.1.3
788ca6fd8000-788ca6fde000 r--p 00014000 08:17 1083625                    /usr/lib/x86_64-linux-gnu/libz.so.1.3
788ca6fde000-788ca6fdf000 r--p 0001a000 08:17 1083625                    /usr/lib/x86_64-linux-gnu/libz.so.1.3
788ca6fdf000-788ca6fe0000 rw-p 0001b000 08:17 1083625                    /usr/lib/x86_64-linux-gnu/libz.so.1.3
788ca6fe2000-788ca6fe3000 r--s 00000000 08:17 533585                     /var/cache/fontconfig/da43223dd54fb3bb4243ae19d4b583b2-le64.cache-9
788ca6fe3000-788ca6fe4000 r--s 00000000 08:17 533580                     /var/cache/fontconfig/3f7329c5293ffd510edef78f73874cfd-le64.cache-9
788ca6fe4000-788ca6fe6000 r-xp 00000000 08:17 1757835                    /usr/lib/jvm/zulu-fx-26-amd64/lib/libextnet.so
788ca6fe6000-788ca6fe7000 r--p 00001000 08:17 1757835                    /usr/lib/jvm/zulu-fx-26-amd64/lib/libextnet.so
788ca6fe7000-788ca6fe8000 rw-p 00002000 08:17 1757835                    /usr/lib/jvm/zulu-fx-26-amd64/lib/libextnet.so
788ca6fe8000-788ca6ff0000 rw-s 00000000 08:17 131126                     /tmp/hsperfdata_rok/27564
788ca6ff0000-788ca6ff1000 ---p 00000000 00:00 0 
788ca6ff1000-788ca6ff2000 r--p 00000000 00:00 0 
788ca6ff2000-788ca6ff3000 ---p 00000000 00:00 0 
788ca6ff3000-788ca7001000 r-xp 00000000 08:17 1757816                    /usr/lib/jvm/zulu-fx-26-amd64/lib/libjli.so
788ca7001000-788ca7002000 ---p 0000e000 08:17 1757816                    /usr/lib/jvm/zulu-fx-26-amd64/lib/libjli.so
788ca7002000-788ca7003000 r--p 0000e000 08:17 1757816                    /usr/lib/jvm/zulu-fx-26-amd64/lib/libjli.so
788ca7003000-788ca7004000 rw-p 0000f000 08:17 1757816                    /usr/lib/jvm/zulu-fx-26-amd64/lib/libjli.so
788ca7004000-788ca7006000 rw-p 00000000 00:00 0 
788ca7006000-788ca700a000 r--p 00000000 00:00 0                          [vvar]
788ca700a000-788ca700c000 r--p 00000000 00:00 0                          [vvar_vclock]
788ca700c000-788ca700e000 r-xp 00000000 00:00 0                          [vdso]
788ca700e000-788ca700f000 r--p 00000000 08:17 1051365                    /usr/lib/x86_64-linux-gnu/ld-linux-x86-64.so.2
788ca700f000-788ca703a000 r-xp 00001000 08:17 1051365                    /usr/lib/x86_64-linux-gnu/ld-linux-x86-64.so.2
788ca703a000-788ca7044000 r--p 0002c000 08:17 1051365                    /usr/lib/x86_64-linux-gnu/ld-linux-x86-64.so.2
788ca7044000-788ca7046000 r--p 00036000 08:17 1051365                    /usr/lib/x86_64-linux-gnu/ld-linux-x86-64.so.2
788ca7046000-788ca7048000 rw-p 00038000 08:17 1051365                    /usr/lib/x86_64-linux-gnu/ld-linux-x86-64.so.2
7ffc20794000-7ffc207b6000 rw-p 00000000 00:00 0                          [stack]
ffffffffff600000-ffffffffff601000 --xp 00000000 00:00 0                  [vsyscall]
Total number of mappings: 977

JVMTI agents: none


VM Arguments:
jvm_args: -Djdk.home=/usr/lib/jvm/zulu-fx-26-amd64 -Dnetbeans.dirs=/home/rok/NetBeansProjects/OpenPKM/build/cluster:/usr/lib/apache-netbeans/ide:/usr/lib/apache-netbeans/platform -Dnetbeans.home=/usr/lib/apache-netbeans/platform -Dnetbeans.logger.console=true -ea -DTopSecurityManager.disable=true -Djava.lang.Runtime.level=FINE -Dapple.laf.useScreenMenuBar=true -Dapple.awt.application.appearance=system -Dsun.java2d.noddraw=true -Dsun.java2d.dpiaware=true -Dplugin.manager.check.updates=false -Dnetbeans.extbrowser.manual_chrome_plugin_install=yes --enable-native-access=ALL-UNNAMED --add-opens=java.base/java.net=ALL-UNNAMED --add-opens=java.base/java.lang.ref=ALL-UNNAMED --add-opens=java.base/java.lang=ALL-UNNAMED --add-opens=java.base/java.security=ALL-UNNAMED --add-opens=java.base/java.util=ALL-UNNAMED --add-opens=java.base/java.nio=ALL-UNNAMED --add-exports=java.base/sun.reflect.annotation=ALL-UNNAMED --add-opens=java.prefs/java.util.prefs=ALL-UNNAMED --add-opens=java.desktop/javax.swing.plaf.basic=ALL-UNNAMED --add-opens=java.desktop/javax.swing.text=ALL-UNNAMED --add-opens=java.desktop/javax.swing=ALL-UNNAMED --add-opens=java.desktop/java.awt=ALL-UNNAMED --add-opens=java.desktop/java.awt.event=ALL-UNNAMED --add-opens=java.desktop/sun.awt.X11=ALL-UNNAMED --add-opens=java.desktop/javax.swing.plaf.synth=ALL-UNNAMED --add-opens=java.desktop/com.sun.java.swing.plaf.gtk=ALL-UNNAMED --add-opens=java.desktop/com.sun.java.swing.plaf.windows=ALL-UNNAMED --add-opens=java.desktop/com.apple.laf=ALL-UNNAMED --add-opens=java.desktop/sun.awt.shell=ALL-UNNAMED --add-opens=java.desktop/sun.awt.im=ALL-UNNAMED --add-exports=java.desktop/sun.awt=ALL-UNNAMED --add-exports=java.desktop/java.awt.peer=ALL-UNNAMED --add-exports=java.desktop/com.sun.beans.editors=ALL-UNNAMED --add-exports=java.desktop/sun.swing=ALL-UNNAMED --add-exports=java.desktop/sun.awt.im=ALL-UNNAMED --add-exports=java.desktop/com.sun.java.swing.plaf.motif=ALL-UNNAMED --add-exports=java.desktop/com.apple.eio=ALL-UNNAMED --add-opens=jdk.compiler/com.sun.tools.javac.api=ALL-UNNAMED --add-opens=jdk.compiler/com.sun.tools.javac.code=ALL-UNNAMED --add-opens=jdk.compiler/com.sun.tools.javac.comp=ALL-UNNAMED --add-opens=jdk.compiler/com.sun.tools.javac.file=ALL-UNNAMED --add-opens=jdk.compiler/com.sun.tools.javac.jvm=ALL-UNNAMED --add-opens=jdk.compiler/com.sun.tools.javac.main=ALL-UNNAMED --add-opens=jdk.compiler/com.sun.tools.javac.model=ALL-UNNAMED --add-opens=jdk.compiler/com.sun.tools.javac.parser=ALL-UNNAMED --add-opens=jdk.compiler/com.sun.tools.javac.processing=ALL-UNNAMED --add-opens=jdk.compiler/com.sun.tools.javac.tree=ALL-UNNAMED --add-opens=jdk.compiler/com.sun.tools.javac.util=ALL-UNNAMED --add-exports=jdk.compiler/com.sun.tools.javac.api=ALL-UNNAMED --add-exports=jdk.compiler/com.sun.tools.javac.code=ALL-UNNAMED --add-exports=jdk.compiler/com.sun.tools.javac.comp=ALL-UNNAMED --add-exports=jdk.compiler/com.sun.tools.javac.file=ALL-UNNAMED --add-exports=jdk.compiler/com.sun.tools.javac.jvm=ALL-UNNAMED --add-exports=jdk.compiler/com.sun.tools.javac.main=ALL-UNNAMED --add-exports=jdk.compiler/com.sun.tools.javac.model=ALL-UNNAMED --add-exports=jdk.compiler/com.sun.tools.javac.parser=ALL-UNNAMED --add-exports=jdk.compiler/com.sun.tools.javac.processing=ALL-UNNAMED --add-exports=jdk.compiler/com.sun.tools.javac.tree=ALL-UNNAMED --add-exports=jdk.compiler/com.sun.tools.javac.util=ALL-UNNAMED --add-modules=jdk.jshell --add-opens=jdk.jshell/jdk.jshell=ALL-UNNAMED --add-exports=jdk.jshell/jdk.internal.jshell.debug=ALL-UNNAMED --add-exports=jdk.jdeps/com.sun.tools.classfile=ALL-UNNAMED --add-exports=jdk.jdeps/com.sun.tools.javap=ALL-UNNAMED --add-exports=jdk.internal.jvmstat/sun.jvmstat.monitor=ALL-UNNAMED --add-exports=jdk.internal.opt/jdk.internal.opt=ALL-UNNAMED --add-exports=java.management/sun.management=ALL-UNNAMED -XX:+HeapDumpOnOutOfMemoryError -XX:HeapDumpPath=/home/rok/NetBeansProjects/OpenPKM/build/testuserdir/var/log/heapdump.hprof 
java_command: org.netbeans.Main --cachedir /home/rok/NetBeansProjects/OpenPKM/build/testuserdir/var/cache --userdir /home/rok/NetBeansProjects/OpenPKM/build/testuserdir --branding openpkm
java_class_path (initial): /usr/lib/apache-netbeans/platform/lib/boot.jar:/usr/lib/apache-netbeans/platform/lib/org-openide-modules.jar:/usr/lib/apache-netbeans/platform/lib/org-openide-util-lookup.jar:/usr/lib/apache-netbeans/platform/lib/org-openide-util-ui.jar:/usr/lib/apache-netbeans/platform/lib/org-openide-util.jar
Launcher Type: SUN_STANDARD

[Global flags]
     bool AOTAdapterCaching                        = false                                  {diagnostic} {ergonomic}
     bool AOTInvokeDynamicLinking                  = false                                  {diagnostic} {ergonomic}
     bool AOTRecordTraining                        = false                                  {diagnostic} {ergonomic}
     bool AOTReplayTraining                        = false                                  {diagnostic} {ergonomic}
     bool AOTStubCaching                           = false                                  {diagnostic} {ergonomic}
     intx CICompilerCount                          = 3                                         {product} {ergonomic}
     uint ConcGCThreads                            = 1                                         {product} {ergonomic}
     uint G1ConcRefinementThreads                  = 4                                         {product} {ergonomic}
     uint G1EagerReclaimRemSetThreshold            = 16                                   {experimental} {ergonomic}
   size_t G1HeapRegionSize                         = 2097152                                   {product} {ergonomic}
     uint G1RemSetArrayOfCardsEntries              = 16                                   {experimental} {ergonomic}
     uint G1RemSetHowlMaxNumBuckets                = 8                                    {experimental} {ergonomic}
     uint G1RemSetHowlNumBuckets                   = 8                                    {experimental} {ergonomic}
     bool HeapDumpOnOutOfMemoryError               = true                                   {manageable} {command line}
    ccstr HeapDumpPath                             = /home/rok/NetBeansProjects/OpenPKM/build/testuserdir/var/log/heapdump.hprof         {manageable} {command line}
   size_t InitialHeapSize                          = 8388608                                   {product} {ergonomic}
     bool IntelJccErratumMitigation                = true                              {ARCH diagnostic} {ergonomic}
   size_t MarkStackSize                            = 4194304                                   {product} {ergonomic}
   size_t MarkStackSizeMax                         = 536870912                                 {product} {ergonomic}
   size_t MaxHeapSize                              = 4164943872                                {product} {ergonomic}
   size_t MaxNewSize                               = 2497708032                                {product} {ergonomic}
 uint64_t MaxRAM                                   = 16653156352                               {product} {ergonomic}
   size_t MinHeapDeltaBytes                        = 2097152                                   {product} {ergonomic}
   size_t MinHeapSize                              = 8388608                                   {product} {ergonomic}
   size_t NonNMethodCodeHeapSize                   = 5836800                                {pd product} {ergonomic}
   size_t NonProfiledCodeHeapSize                  = 122912768                              {pd product} {ergonomic}
   size_t ProfiledCodeHeapSize                     = 122912768                              {pd product} {ergonomic}
   size_t ReservedCodeCacheSize                    = 251662336                              {pd product} {ergonomic}
     bool SegmentedCodeCache                       = true                                      {product} {ergonomic}
   size_t SoftMaxHeapSize                          = 4164943872                             {manageable} {ergonomic}
     bool THPStackMitigation                       = false                                  {diagnostic} {ergonomic}
     bool UseCompressedOops                        = true                           {product lp64_product} {ergonomic}
     bool UseCondCardMark                          = true                                      {product} {ergonomic}
     bool UseFastUnorderedTimeStamps               = true                                 {experimental} {ergonomic}
     bool UseG1GC                                  = true                                      {product} {ergonomic}
      int X86ICacheSync                            = 2                                 {ARCH diagnostic} {ergonomic}

Logging:
Log output configuration:
 #0: stdout all=warning uptime,level,tags foldmultilines=false
 #1: stderr all=off uptime,level,tags foldmultilines=false

Release file:
IMPLEMENTOR="Azul Systems, Inc."
IMPLEMENTOR_VERSION="Zulu26.30+11-CA"
JAVA_RUNTIME_VERSION="26.0.1+8"
JAVA_VERSION="26.0.1"
JAVA_VERSION_DATE="2026-04-21"
LIBC="gnu"
MODULES="java.base java.compiler java.datatransfer java.xml java.prefs java.desktop java.instrument java.logging java.management java.security.sasl java.naming java.rmi java.management.rmi java.net.http java.scripting java.security.jgss java.transaction.xa java.sql java.sql.rowset java.xml.crypto java.se java.smartcardio jdk.jfr javafx.base javafx.graphics javafx.controls javafx.fxml javafx.media jdk.unsupported.desktop javafx.swing jdk.jsobject jdk.xml.dom javafx.web jdk.accessibility jdk.internal.jvmstat jdk.attach jdk.charsets jdk.internal.opt jdk.zipfs jdk.compiler jdk.crypto.cryptoki jdk.crypto.ec jdk.dynalink jdk.internal.ed jdk.editpad jdk.internal.vm.ci jdk.graal.compiler jdk.graal.compiler.management jdk.hotspot.agent jdk.httpserver jdk.incubator.vector jdk.internal.le jdk.internal.md jdk.jartool jdk.javadoc jdk.jcmd jdk.management jdk.management.agent jdk.jconsole jdk.jdeps jdk.jdwp.agent jdk.jdi jdk.jlink jdk.jpackage jdk.jshell jdk.jstatd jdk.localedata jdk.management.jfr jdk.naming.dns jdk.naming.rmi jdk.net jdk.nio.mapmode jdk.sctp jdk.security.auth jdk.security.jgss jdk.unsupported jfx.incubator.input jfx.incubator.richtext"
OS_ARCH="x86_64"
OS_NAME="Linux"
SOURCE=".:git:2b8d345f1af0"

Environment Variables:
JAVA_HOME=/usr/lib/apache-netbeans/jdk/
PATH=/home/rok/bin:/usr/local/sbin:/usr/local/bin:/usr/sbin:/usr/bin:/sbin:/bin:/usr/games:/usr/local/games:/snap/bin:/usr/lib/apache-netbeans/bin
SHELL=/bin/bash
DISPLAY=:0.0
LANG=sl_SI.UTF-8

Active Locale:
LC_ALL=LC_CTYPE=sl_SI.UTF-8;LC_NUMERIC=C;LC_TIME=sl_SI.UTF-8;LC_COLLATE=sl_SI.UTF-8;LC_MONETARY=sl_SI.UTF-8;LC_MESSAGES=sl_SI.UTF-8;LC_PAPER=sl_SI.UTF-8;LC_NAME=sl_SI.UTF-8;LC_ADDRESS=sl_SI.UTF-8;LC_TELEPHONE=sl_SI.UTF-8;LC_MEASUREMENT=sl_SI.UTF-8;LC_IDENTIFICATION=sl_SI.UTF-8
LC_COLLATE=sl_SI.UTF-8
LC_CTYPE=sl_SI.UTF-8
LC_MESSAGES=sl_SI.UTF-8
LC_MONETARY=sl_SI.UTF-8
LC_NUMERIC=C
LC_TIME=sl_SI.UTF-8

Signal Handlers:
   SIGSEGV: crash_handler in libjvm.so, mask=11100100010111111101111111111110, flags=SA_RESTART|SA_SIGINFO, unblocked
    SIGBUS: crash_handler in libjvm.so, mask=11100100010111111101111111111110, flags=SA_RESTART|SA_SIGINFO, unblocked
    SIGFPE: crash_handler in libjvm.so, mask=11100100010111111101111111111110, flags=SA_RESTART|SA_SIGINFO, unblocked
   SIGPIPE: SIG_IGN, mask=00000000000010000000000000000000, flags=SA_RESTART, blocked
  *** Handler was modified!
  *** Expected: javaSignalHandler in libjvm.so, mask=11100100110111111111111111111110, flags=SA_RESTART|SA_SIGINFO
   SIGXFSZ: javaSignalHandler in libjvm.so, mask=11100100010111111101111111111110, flags=SA_RESTART|SA_SIGINFO, blocked
    SIGILL: crash_handler in libjvm.so, mask=11100100010111111101111111111110, flags=SA_RESTART|SA_SIGINFO, unblocked
   SIGUSR2: SR_handler in libjvm.so, mask=00000000000000000000000000000000, flags=SA_RESTART|SA_SIGINFO, blocked
    SIGHUP: 0x0000788bfb58db50 in libcef.so+165206864, mask=00000000000000000000000000000000, flags=none, blocked
    SIGINT: 0x0000788bfb58db30 in libcef.so+165206832, mask=00000000000000000000000000000000, flags=none, blocked
   SIGTERM: 0x0000788bfb58db10 in libcef.so+165206800, mask=00000000000000000000000000000000, flags=none, blocked
   SIGQUIT: UserHandler in libjvm.so, mask=11100100010111111101111111111110, flags=SA_RESTART|SA_SIGINFO, blocked
   SIGTRAP: crash_handler in libjvm.so, mask=11100100010111111101111111111110, flags=SA_RESTART|SA_SIGINFO, unblocked


Compilation memory statistics disabled.

Periodic native trim disabled

---------------  S Y S T E M  ---------------

OS:
DISTRIB_ID=LinuxMint
DISTRIB_RELEASE=22.3
DISTRIB_CODENAME=zena
DISTRIB_DESCRIPTION="Linux Mint 22.3 Zena"
uname: Linux 6.17.0-35-generic #35~24.04.1-Ubuntu SMP PREEMPT_DYNAMIC Tue May 26 19:30:42 UTC 2 x86_64
OS uptime: 0 days 5:36 hours
libc: glibc 2.39 NPTL 2.39 
rlimit (soft/hard): STACK 8192k/infinity , CORE 0k/infinity , NPROC 62808/62808 , NOFILE 1048576/1048576 , AS infinity/infinity , CPU infinity/infinity , DATA infinity/infinity , FSIZE infinity/infinity , MEMLOCK 2032856k/2032856k
load average: 1.12 1.34 1.18

/proc/meminfo:
MemTotal:       16262848 kB
MemFree:         6048524 kB
MemAvailable:   10437172 kB
Buffers:          183728 kB
Cached:          4622940 kB
SwapCached:            0 kB
Active:          6603516 kB
Inactive:        2852164 kB
Active(anon):    4916224 kB
Inactive(anon):        0 kB
Active(file):    1687292 kB
Inactive(file):  2852164 kB
Unevictable:      234700 kB
Mlocked:             160 kB
SwapTotal:       2097148 kB
SwapFree:        2097148 kB
Zswap:                 0 kB
Zswapped:              0 kB
Dirty:              1100 kB
Writeback:             0 kB
AnonPages:       4883736 kB
Mapped:           857232 kB
Shmem:            267400 kB
KReclaimable:     186984 kB
Slab:             319716 kB
SReclaimable:     186984 kB
SUnreclaim:       132732 kB
KernelStack:       13728 kB
PageTables:        40924 kB
SecPageTables:         0 kB
NFS_Unstable:          0 kB
Bounce:                0 kB
WritebackTmp:          0 kB
CommitLimit:    10228572 kB
Committed_AS:   14194284 kB
VmallocTotal:   34359738367 kB
VmallocUsed:       47864 kB
VmallocChunk:          0 kB
Percpu:             2832 kB
HardwareCorrupted:     0 kB
AnonHugePages:         0 kB
ShmemHugePages:        0 kB
ShmemPmdMapped:        0 kB
FileHugePages:    122880 kB
FilePmdMapped:         0 kB
CmaTotal:              0 kB
CmaFree:               0 kB
Unaccepted:            0 kB
Balloon:               0 kB
HugePages_Total:       0
HugePages_Free:        0
HugePages_Rsvd:        0
HugePages_Surp:        0
Hugepagesize:       2048 kB
Hugetlb:               0 kB
DirectMap4k:      185960 kB
DirectMap2M:     4945920 kB
DirectMap1G:    12582912 kB

/sys/kernel/mm/transparent_hugepage/enabled: always [madvise] never
/sys/kernel/mm/transparent_hugepage/hpage_pmd_size: 2097152
/sys/kernel/mm/transparent_hugepage/shmem_enabled: always within_size advise [never] deny force
/sys/kernel/mm/transparent_hugepage/defrag (defrag/compaction efforts parameter): always defer defer+madvise [madvise] never

Process Memory:
Virtual Size: 8521532K (peak: 8623312K)
Resident Set Size: 1321104K (peak: 1321428K) (anon: 1148052K, file: 171896K, shmem: 1156K)
Swapped out: 0K
C-Heap outstanding allocations: 192403K, retained: 278740K
glibc malloc tunables: (default)

/proc/sys/kernel/threads-max (system-wide limit on the number of threads): 125616
/proc/sys/vm/max_map_count (maximum number of memory map areas a process may have): 1048576
/proc/sys/vm/swappiness (control to define how aggressively the kernel swaps out anonymous memory): 60
/proc/sys/kernel/pid_max (system-wide limit on number of process identifiers): 4194304

container information not found.
Steal ticks since vm start: 0
Steal ticks percentage since vm start:  0.000

CPU: total 4 (initial active 4) (2 cores per cpu, 2 threads per core) family 6 model 142 stepping 9 microcode 0xf6, cx8, cmov, fxsr, ht, mmx, 3dnowpref, sse, sse2, sse3, ssse3, sse4.1, sse4.2, popcnt, lzcnt, tsc, tscinvbit, avx, avx2, aes, erms, clmul, bmi1, bmi2, adx, fma, vzeroupper, clflush, clflushopt, rdtscp, f16c
CPU Model and flags from /proc/cpuinfo:
model name	: Intel(R) Core(TM) i7-7500U CPU @ 2.70GHz
flags		: fpu vme de pse tsc msr pae mce cx8 apic sep mtrr pge mca cmov pat pse36 clflush dts acpi mmx fxsr sse sse2 ss ht tm pbe syscall nx pdpe1gb rdtscp lm constant_tsc art arch_perfmon pebs bts rep_good nopl xtopology nonstop_tsc cpuid aperfmperf pni pclmulqdq dtes64 monitor ds_cpl est tm2 ssse3 sdbg fma cx16 xtpr pdcm pcid sse4_1 sse4_2 x2apic movbe popcnt tsc_deadline_timer aes xsave avx f16c rdrand lahf_lm abm 3dnowprefetch cpuid_fault epb pti ssbd ibrs ibpb stibp fsgsbase tsc_adjust bmi1 avx2 smep bmi2 erms invpcid mpx rdseed adx smap clflushopt intel_pt xsaveopt xsavec xgetbv1 xsaves dtherm ida arat pln pts hwp hwp_notify hwp_act_window hwp_epp md_clear flush_l1d arch_capabilities

Online cpus: 0-3
Offline cpus: 
BIOS frequency limitation: <Not Available>
Frequency switch latency (ns): 0
Available cpu frequencies: <Not Available>
Current governor: powersave
Core performance/turbo boost: <Not Available>

Memory: 4k page, physical 16262848k(10437172k free), swap 2097148k(2097148k free)
Page Sizes: 4k

vm_info: OpenJDK 64-Bit Server VM (26.0.1+8) for linux-amd64 JRE (26.0.1+8) (Zulu26.30+11-CA), built on 2026-04-08T16:25:06Z with gcc 11.2.0

END.
